Status,ACCURACY,RUNTIME,recent_samples_size,n_samples,n_permutations,update_interval,n_consecutive_deviations
COMPLETED,0.92,3911.0,476,4215,181,140,5
COMPLETED,0.92,2805.0,2721,3250,443,216,10
COMPLETED,0.9,4597.0,2227,211,731,22,2
COMPLETED,0.91,2745.0,3353,853,15,235,8
COMPLETED,0.9,4129.0,1109,1759,374,159,4
COMPLETED,0.92,3472.0,816,3598,558,224,8
COMPLETED,0.89,6243.0,3646,3938,822,180,2
COMPLETED,0.91,3764.0,1327,1977,102,125,10
COMPLETED,0.9,5159.0,3014,1336,626,153,1
COMPLETED,0.91,1035.0,183,1054,988,197,6
COMPLETED,0.9,2590.0,48,2851,291,97,3
COMPLETED,0.9,5260.0,4907,1199,509,165,9
COMPLETED,0.9,6704.0,2840,4382,91,52,7
COMPLETED,0.8499999999999999,888.0,2034,1504,865,245,5
COMPLETED,0.9,5288.0,1422,3774,686,210,4
COMPLETED,0.9,3875.0,676,551,221,77,2
COMPLETED,0.9,5663.0,1008,4962,912,12,10
COMPLETED,0.89,5576.0,3962,1615,137,191,2
COMPLETED,0.89,6799.0,3135,2806,710,88,4
COMPLETED,0.89,4737.0,1754,685,495,143,8
COMPLETED,0.93,2835.0,2366,3415,48,186,7
COMPLETED,0.9,1824.0,2509,47,781,115,3
COMPLETED,0.89,5895.0,4575,4364,317,234,1
COMPLETED,0.92,2563.0,380,2262,606,39,9
COMPLETED,0.91,4511.0,461,3159,832,75,4
COMPLETED,0.9,5751.0,2590,4065,534,26,8
COMPLETED,0.92,2093.0,2457,2437,266,204,1
COMPLETED,0.9,5426.0,1820,4717,196,247,3
COMPLETED,0.89,5147.0,3211,1833,977,53,10
COMPLETED,0.89,4997.0,4028,2517,427,172,7
COMPLETED,0.9,4646.0,4360,1933,736,229,3
COMPLETED,0.91,2474.0,1488,377,879,184,9
COMPLETED,0.9,1980.0,2125,3096,573,149,10
COMPLETED,0.89,5345.0,2921,981,350,93,2
COMPLETED,0.9,5556.0,4998,4672,806,194,5
COMPLETED,0.91,1775.0,129,1319,23,14,7
COMPLETED,0.92,2879.0,268,4522,702,162,2
COMPLETED,0.89,6373.0,4785,1469,473,108,8
COMPLETED,0.92,1531.0,534,1209,1000,246,6
COMPLETED,0.91,3120.0,1302,811,1000,240,4
COMPLETED,0.92,2286.0,442,2946,190,171,10
COMPLETED,0.92,2396.0,495,1933,717,250,4
COMPLETED,0.91,2364.0,799,1353,1000,248,9
COMPLETED,0.92,1600.0,385,1299,1000,242,2
COMPLETED,0.92,3104.0,589,2363,115,249,4
COMPLETED,0.9,1020.0,190,1088,604,250,6
COMPLETED,0.92,2283.0,1250,889,1000,250,7
COMPLETED,0.92,950.0,366,58,1000,182,2
COMPLETED,0.91,2669.0,659,2095,368,250,1
COMPLETED,0.92,2100.0,422,2135,1000,222,9
COMPLETED,0.6199999999999999,343.0,1,511,1000,250,7
COMPLETED,0.92,1759.0,313,2075,496,249,8
COMPLETED,0.66,991.0,1,1734,840,250,1
COMPLETED,0.91,1943.0,136,1711,1000,242,5
COMPLETED,0.93,1515.0,479,580,1000,192,2
COMPLETED,0.91,1261.0,2768,1,1000,194,2
COMPLETED,0.92,2533.0,414,2744,2,203,2
COMPLETED,0.92,2605.0,517,2756,735,188,10
COMPLETED,0.83,488.0,18,768,385,250,4
COMPLETED,0.91,2427.0,3119,335,1000,245,3
COMPLETED,0.92,1521.0,2729,896,1000,250,7
COMPLETED,0.92,2393.0,674,2224,1000,250,2
COMPLETED,0.91,2407.0,1331,1247,1000,250,10
COMPLETED,0.92,1387.0,190,1869,2,250,1
COMPLETED,0.92,1408.0,426,1507,223,250,8
COMPLETED,0.92,2530.0,2536,2677,2,250,1
COMPLETED,0.92,1772.0,2651,1564,1000,250,10
COMPLETED,0.92,1701.0,734,867,610,250,3
COMPLETED,0.9,3010.0,1357,167,718,226,1
COMPLETED,0.91,612.0,170,526,1000,250,4
COMPLETED,0.64,693.0,1,1236,874,250,4
COMPLETED,0.89,2854.0,1357,1,1000,177,1
COMPLETED,0.64,984.0,1,1775,1000,242,8
COMPLETED,0.91,791.0,1059,1,1000,248,4
COMPLETED,0.91,2926.0,1076,833,1000,241,1
COMPLETED,0.91,1093.0,1315,1,547,225,4
COMPLETED,0.92,927.0,504,263,121,241,2
COMPLETED,0.92,1644.0,718,963,1000,250,10
COMPLETED,0.92,2384.0,429,2379,822,224,5
COMPLETED,0.91,771.0,2363,119,273,250,1
COMPLETED,0.92,830.0,2365,338,1000,250,2
COMPLETED,0.52,74.0,1,1,2,197,1
COMPLETED,0.92,764.0,2430,1,2,250,1
COMPLETED,0.91,646.0,930,1,432,238,7
COMPLETED,0.92,578.0,2327,1,1000,250,1
COMPLETED,0.89,322.0,2326,1,470,250,5
COMPLETED,0.52,93.0,1,1,2,250,1
COMPLETED,0.91,1252.0,2675,1,2,250,1
COMPLETED,0.9,497.0,2270,17,2,250,1
COMPLETED,0.79,140.0,170,1,1000,104,10
COMPLETED,0.92,1097.0,2362,1020,1000,250,4
COMPLETED,0.88,265.0,428,1,824,241,10
COMPLETED,0.92,683.0,1623,1,1000,250,10
COMPLETED,0.93,1129.0,2326,832,1000,250,1
COMPLETED,0.92,539.0,903,1,554,176,10
COMPLETED,0.92,770.0,2429,158,1000,250,1
COMPLETED,0.92,1745.0,2220,2184,1000,250,9
COMPLETED,0.9,320.0,485,1,1000,155,10
COMPLETED,0.89,349.0,2166,1,2,250,1
COMPLETED,0.67,3000.0,1,5000,2,250,1
COMPLETED,0.91,1353.0,2234,1550,109,250,9
COMPLETED,0.89,286.0,2286,1,1000,250,4
COMPLETED,0.92,1203.0,2320,661,2,250,1
COMPLETED,0.82,173.0,227,1,1000,250,10
COMPLETED,0.91,708.0,3439,1,1000,250,10
COMPLETED,0.92,926.0,2367,484,745,250,4
COMPLETED,0.53,81.0,1,1,2,132,1
COMPLETED,0.8,164.0,208,1,124,167,10
COMPLETED,0.55,61.0,1,1,287,158,10
COMPLETED,0.92,1020.0,189,1025,193,136,10
COMPLETED,0.91,569.0,1184,1,1000,226,10
COMPLETED,0.91,673.0,1164,1,674,202,10
COMPLETED,0.92,534.0,2995,1,1000,250,10
COMPLETED,0.92,1440.0,174,1718,223,141,10
COMPLETED,0.5,63.0,1,1,369,73,10
COMPLETED,0.82,166.0,237,1,178,50,10
COMPLETED,0.92,630.0,182,433,204,150,10
COMPLETED,0.67,79.0,2038,1,1000,250,10
COMPLETED,0.91,378.0,2548,1,1000,189,10
COMPLETED,0.82,647.0,22,928,320,130,10
COMPLETED,0.92,566.0,1253,1,733,250,10
COMPLETED,0.7099999999999999,102.0,2044,1,1000,250,6
COMPLETED,0.76,114.0,125,1,268,198,10
COMPLETED,0.8699999999999999,3016.0,36,5000,360,120,10
COMPLETED,0.8699999999999999,245.0,2396,1,1000,188,10
COMPLETED,0.91,836.0,125,758,2,232,1
COMPLETED,0.91,1092.0,3863,1,1000,250,10
COMPLETED,0.92,442.0,726,1,1000,205,10
COMPLETED,0.89,292.0,2319,1,1000,210,5
COMPLETED,0.91,985.0,4104,1,1000,250,10
COMPLETED,0.8499999999999999,172.0,2301,1,1000,250,10
COMPLETED,0.91,819.0,3657,1,1000,250,10
COMPLETED,0.91,5622.0,2939,5000,1000,250,1
COMPLETED,0.92,454.0,3250,1,1000,250,10
COMPLETED,0.92,345.0,2704,1,1000,181,10
COMPLETED,0.92,1217.0,2561,937,1000,190,10
COMPLETED,0.91,4044.0,3149,5000,1000,250,10
COMPLETED,0.92,1112.0,110,1,1000,13,1
COMPLETED,0.9,1755.0,3956,1,1000,71,10
COMPLETED,0.65,2306.0,1,3634,879,250,10
COMPLETED,0.89,559.0,203,73,1000,250,1
COMPLETED,0.7399999999999999,104.0,46,1,1000,158,6
COMPLETED,0.92,640.0,3133,1,277,182,10
COMPLETED,0.91,327.0,590,1,477,250,8
COMPLETED,0.89,3865.0,5000,1,175,250,1
COMPLETED,0.89,5446.0,1983,2006,2,250,1
COMPLETED,0.91,1163.0,5000,1,169,250,10
COMPLETED,0.83,199.0,187,1,527,250,6
COMPLETED,0.89,4475.0,4502,1,261,250,1
COMPLETED,0.89,2831.0,179,3549,281,250,10
COMPLETED,0.66,2060.0,1,3550,1000,250,1
COMPLETED,0.64,2199.0,1,3904,1000,250,10
COMPLETED,0.92,582.0,206,327,658,250,1
COMPLETED,0.92,423.0,2818,1,381,217,10
COMPLETED,0.88,5395.0,5000,1,1000,134,1
COMPLETED,0.88,5306.0,4328,1,1000,157,1
COMPLETED,0.51,63.0,1,1,1000,111,6
COMPLETED,0.9,949.0,5000,1,785,159,10
COMPLETED,0.9,2125.0,157,3430,1000,250,10
COMPLETED,0.8,99.0,83,1,1000,211,5
COMPLETED,0.91,881.0,3364,1,192,163,10
COMPLETED,0.9,1401.0,5000,1,1000,250,6
COMPLETED,0.8399999999999999,166.0,161,1,1000,184,5
COMPLETED,0.63,2494.0,1,3290,787,250,10
COMPLETED,0.92,1339.0,2224,1887,566,250,1
COMPLETED,0.63,1958.0,1,3754,610,250,6
COMPLETED,0.66,1783.0,1,3274,2,250,1
COMPLETED,0.91,1072.0,4614,1,511,147,10
COMPLETED,0.9,2239.0,117,3790,593,250,10
COMPLETED,0.89,3871.0,4014,1,309,250,1
COMPLETED,0.91,807.0,4842,1,1000,250,10
COMPLETED,0.92,1651.0,2343,1952,1000,250,1
COMPLETED,0.75,131.0,110,1,536,130,8
COMPLETED,0.92,2092.0,2391,2445,1000,250,1
COMPLETED,0.92,1750.0,2306,2278,1000,250,1
COMPLETED,0.91,968.0,4718,1,1000,250,10
COMPLETED,0.92,1913.0,2292,1994,1000,159,1
COMPLETED,0.92,2150.0,2466,2160,1000,250,1
COMPLETED,0.93,6328.0,2027,2795,1000,2,1
COMPLETED,0.9,4824.0,5000,3106,1000,250,10
COMPLETED,0.89,5213.0,5000,2838,2,250,1
COMPLETED,0.9,4673.0,4459,3319,1000,250,10
COMPLETED,0.91,860.0,5000,1,1000,250,10
COMPLETED,0.91,827.0,3534,1,361,250,10
COMPLETED,0.91,1022.0,3762,1,265,250,10
COMPLETED,0.92,1380.0,2514,1097,402,250,10
COMPLETED,0.9,365.0,453,1,1000,250,6
COMPLETED,0.91,4252.0,626,5000,1000,250,10
COMPLETED,0.7099999999999999,87.0,84,1,1000,167,10
COMPLETED,0.92,448.0,814,1,958,250,7
COMPLETED,0.92,2878.0,277,5000,1000,250,10
COMPLETED,0.89,4363.0,1633,2210,1000,151,10
COMPLETED,0.92,1701.0,2640,1326,132,250,10
COMPLETED,0.92,1884.0,2483,2317,166,250,10
COMPLETED,0.92,2143.0,2507,2372,22,162,10
COMPLETED,0.9,7165.0,59,1052,1000,2,1
COMPLETED,0.9,1131.0,4206,1,542,208,10
COMPLETED,0.89,524.0,104,507,1000,162,10
COMPLETED,0.92,769.0,2526,289,1000,250,10
COMPLETED,0.83,204.0,2233,1,786,250,8
COMPLETED,0.66,2236.0,2001,3634,1000,250,10
COMPLETED,0.9,703.0,3043,1,1000,81,10
COMPLETED,0.91,828.0,3245,1,766,158,10
COMPLETED,0.8699999999999999,241.0,80,1,422,195,1
COMPLETED,0.7099999999999999,92.0,89,1,510,250,10
COMPLETED,0.92,1341.0,135,1355,229,204,1
COMPLETED,0.89,3661.0,1366,57,719,140,9
COMPLETED,0.89,5446.0,4978,1632,971,213,2
COMPLETED,0.93,1812.0,139,2841,176,90,8
COMPLETED,0.9,4238.0,1186,2415,325,112,6
COMPLETED,0.9,4773.0,3856,3623,529,239,2
COMPLETED,0.9,4168.0,2649,840,113,39,5
COMPLETED,0.91,2904.0,2468,4533,783,162,9
COMPLETED,0.81,887.0,2016,1255,30,226,4
COMPLETED,0.9,4164.0,3105,2556,825,100,10
COMPLETED,0.89,4282.0,4299,339,283,173,7
COMPLETED,0.89,7982.0,740,4136,612,50,1
COMPLETED,0.88,7734.0,594,1120,890,26,3
COMPLETED,0.89,7175.0,4525,4915,220,152,6
COMPLETED,0.89,4909.0,3230,2035,676,79,8
COMPLETED,0.9,4606.0,1809,3336,472,202,5
COMPLETED,0.88,7473.0,1673,1977,846,48,8
COMPLETED,0.9,6590.0,3368,3277,49,170,1
COMPLETED,0.88,7171.0,4660,1022,591,119,4
COMPLETED,0.93,3239.0,456,4818,265,245,10
COMPLETED,0.92,1718.0,878,554,238,204,9
COMPLETED,0.88,13574.0,4164,4351,910,81,5
COMPLETED,0.9,3971.0,2966,1508,454,133,2
COMPLETED,0.91,2209.0,2333,781,411,70,1
COMPLETED,0.92,3865.0,2787,4475,738,193,7
COMPLETED,0.8699999999999999,8617.0,3992,2317,156,19,10
COMPLETED,0.9,4218.0,1047,3525,953,145,4
COMPLETED,0.92,1515.0,277,1847,548,182,4
COMPLETED,0.88,8107.0,4842,3056,346,59,8
COMPLETED,0.91,2776.0,3537,311,764,233,7
COMPLETED,0.89,7107.0,1501,4005,92,107,3
COMPLETED,0.89,4817.0,3473,2907,610,129,5
COMPLETED,0.8699999999999999,9734.0,4751,143,5,86,2
COMPLETED,0.93,2327.0,215,3861,831,208,6
COMPLETED,0.92,1846.0,963,925,670,249,8
COMPLETED,0.89,8146.0,3917,4643,497,123,1
COMPLETED,0.91,2977.0,2704,2466,892,167,3
COMPLETED,0.93,2692.0,2260,3688,190,44,9
COMPLETED,0.9,594.0,2086,409,997,103,5
COMPLETED,0.92,3440.0,2872,4182,170,230,9
COMPLETED,0.8699999999999999,8783.0,4101,1359,690,63,6
COMPLETED,0.91,3875.0,786,2646,393,186,3
COMPLETED,0.91,2315.0,382,2140,111,149,1
COMPLETED,0.91,2713.0,3296,1191,331,189,10
COMPLETED,0.88,9044.0,1592,4962,504,67,4
COMPLETED,0.9,4074.0,1725,975,126,158,6
COMPLETED,0.89,8326.0,1953,4065,10,105,5
COMPLETED,0.91,2795.0,3077,1755,604,195,9
COMPLETED,0.8699999999999999,11740.0,4802,3343,392,26,6
COMPLETED,0.93,883.0,222,683,986,177,1
COMPLETED,0.89,6754.0,1235,3102,676,151,2
COMPLETED,0.88,7210.0,3784,450,206,54,8
COMPLETED,0.91,4682.0,3303,4492,793,230,9
COMPLETED,0.88,8653.0,1712,2115,324,71,4
COMPLETED,0.89,6587.0,1477,3696,836,45,10
COMPLETED,0.89,6112.0,3537,1035,305,126,5
COMPLETED,0.88,9905.0,4331,3868,703,93,1
COMPLETED,0.92,1823.0,689,1559,172,238,7
COMPLETED,0.92,2779.0,457,4764,482,219,7
COMPLETED,0.88,8541.0,4568,2386,888,114,3
COMPLETED,0.92,3219.0,2529,2673,115,170,4
COMPLETED,0.91,1684.0,2198,2624,266,220,2
COMPLETED,0.89,3180.0,2775,305,860,76,6
COMPLETED,0.9,5677.0,4506,4950,148,144,10
COMPLETED,0.9,3271.0,473,2279,742,62,5
COMPLETED,0.8699999999999999,10347.0,865,3917,928,20,3
COMPLETED,0.9,4754.0,4118,1276,458,188,9
COMPLETED,0.89,7360.0,3641,3511,545,97,8
COMPLETED,0.9,3609.0,1346,1142,77,201,2
COMPLETED,0.9,5533.0,1737,4599,581,163,6
COMPLETED,0.89,5656.0,4039,2819,947,208,4
COMPLETED,0.91,2740.0,943,499,415,118,10
COMPLETED,0.91,1747.0,81,3236,230,85,9
COMPLETED,0.9,3817.0,4896,868,637,244,4
COMPLETED,0.88,9871.0,2853,4348,363,39,3
COMPLETED,0.92,1096.0,2121,1706,770,138,7
COMPLETED,0.88,2247.0,2042,3393,712,196,3
COMPLETED,0.91,3516.0,2930,712,183,99,9
COMPLETED,0.9,5016.0,4975,4190,814,183,8
COMPLETED,0.8399999999999999,1027.0,4,1862,284,23,2
COMPLETED,0.88,8814.0,1022,4442,98,60,1
COMPLETED,0.9,6047.0,3961,2083,503,149,6
COMPLETED,0.9,4793.0,3172,2976,497,73,9
COMPLETED,0.9,3289.0,1815,345,902,225,5
COMPLETED,0.9,4502.0,1268,3762,384,140,8
COMPLETED,0.8599999999999999,11252.0,3720,1433,976,35,4
COMPLETED,0.89,4862.0,4195,3665,32,247,2
COMPLETED,0.9,3226.0,787,985,624,80,7
COMPLETED,0.92,4230.0,550,2780,809,123,7
COMPLETED,0.88,5091.0,4427,147,342,206,1
COMPLETED,0.88,8775.0,2696,4795,662,17,5
COMPLETED,0.93,1901.0,2277,2437,194,160,10
COMPLETED,0.91,4417.0,2422,4921,968,67,2
COMPLETED,0.92,1919.0,2608,2232,439,233,7
COMPLETED,0.8699999999999999,8578.0,4646,2516,570,48,9
COMPLETED,0.92,994.0,378,177,40,154,3
COMPLETED,0.91,3819.0,766,3538,350,174,5
COMPLETED,0.8699999999999999,10227.0,4252,1190,755,30,10
COMPLETED,0.91,4090.0,3460,4026,249,192,6
COMPLETED,0.88,6796.0,1555,1404,654,110,2
COMPLETED,0.9,4069.0,3381,608,720,166,3
COMPLETED,0.89,9668.0,3862,4648,276,117,4
COMPLETED,0.91,2464.0,1158,1957,868,214,8
COMPLETED,0.93,2624.0,300,4219,558,242,10
COMPLETED,0.88,9229.0,4725,1598,91,90,4
COMPLETED,0.9,4938.0,2997,3189,910,131,1
COMPLETED,0.9,635.0,2031,840,442,42,6
COMPLETED,0.9,6084.0,1985,3043,881,167,9
COMPLETED,0.8599999999999999,12550.0,3030,353,474,8,3
COMPLETED,0.9,6718.0,4760,4395,530,212,2
COMPLETED,0.92,1504.0,258,2055,123,115,8
COMPLETED,0.9,6179.0,1120,4162,313,89,6
COMPLETED,0.89,4380.0,3903,1814,844,240,1
COMPLETED,0.8699999999999999,8316.0,3428,3403,164,43,5
COMPLETED,0.9,3688.0,1602,780,696,134,10
COMPLETED,0.9,5584.0,1523,4823,215,232,4
COMPLETED,0.89,6800.0,3505,2484,684,64,8
COMPLETED,0.89,6860.0,4295,2771,316,156,7
COMPLETED,0.89,5414.0,730,80,786,51,2
COMPLETED,0.9,5362.0,337,3598,596,32,1
COMPLETED,0.91,3043.0,2639,3810,994,108,10
COMPLETED,0.92,1341.0,2375,1461,400,189,5
COMPLETED,0.92,3841.0,2322,4015,629,33,7
COMPLETED,0.9,3837.0,2664,1334,222,138,2
COMPLETED,0.8699999999999999,11247.0,4391,3569,778,81,3
COMPLETED,0.92,1428.0,592,1241,371,249,9
COMPLETED,0.92,2659.0,824,2566,57,207,10
COMPLETED,0.88,6562.0,4154,207,588,126,5
COMPLETED,0.9,6533.0,3673,4852,408,159,2
COMPLETED,0.8699999999999999,12821.0,1300,2221,939,15,6
COMPLETED,0.88,8567.0,1847,3138,466,101,3
COMPLETED,0.91,2609.0,3126,809,935,199,7
COMPLETED,0.8699999999999999,11786.0,3920,4289,68,22,8
COMPLETED,0.9,3683.0,1058,1609,538,180,4
COMPLETED,0.88,2339.0,45,4658,852,147,5
COMPLETED,0.88,8116.0,4937,2026,258,57,10
COMPLETED,0.92,2555.0,2900,2916,750,226,6
COMPLETED,0.92,1147.0,2089,558,156,75,1
COMPLETED,0.91,3639.0,2820,2181,802,162,5
COMPLETED,0.8699999999999999,9132.0,4860,3074,202,121,1
COMPLETED,0.9,418.0,123,403,670,210,6
COMPLETED,0.91,3135.0,981,3295,984,246,8
COMPLETED,0.9,2638.0,3595,50,106,221,10
COMPLETED,0.92,2717.0,513,3859,175,186,3
COMPLETED,0.92,2047.0,2245,1083,821,98,4
COMPLETED,0.91,3865.0,2946,3959,593,128,7
COMPLETED,0.89,6223.0,4821,2409,251,111,8
COMPLETED,0.91,3842.0,1192,3127,765,245,2
COMPLETED,0.92,1006.0,168,1409,736,213,2
COMPLETED,0.89,7137.0,3814,2879,252,83,10
COMPLETED,0.9,3128.0,3190,679,909,160,6
COMPLETED,0.92,3164.0,2043,4883,80,41,3
COMPLETED,0.92,2392.0,2254,2154,955,79,8
COMPLETED,0.89,6882.0,3607,3536,34,193,5
COMPLETED,0.92,5162.0,379,4369,362,187,9
COMPLETED,0.92,3554.0,761,1088,141,155,9
COMPLETED,0.92,2137.0,2757,1818,468,225,4
COMPLETED,0.89,7499.0,1385,2623,547,107,6
COMPLETED,0.89,6390.0,1500,1717,22,167,1
COMPLETED,0.9,5414.0,2637,2747,975,33,8
COMPLETED,0.9,3392.0,4512,1197,318,206,7
COMPLETED,0.9,6876.0,875,4493,678,91,5
COMPLETED,0.91,1928.0,494,275,824,119,3
COMPLETED,0.9,4368.0,4113,4166,185,238,7
COMPLETED,0.92,3409.0,2369,3749,481,135,2
COMPLETED,0.9,3785.0,1928,788,606,234,9
COMPLETED,0.89,12917.0,3309,4748,402,99,1
COMPLETED,0.89,5565.0,3934,1308,809,147,4
COMPLETED,0.92,3076.0,53,3003,199,32,8
COMPLETED,0.89,7289.0,1078,2222,303,60,6
COMPLETED,0.89,7322.0,4941,3340,692,179,4
COMPLETED,0.89,7295.0,3065,530,101,71,3
COMPLETED,0.9,3913.0,1703,3757,896,202,10
COMPLETED,0.89,5530.0,1631,2477,654,141,3
COMPLETED,0.9,2252.0,4858,398,950,239,10
COMPLETED,0.9,4874.0,1006,4046,61,125,2
COMPLETED,0.93,1087.0,136,765,441,93,2
COMPLETED,0.9,4474.0,4009,4930,552,211,9
COMPLETED,0.8699999999999999,11412.0,3384,1515,144,38,7
COMPLETED,0.81,1787.0,2011,2946,847,169,5
COMPLETED,0.91,607.0,2444,29,223,199,6
COMPLETED,0.88,8486.0,3571,4262,769,66,4
COMPLETED,0.89,6516.0,4196,2106,426,173,3
COMPLETED,0.92,3024.0,569,3449,566,58,10
COMPLETED,0.9,4671.0,793,1731,935,26,9
COMPLETED,0.88,7565.0,4441,2576,76,145,1
COMPLETED,0.91,2470.0,2566,982,733,98,5
COMPLETED,0.91,3902.0,1418,4561,280,228,8
COMPLETED,0.92,4247.0,2686,4445,211,162,10
COMPLETED,0.88,7258.0,4561,1611,618,84,6
COMPLETED,0.91,2382.0,678,2680,383,219,4
COMPLETED,0.92,1470.0,454,1899,120,247,5
COMPLETED,0.89,7982.0,4316,3643,884,116,7
COMPLETED,0.89,4328.0,3691,227,292,133,8
COMPLETED,0.88,11100.0,2329,4080,712,15,1
COMPLETED,0.92,1196.0,2126,1395,338,105,10
COMPLETED,0.91,3522.0,3264,3050,666,220,3
COMPLETED,0.8599999999999999,14126.0,3890,894,9,19,4
COMPLETED,0.92,3796.0,251,4815,994,153,6
COMPLETED,0.91,2753.0,1121,597,508,181,7
COMPLETED,0.8699999999999999,12416.0,4738,3864,493,51,4
COMPLETED,0.91,2835.0,2864,2270,835,192,1
COMPLETED,0.88,9654.0,1746,3427,165,73,9
COMPLETED,0.9,4581.0,1778,1548,861,222,6
COMPLETED,0.9,5590.0,2829,2891,128,103,3
COMPLETED,0.89,6818.0,4704,741,532,151,2
COMPLETED,0.89,8084.0,1153,4974,456,20,10
COMPLETED,0.92,1320.0,285,444,47,49,9
COMPLETED,0.89,6096.0,3853,4022,969,182,1
COMPLETED,0.89,7438.0,3229,2423,374,75,5
COMPLETED,0.92,2376.0,2160,3268,641,190,7
COMPLETED,0.92,919.0,2293,956,266,163,4
COMPLETED,0.88,10420.0,3724,4604,749,45,6
COMPLETED,0.9,4215.0,4350,1765,95,217,9
COMPLETED,0.91,3174.0,418,2522,921,87,2
COMPLETED,0.9,3556.0,643,2054,580,115,1
COMPLETED,0.9,5524.0,4593,3484,408,249,9
COMPLETED,0.89,7172.0,2718,73,753,17,8
COMPLETED,0.9,5263.0,1268,4238,236,131,5
COMPLETED,0.89,6325.0,1461,183,699,67,10
COMPLETED,0.92,2868.0,2520,4103,308,197,2
COMPLETED,0.8699999999999999,8552.0,4395,1953,903,57,4
COMPLETED,0.91,3644.0,836,3608,106,175,7
COMPLETED,0.91,2037.0,611,1577,397,143,7
COMPLETED,0.8599999999999999,13902.0,4152,2735,599,28,5
COMPLETED,0.91,3678.0,3527,1135,194,229,1
COMPLETED,0.92,4343.0,2486,4402,802,95,8
COMPLETED,0.9,4487.0,3426,3392,819,139,10
COMPLETED,0.89,6206.0,4051,553,474,123,6
COMPLETED,0.9,2345.0,92,3888,522,241,4
COMPLETED,0.91,2018.0,960,920,980,209,5
COMPLETED,0.89,7079.0,4902,4772,29,94,8
COMPLETED,0.91,2826.0,3026,1361,683,172,9
COMPLETED,0.8599999999999999,13367.0,1585,3104,325,37,1
COMPLETED,0.89,5986.0,1670,635,67,101,7
COMPLETED,0.91,3779.0,3100,4907,924,231,5
COMPLETED,0.9,4170.0,1045,2844,722,149,8
COMPLETED,0.82,1678.0,19,2375,779,177,10
COMPLETED,0.8599999999999999,13771.0,3970,3181,232,63,2
COMPLETED,0.9,3594.0,3345,376,577,203,3
COMPLETED,0.88,10138.0,1894,3916,435,69,6
COMPLETED,0.9,4486.0,2405,1871,560,36,5
COMPLETED,0.89,5464.0,3454,2589,452,165,8
COMPLETED,0.88,9550.0,4079,1043,856,88,9
COMPLETED,0.92,4173.0,530,4652,155,207,1
COMPLETED,0.91,1932.0,910,121,347,235,3
COMPLETED,0.89,8784.0,4480,4325,645,120,9
COMPLETED,0.92,2566.0,2605,2121,51,137,6
COMPLETED,0.91,3328.0,1342,2000,494,196,8
COMPLETED,0.89,9257.0,2803,3695,510,77,1
COMPLETED,0.89,5352.0,4678,250,166,185,5
COMPLETED,0.9,6981.0,717,4210,838,54,7
COMPLETED,0.91,2853.0,337,1242,664,22,7
COMPLETED,0.89,11065.0,4277,4469,337,156,3
COMPLETED,0.88,6814.0,3652,1664,991,109,2
COMPLETED,0.91,552.0,2087,505,883,129,1
COMPLETED,0.9,5043.0,3147,3801,117,10,9
COMPLETED,0.9,3945.0,3772,2255,712,243,8
COMPLETED,0.93,3175.0,212,3286,289,113,4
COMPLETED,0.88,8789.0,1238,1255,213,81,4
COMPLETED,0.9,6346.0,4777,3037,790,215,6
COMPLETED,0.9,3935.0,2903,833,386,42,10
COMPLETED,0.89,6101.0,1863,4724,619,157,3
COMPLETED,0.88,5830.0,1856,2072,191,54,10
COMPLETED,0.91,6310.0,2914,3464,801,188,2
COMPLETED,0.88,6589.0,4790,14,394,78,3
COMPLETED,0.91,4756.0,1230,4297,598,192,6
COMPLETED,0.91,761.0,224,1016,903,226,7
COMPLETED,0.89,8014.0,3765,4546,108,108,5
COMPLETED,0.89,5158.0,3140,1746,701,154,1
COMPLETED,0.93,1645.0,2099,2542,312,24,8
COMPLETED,0.92,804.0,2200,423,686,112,2
COMPLETED,0.91,4331.0,3659,4041,326,246,9
COMPLETED,0.8599999999999999,12601.0,4285,2481,982,12,6
COMPLETED,0.93,3233.0,325,3209,29,127,4
COMPLETED,0.88,6165.0,4954,457,66,68,6
COMPLETED,0.89,5935.0,3808,3116,467,111,8
COMPLETED,0.91,2341.0,1057,873,890,202,2
COMPLETED,0.91,3928.0,2449,3886,228,50,5
COMPLETED,0.91,2310.0,2691,2289,679,138,10
COMPLETED,0.91,3364.0,2873,3587,151,208,4
COMPLETED,0.8299999999999998,158.0,2030,88,699,104,9
COMPLETED,0.91,4054.0,873,4652,411,146,6
COMPLETED,0.8699999999999999,12754.0,4514,4177,608,30,2
COMPLETED,0.92,1858.0,391,1994,60,158,7
COMPLETED,0.89,6829.0,1733,2742,833,92,10
COMPLETED,0.91,3251.0,3367,1241,258,220,5
COMPLETED,0.88,7163.0,3172,2540,747,63,6
COMPLETED,0.89,6173.0,1694,974,172,128,1
COMPLETED,0.91,3302.0,586,4288,944,124,4
COMPLETED,0.9,4696.0,4553,2039,396,192,8
COMPLETED,0.91,5101.0,4185,4385,13,242,10
COMPLETED,0.9,4613.0,678,1634,589,74,4
COMPLETED,0.91,2401.0,2069,3632,299,179,3
COMPLETED,0.88,9229.0,3068,199,847,13,8
COMPLETED,0.9,5649.0,2652,3920,329,82,1
COMPLETED,0.91,1496.0,2253,2412,780,234,6
COMPLETED,0.88,6695.0,1096,2836,116,20,9
COMPLETED,0.89,4689.0,4003,683,539,172,4
COMPLETED,0.89,6238.0,4759,3337,931,152,5
COMPLETED,0.92,689.0,143,490,480,39,10
COMPLETED,0.9,4069.0,1485,4753,628,214,7
COMPLETED,0.88,7753.0,3613,1260,205,102,2
COMPLETED,0.88,8795.0,3736,3163,425,17,9
COMPLETED,0.9,3091.0,1479,356,973,175,5
COMPLETED,0.8599999999999999,2468.0,18,4852,138,77,3
COMPLETED,0.9,3554.0,4767,1480,713,239,8
COMPLETED,0.9,4899.0,3972,3821,820,196,6
COMPLETED,0.88,5920.0,1245,2193,272,120,1
COMPLETED,0.92,2249.0,2286,3010,622,132,3
COMPLETED,0.91,2047.0,2502,817,47,60,9
COMPLETED,0.9,5022.0,3021,4596,504,98,5
COMPLETED,0.91,1084.0,2155,1731,80,218,10
COMPLETED,0.9,5056.0,723,3493,806,35,7
COMPLETED,0.88,4840.0,4100,22,355,156,2
COMPLETED,0.88,6400.0,4663,2680,241,168,1
COMPLETED,0.89,4526.0,515,1151,665,24,6
COMPLETED,0.91,4179.0,1585,4077,453,230,9
COMPLETED,0.89,5665.0,3242,1941,904,87,4
COMPLETED,0.9,5017.0,3359,4354,102,134,7
COMPLETED,0.8699999999999999,9484.0,1858,2133,553,54,3
COMPLETED,0.92,1858.0,398,2645,343,198,5
COMPLETED,0.88,5274.0,4390,1030,766,115,10
COMPLETED,0.88,7357.0,4374,3685,642,64,8
COMPLETED,0.92,1379.0,841,299,191,248,3
COMPLETED,0.91,2877.0,2904,1696,494,184,7
COMPLETED,0.91,2869.0,2776,2896,958,224,2
COMPLETED,0.91,1623.0,2403,774,382,88,7
COMPLETED,0.91,3992.0,971,4020,734,162,10
COMPLETED,0.8699999999999999,12343.0,3855,2463,185,25,5
COMPLETED,0.8699999999999999,10767.0,4884,4809,285,45,4
COMPLETED,0.92,1547.0,291,1366,861,143,9
COMPLETED,0.89,6276.0,1361,3433,27,108,6
COMPLETED,0.9,3330.0,3463,555,575,205,1
COMPLETED,0.88,7659.0,3510,3001,56,90,5
COMPLETED,0.91,2681.0,1392,826,600,226,9
COMPLETED,0.92,3485.0,236,3752,264,28,8
COMPLETED,0.89,7087.0,4862,2262,844,164,3
COMPLETED,0.89,9225.0,3901,4921,688,144,2
COMPLETED,0.89,6000.0,1004,1411,144,47,6
COMPLETED,0.92,2380.0,2346,3172,996,207,9
COMPLETED,0.9,3791.0,2754,347,416,109,3
COMPLETED,0.9,4579.0,2936,4126,880,54,10
COMPLETED,0.89,7040.0,1927,1894,460,137,5
COMPLETED,0.9,5547.0,820,2710,687,118,2
COMPLETED,0.9,3776.0,4317,1122,232,198,7
COMPLETED,0.9,6606.0,4421,3462,364,249,6
COMPLETED,0.9,2570.0,445,51,783,67,1
COMPLETED,0.9,6738.0,1835,4547,74,188,4
COMPLETED,0.91,4052.0,3264,4504,471,217,3
COMPLETED,0.89,7569.0,1640,1666,926,96,8
COMPLETED,0.92,2492.0,484,3732,215,154,10
COMPLETED,0.8699999999999999,10451.0,4616,250,635,34,4
COMPLETED,0.91,1935.0,781,1079,318,166,8
COMPLETED,0.93,3209.0,2122,4325,544,84,7
COMPLETED,0.91,3058.0,2975,2164,124,228,1
COMPLETED,0.92,2691.0,2559,3364,582,174,7
COMPLETED,0.89,5315.0,2307,624,2,14,2
COMPLETED,0.91,4166.0,1199,4800,853,235,5
COMPLETED,0.88,8477.0,3940,1375,308,77,10
COMPLETED,0.89,6853.0,4823,4029,163,120,9
COMPLETED,0.8499999999999999,1434.0,41,2454,743,192,4
COMPLETED,0.8699999999999999,10832.0,1431,2965,407,56,1
COMPLETED,0.9,4362.0,3705,705,951,131,6
COMPLETED,0.9,5394.0,3634,3857,669,232,3
COMPLETED,0.89,5576.0,1542,2317,250,80,8
COMPLETED,0.9,2471.0,111,3066,897,169,6
COMPLETED,0.8599999999999999,12959.0,4026,3263,91,38,2
COMPLETED,0.91,2079.0,1152,407,511,150,8
COMPLETED,0.92,2827.0,2222,4972,346,99,9
COMPLETED,0.92,1638.0,2605,1512,801,213,5
COMPLETED,0.9,4123.0,3123,2810,282,128,9
COMPLETED,0.92,988.0,2091,1173,826,60,4
COMPLETED,0.92,3406.0,631,4187,38,188,1
COMPLETED,0.88,6080.0,4154,1983,618,124,6
COMPLETED,0.88,10103.0,4610,4642,978,73,7
COMPLETED,0.92,1919.0,608,1846,434,239,2
COMPLETED,0.8599999999999999,13060.0,1648,3520,706,9,5
COMPLETED,0.91,1901.0,3139,156,126,179,10
COMPLETED,0.89,7308.0,3412,3643,870,105,1
COMPLETED,0.9,2746.0,1765,189,291,211,7
COMPLETED,0.92,3241.0,334,4453,564,44,8
COMPLETED,0.88,6155.0,4493,1566,20,148,3
COMPLETED,0.89,5899.0,4272,4220,389,160,4
COMPLETED,0.89,4661.0,904,2106,968,32,10
COMPLETED,0.9,4267.0,1974,2530,181,223,8
COMPLETED,0.89,4182.0,2850,984,725,93,3
COMPLETED,0.9,4640.0,2722,4704,198,7,6
COMPLETED,0.92,1979.0,2495,1310,653,184,1
COMPLETED,0.89,6380.0,1035,3308,489,71,4
COMPLETED,0.9,2370.0,3753,519,908,245,9
COMPLETED,0.9,4301.0,4987,2864,562,202,10
COMPLETED,0.92,972.0,228,654,107,114,5
COMPLETED,0.89,6134.0,1268,3969,756,141,2
COMPLETED,0.88,9162.0,3516,2363,336,50,7
COMPLETED,0.88,7504.0,3554,3501,541,146,3
COMPLETED,0.89,4282.0,1270,18,121,42,8
COMPLETED,0.91,2532.0,202,4585,768,209,9
COMPLETED,0.88,6662.0,4974,1747,314,104,5
COMPLETED,0.88,7832.0,3789,4088,220,92,3
COMPLETED,0.91,2738.0,1038,1926,639,220,8
COMPLETED,0.9,3972.0,2468,2672,475,30,6
COMPLETED,0.9,2388.0,2710,1155,930,158,2
COMPLETED,0.92,3208.0,2814,4875,403,243,7
COMPLETED,0.8699999999999999,10160.0,1971,1452,948,69,2
COMPLETED,0.91,3257.0,932,3128,159,182,5
COMPLETED,0.88,8187.0,4455,3045,857,49,9
COMPLETED,0.92,1494.0,332,786,312,139,4
COMPLETED,0.88,8358.0,1791,3798,585,112,1
COMPLETED,0.9,3328.0,3425,2221,6,200,6
COMPLETED,0.8699999999999999,11543.0,3152,3989,999,20,4
COMPLETED,0.9,4114.0,1674,2498,419,172,10
COMPLETED,0.91,3241.0,606,2924,693,82,7
COMPLETED,0.9,4217.0,4573,751,149,234,3
COMPLETED,0.9,6236.0,4166,3405,260,215,1
COMPLETED,0.91,2196.0,658,578,840,102,7
COMPLETED,0.91,2974.0,2088,4840,52,152,8
COMPLETED,0.88,8474.0,3087,1331,596,40,3
COMPLETED,0.92,2467.0,2593,2629,77,126,10
COMPLETED,0.91,854.0,2194,1041,531,190,5
COMPLETED,0.88,8323.0,1155,4358,368,62,2
COMPLETED,0.88,6360.0,4062,2125,788,129,7
COMPLETED,0.9,5366.0,4701,4471,683,180,6
COMPLETED,0.9,3002.0,85,1704,228,12,1
COMPLETED,0.91,4066.0,1544,3700,876,241,4
COMPLETED,0.88,5951.0,3671,288,457,75,9
COMPLETED,0.8699999999999999,12929.0,3678,4685,176,36,2
COMPLETED,0.89,4961.0,1420,1798,721,156,6
COMPLETED,0.91,1920.0,77,3561,386,97,8
COMPLETED,0.89,3850.0,4826,109,965,219,3
COMPLETED,0.9,4406.0,3914,2768,568,230,5
COMPLETED,0.9,4914.0,1186,1221,23,86,9
COMPLETED,0.93,2514.0,2344,4144,874,167,8
COMPLETED,0.88,6789.0,2561,2031,295,24,3
COMPLETED,0.89,6267.0,3001,3232,751,79,6
COMPLETED,0.91,462.0,2135,443,331,237,1
COMPLETED,0.88,11556.0,743,4941,559,15,4
COMPLETED,0.89,4785.0,4120,1546,104,176,9
COMPLETED,0.89,5801.0,4644,3888,493,134,10
COMPLETED,0.9,4142.0,495,2283,912,58,5
COMPLETED,0.89,6400.0,1604,3097,202,194,2
COMPLETED,0.91,3099.0,3261,886,657,122,7
COMPLETED,0.89,5556.0,3300,2830,351,162,4
COMPLETED,0.88,8230.0,1799,685,805,26,8
COMPLETED,0.92,2567.0,456,3933,94,225,7
COMPLETED,0.8599999999999999,9709.0,4449,2394,514,88,1
COMPLETED,0.88,10686.0,4316,4740,894,107,3
COMPLETED,0.92,2305.0,782,1279,439,205,8
COMPLETED,0.88,9178.0,1940,3343,665,46,10
COMPLETED,0.9,3277.0,2962,488,246,142,4
COMPLETED,0.92,3220.0,2756,4267,711,196,9
COMPLETED,0.92,2136.0,2383,2065,131,116,4
COMPLETED,0.9,4256.0,991,2578,981,136,1
COMPLETED,0.88,9080.0,3875,941,437,52,6
COMPLETED,0.92,689.0,272,232,614,186,2
COMPLETED,0.89,8519.0,1381,4405,278,66,5
COMPLETED,0.91,2933.0,3482,1608,822,247,10
COMPLETED,0.9,7221.0,3451,4213,304,117,6
COMPLETED,0.9,3925.0,1334,1962,852,200,2
COMPLETED,0.91,2819.0,294,2777,16,56,3
COMPLETED,0.89,5183.0,4920,1211,592,136,8
COMPLETED,0.89,4439.0,3842,3553,941,187,10
COMPLETED,0.92,2746.0,2405,4617,743,250,2
COMPLETED,0.9,3773.0,2813,1867,168,66,8
COMPLETED,0.8699999999999999,11925.0,2917,3067,632,28,1
COMPLETED,0.9,4081.0,1908,916,209,164,6
COMPLETED,0.91,3890.0,839,3839,934,90,9
COMPLETED,0.9,4248.0,4337,2331,484,226,4
COMPLETED,0.9,5793.0,4401,4990,112,207,5
COMPLETED,0.92,1722.0,425,1498,536,110,10
COMPLETED,0.89,5409.0,1855,3262,325,145,7
COMPLETED,0.8699999999999999,8915.0,3323,413,775,47,2
COMPLETED,0.91,3316.0,3206,3295,223,236,8
COMPLETED,0.88,7118.0,1582,537,674,76,4
COMPLETED,0.91,3742.0,542,4710,464,173,1
COMPLETED,0.8699999999999999,12906.0,4675,1309,887,15,6
COMPLETED,0.88,9823.0,4063,3962,521,58,8
COMPLETED,0.91,3700.0,722,2364,70,130,3
COMPLETED,0.93,2037.0,2181,2878,796,119,4
COMPLETED,0.91,2254.0,3034,636,373,194,10
COMPLETED,0.92,3223.0,2540,4415,829,154,4
COMPLETED,0.92,1950.0,2287,1599,253,33,9
COMPLETED,0.91,3442.0,1218,3664,605,216,6
COMPLETED,0.8699999999999999,8170.0,3959,163,57,96,1
COMPLETED,0.8699999999999999,10055.0,4803,2509,415,84,2
COMPLETED,0.78,576.0,21,1009,990,228,7
COMPLETED,0.88,7105.0,1451,4258,155,22,10
COMPLETED,0.89,4689.0,3725,2074,704,166,5
COMPLETED,0.9,3859.0,3614,2721,921,190,8
COMPLETED,0.89,6750.0,1523,1106,497,122,3
COMPLETED,0.93,2423.0,130,4117,646,126,5
COMPLETED,0.89,7279.0,4733,1897,196,62,9
COMPLETED,0.88,8348.0,4006,4556,338,11,9
COMPLETED,0.91,3563.0,1132,1776,762,177,3
COMPLETED,0.91,2995.0,2242,3451,99,72,1
COMPLETED,0.91,838.0,2624,67,549,241,6
COMPLETED,0.9,4463.0,3065,3787,30,170,2
COMPLETED,0.9,1435.0,2033,2232,578,18,7
COMPLETED,0.92,2465.0,689,2978,290,232,10
COMPLETED,0.88,6500.0,4213,854,866,81,5
COMPLETED,0.88,7899.0,4551,3195,730,100,4
COMPLETED,0.92,881.0,549,319,181,212,9
COMPLETED,0.88,9469.0,1707,4885,954,37,6
COMPLETED,0.89,4775.0,3198,1441,379,151,1
COMPLETED,0.89,6255.0,3393,4772,619,70,10
COMPLETED,0.9,3345.0,1746,1398,43,246,5
COMPLETED,0.89,7034.0,354,3394,815,9,3
COMPLETED,0.9,4048.0,4512,589,267,183,7
COMPLETED,0.89,5997.0,4252,2935,142,140,7
COMPLETED,0.88,6892.0,885,741,717,52,1
COMPLETED,0.9,5911.0,1994,4057,428,204,3
COMPLETED,0.91,3340.0,2870,2431,976,113,8
COMPLETED,0.9,4824.0,2663,3729,450,43,5
COMPLETED,0.92,872.0,2437,259,901,149,10
COMPLETED,0.9,5404.0,1093,4520,237,106,7
COMPLETED,0.9,4269.0,3811,1655,660,210,2
COMPLETED,0.89,6003.0,4928,4309,810,222,1
COMPLETED,0.92,1879.0,169,2175,359,94,6
COMPLETED,0.9,3897.0,1327,2600,507,160,9
COMPLETED,0.8599999999999999,10983.0,3575,1070,84,31,4
COMPLETED,0.9,4076.0,3592,2615,501,240,2
COMPLETED,0.88,5879.0,1310,1060,920,72,6
COMPLETED,0.92,2378.0,162,4306,194,177,9
COMPLETED,0.88,9567.0,3828,4524,759,61,5
COMPLETED,0.9,3683.0,1076,1647,340,127,9
COMPLETED,0.92,2770.0,2430,3714,550,123,8
COMPLETED,0.91,1950.0,2671,270,96,189,3
COMPLETED,0.91,3814.0,2852,4049,576,151,6
COMPLETED,0.89,1382.0,2011,2434,32,37,1
COMPLETED,0.91,3708.0,892,2945,866,212,4
COMPLETED,0.89,4951.0,4245,725,286,100,9
COMPLETED,0.88,7689.0,4495,3384,185,81,10
COMPLETED,0.93,1007.0,371,604,729,231,5
COMPLETED,0.9,3609.0,3386,1396,957,170,7
COMPLETED,0.89,5970.0,3191,4901,42,113,3
COMPLETED,0.9,3369.0,1714,1431,621,203,8
COMPLETED,0.91,3720.0,566,3192,271,51,7
COMPLETED,0.88,6271.0,4534,327,815,141,1
COMPLETED,0.89,5265.0,4206,2980,718,183,3
COMPLETED,0.91,2195.0,697,846,139,8,7
COMPLETED,0.8599999999999999,1959.0,2050,3772,974,246,10
COMPLETED,0.89,5298.0,3048,2242,429,70,4
COMPLETED,0.91,3963.0,2632,3444,901,31,9
COMPLETED,0.9,479.0,2234,70,446,161,4
COMPLETED,0.88,8119.0,1115,4566,658,95,1
COMPLETED,0.9,3442.0,4023,1761,238,222,6
COMPLETED,0.9,5011.0,4740,4106,358,210,7
COMPLETED,0.93,1447.0,123,1912,813,106,2
COMPLETED,0.89,4855.0,1506,2729,87,149,5
COMPLETED,0.88,7028.0,3631,1102,507,43,10
COMPLETED,0.88,9240.0,3717,4239,849,66,3
COMPLETED,0.91,2821.0,1459,2088,304,250,8
COMPLETED,0.9,3847.0,4786,1003,14,187,5
COMPLETED,0.89,6811.0,3952,3662,395,136,3
COMPLETED,0.89,5955.0,1225,170,939,55,8
COMPLETED,0.92,2508.0,2305,4434,167,199,6
COMPLETED,0.91,2572.0,2522,1585,747,117,2
COMPLETED,0.89,5605.0,3041,2885,211,46,7
COMPLETED,0.92,929.0,2174,634,631,145,2
COMPLETED,0.9,3895.0,704,3949,483,110,5
COMPLETED,0.9,4389.0,4080,2383,938,206,10
COMPLETED,0.9,4727.0,4682,4724,533,225,9
COMPLETED,0.9,2972.0,535,1290,113,91,4
COMPLETED,0.89,5721.0,1565,3288,777,165,1
COMPLETED,0.88,7138.0,3223,538,322,27,6
COMPLETED,0.9,4280.0,3340,3243,676,193,4
COMPLETED,0.89,3951.0,1838,427,221,119,10
COMPLETED,0.91,3320.0,418,4992,884,131,8
COMPLETED,0.91,2750.0,822,2338,524,173,7
COMPLETED,0.88,6973.0,1900,3086,375,76,8
COMPLETED,0.92,1650.0,2924,902,795,236,4
COMPLETED,0.91,3354.0,2796,4623,253,167,10
COMPLETED,0.9,3978.0,2422,1865,833,21,5
COMPLETED,0.91,4326.0,952,3538,59,227,2
COMPLETED,0.88,7560.0,3835,137,603,85,7
COMPLETED,0.89,7655.0,4903,2791,991,97,6
COMPLETED,0.92,1104.0,311,1192,412,216,1
COMPLETED,0.88,12167.0,1341,4206,700,33,4
COMPLETED,0.9,4687.0,3444,1964,156,155,9
COMPLETED,0.88,8377.0,3489,4404,722,24,8
COMPLETED,0.89,4609.0,1373,1615,174,167,2
COMPLETED,0.93,2482.0,255,3614,961,85,5
COMPLETED,0.9,2776.0,4882,218,386,231,10
COMPLETED,0.9,4213.0,3882,2559,23,219,8
COMPLETED,0.89,4394.0,983,954,571,97,3
COMPLETED,0.92,2884.0,2366,4269,298,156,2
COMPLETED,0.89,4938.0,2773,2058,873,36,6
COMPLETED,0.9,4514.0,2955,3357,331,121,2
COMPLETED,0.9,3513.0,1947,470,755,195,7
COMPLETED,0.91,4577.0,799,4734,106,59,10
COMPLETED,0.89,6024.0,4299,1281,557,133,5
COMPLETED,0.89,5697.0,4441,3939,913,176,4
COMPLETED,0.9,3336.0,464,2392,490,16,9
COMPLETED,0.9,4000.0,1816,2816,654,238,6
COMPLETED,0.88,6640.0,3283,703,203,78,1
COMPLETED,0.9,3685.0,3244,3095,802,142,10
COMPLETED,0.8699999999999999,9412.0,1621,892,351,46,4
COMPLETED,0.92,2712.0,503,3906,515,205,3
COMPLETED,0.89,5279.0,4637,2269,92,107,8
COMPLETED,0.88,7496.0,4103,4923,442,87,7
COMPLETED,0.91,3006.0,760,1560,893,225,1
COMPLETED,0.92,2640.0,2142,3234,245,26,4
COMPLETED,0.91,1758.0,2994,437,668,161,8
COMPLETED,0.92,2574.0,2578,4158,133,248,5
COMPLETED,0.92,1795.0,2327,2012,709,65,10
COMPLETED,0.9,3485.0,1179,2761,436,186,7
COMPLETED,0.8699999999999999,11369.0,4843,3568,611,53,1
COMPLETED,0.8599999999999999,214.0,59,107,35,135,6
COMPLETED,0.9,5198.0,1413,4671,824,115,9
COMPLETED,0.9,3645.0,3685,1817,275,197,4
COMPLETED,0.89,4862.0,3654,3703,120,157,6
COMPLETED,0.88,2834.0,92,4456,317,221,3
COMPLETED,0.88,5929.0,4693,1714,768,91,9
COMPLETED,0.89,7934.0,4045,4374,640,103,9
COMPLETED,0.91,2870.0,1172,2115,216,210,5
COMPLETED,0.91,3247.0,2202,2626,927,42,3
COMPLETED,0.92,1793.0,2586,1049,476,146,8
COMPLETED,0.9,5890.0,3104,4829,948,200,1
COMPLETED,0.9,898.0,2071,1346,400,112,6
COMPLETED,0.92,3896.0,651,3413,736,139,9
COMPLETED,0.8699999999999999,9579.0,4173,575,161,49,4
COMPLETED,0.8699999999999999,10239.0,4590,2917,311,6,5
COMPLETED,0.92,1611.0,589,754,859,182,10
COMPLETED,0.89,7838.0,1667,4000,9,69,7
COMPLETED,0.91,3501.0,3159,2483,584,243,2
COMPLETED,0.88,8245.0,3433,3801,423,40,8
COMPLETED,0.89,7746.0,1784,2213,998,151,3
COMPLETED,0.92,2763.0,315,3030,147,101,1
COMPLETED,0.9,3434.0,4473,797,695,215,7
COMPLETED,0.9,4667.0,4291,3143,837,235,7
COMPLETED,0.89,4080.0,924,376,262,81,3
COMPLETED,0.9,5911.0,1954,4872,597,171,4
COMPLETED,0.89,4856.0,2831,1459,49,21,10
COMPLETED,0.9,4338.0,2703,2662,529,75,4
COMPLETED,0.92,1117.0,2475,1170,79,241,9
COMPLETED,0.8699999999999999,10231.0,1055,4096,788,12,6
COMPLETED,0.88,5806.0,3772,1923,365,180,1
COMPLETED,0.89,7630.0,4967,4577,231,129,2
COMPLETED,0.92,1648.0,209,1750,682,62,7
COMPLETED,0.91,3636.0,1287,3511,456,191,10
COMPLETED,0.9,2223.0,3536,2,879,125,5
COMPLETED,0.9,3910.0,3533,3982,249,213,9
COMPLETED,0.89,5674.0,1251,2345,672,99,5
COMPLETED,0.93,1937.0,221,2859,446,150,2
COMPLETED,0.88,6879.0,4994,655,897,38,8
COMPLETED,0.8599999999999999,11719.0,3770,3314,511,19,6
COMPLETED,0.91,2823.0,1018,518,87,169,2
COMPLETED,0.9,4160.0,2488,4691,798,80,3
COMPLETED,0.92,1650.0,2729,1327,348,233,8
COMPLETED,0.91,2738.0,2833,2530,827,178,5
COMPLETED,0.92,3233.0,912,4238,615,240,7
COMPLETED,0.8699999999999999,9682.0,4264,2094,39,73,2
COMPLETED,0.88,8544.0,4476,4435,432,123,1
COMPLETED,0.92,1362.0,351,1579,980,189,6
COMPLETED,0.88,7038.0,1772,3643,130,61,9
COMPLETED,0.89,3908.0,3405,183,706,127,4
COMPLETED,0.9,5577.0,3132,3532,294,93,8
COMPLETED,0.89,3318.0,1655,138,869,223,3
COMPLETED,0.9,6121.0,625,4636,19,32,4
COMPLETED,0.89,6436.0,4593,1846,567,159,10
COMPLETED,0.89,5980.0,4147,4193,966,148,8
COMPLETED,0.9,4482.0,638,1983,391,44,4
COMPLETED,0.91,1617.0,2108,2797,725,211,1
COMPLETED,0.9,6652.0,3106,1191,177,105,6
COMPLETED,0.89,7297.0,2612,4971,650,51,2
COMPLETED,0.93,1217.0,2215,1517,199,141,7
COMPLETED,0.9,5166.0,1135,3281,909,113,10
COMPLETED,0.89,4011.0,4043,394,486,203,5
COMPLETED,0.9,4712.0,4721,3048,111,246,4
COMPLETED,0.91,812.0,103,935,561,71,9
COMPLETED,0.9,4832.0,1525,3858,334,184,6
COMPLETED,0.89,5933.0,3698,2953,601,109,9
COMPLETED,0.91,2800.0,1439,721,53,208,3
COMPLETED,0.93,2267.0,58,4038,841,48,2
COMPLETED,0.89,5483.0,4806,2449,265,144,6
COMPLETED,0.9,5577.0,3933,4791,144,163,8
COMPLETED,0.8699999999999999,10801.0,1206,1380,692,29,3
COMPLETED,0.93,2274.0,2324,3376,418,227,5
COMPLETED,0.91,1858.0,2542,608,994,89,9
COMPLETED,0.91,1261.0,2115,2154,883,188,9
COMPLETED,0.9,3933.0,763,2580,235,67,6
COMPLETED,0.9,3285.0,4139,1090,686,249,1
COMPLETED,0.89,5294.0,4624,3749,785,198,2
COMPLETED,0.91,1403.0,476,239,361,118,7
COMPLETED,0.9,5056.0,1623,4500,524,137,10
COMPLETED,0.88,7074.0,3281,1675,74,55,5
COMPLETED,0.9,4207.0,3320,4536,923,229,7
COMPLETED,0.8699999999999999,9058.0,1818,1796,472,83,1
COMPLETED,0.93,2601.0,437,3472,636,165,3
COMPLETED,0.8699999999999999,8300.0,4429,47,213,23,8
COMPLETED,0.88,8115.0,4335,2701,321,35,10
COMPLETED,0.91,2465.0,802,1126,771,153,5
COMPLETED,0.88,7980.0,1920,4137,124,95,3
COMPLETED,0.91,2173.0,2943,1877,548,217,7
COMPLETED,0.9,3885.0,2737,3177,5,131,1
COMPLETED,0.91,2188.0,2363,338,580,57,6
COMPLETED,0.91,3409.0,1011,4905,307,193,9
COMPLETED,0.88,6767.0,3894,1423,856,120,4
COMPLETED,0.88,8293.0,4845,3768,739,77,5
COMPLETED,0.92,1452.0,253,2250,164,236,10
COMPLETED,0.8699999999999999,9632.0,1400,2996,953,14,7
COMPLETED,0.9,3850.0,3502,835,404,174,2
COMPLETED,0.88,8435.0,3470,3424,970,59,3
COMPLETED,0.9,2797.0,1354,559,425,133,9
COMPLETED,0.92,3007.0,274,4821,714,121,6
COMPLETED,0.89,5258.0,4901,1349,135,195,2
COMPLETED,0.9,4770.0,3862,4009,274,238,3
COMPLETED,0.9,4504.0,964,2480,818,78,8
COMPLETED,0.92,2063.0,2386,2906,46,175,9
COMPLETED,0.88,6965.0,2793,770,626,16,5
COMPLETED,0.91,4407.0,2896,4491,83,87,9
COMPLETED,0.9,3945.0,1889,1684,502,230,4
COMPLETED,0.8599999999999999,12337.0,858,3680,354,23,1
COMPLETED,0.89,4180.0,4357,308,809,169,6
COMPLETED,0.89,6602.0,4382,2649,661,157,7
COMPLETED,0.88,5783.0,405,1021,242,35,2
COMPLETED,0.9,5041.0,1875,4338,906,218,5
COMPLETED,0.9,4473.0,3342,2145,451,98,10
COMPLETED,0.91,4725.0,3225,4068,554,185,1
COMPLETED,0.91,2022.0,522,2692,763,248,8
COMPLETED,0.8699999999999999,9622.0,4656,1135,343,65,3
COMPLETED,0.89,7006.0,4083,3481,191,115,4
COMPLETED,0.91,836.0,740,38,645,197,10
COMPLETED,0.93,2780.0,2162,4605,496,53,8
COMPLETED,0.9,3568.0,3014,1727,916,135,3
COMPLETED,0.92,2323.0,2519,3027,382,204,6
COMPLETED,0.92,1670.0,2269,805,961,108,1
COMPLETED,0.9,4919.0,1237,3817,188,143,4
COMPLETED,0.88,7869.0,3980,2202,733,45,9
COMPLETED,0.88,10543.0,4784,4856,863,25,10
COMPLETED,0.68,805.0,1,1470,283,163,5
COMPLETED,0.88,7676.0,1471,3146,571,89,2
COMPLETED,0.9,2607.0,3744,367,27,224,7
COMPLETED,0.9,5570.0,3595,4759,372,138,5
COMPLETED,0.88,6278.0,1503,1260,791,50,9
COMPLETED,0.92,1834.0,150,3324,65,201,8
COMPLETED,0.88,6276.0,4752,508,520,111,2
COMPLETED,0.8699999999999999,9673.0,3986,2849,888,68,2
COMPLETED,0.91,1956.0,1113,665,469,244,6
COMPLETED,0.91,2473.0,2644,2413,224,181,3
COMPLETED,0.92,3018.0,3085,3615,697,220,10
COMPLETED,0.89,326.0,2052,212,152,93,5
COMPLETED,0.91,3664.0,670,4386,987,159,2
COMPLETED,0.8699999999999999,9069.0,4193,1629,408,29,7
COMPLETED,0.8699999999999999,9628.0,4570,4287,64,40,6
COMPLETED,0.91,2579.0,569,2044,608,147,1
COMPLETED,0.88,6800.0,1687,2558,256,104,4
COMPLETED,0.91,1901.0,3179,961,836,208,9
COMPLETED,0.89,3949.0,1726,1240,750,179,8
COMPLETED,0.92,2979.0,374,4164,399,74,10
COMPLETED,0.9,4018.0,4531,2011,944,242,4
COMPLETED,0.9,5305.0,4232,4665,589,192,4
COMPLETED,0.91,2755.0,866,1818,9,125,8
COMPLETED,0.8399999999999999,1779.0,2013,3582,845,129,7
COMPLETED,0.88,5987.0,2890,89,301,63,1
COMPLETED,0.91,3755.0,2684,3868,780,103,7
COMPLETED,0.92,1904.0,2456,2302,326,214,2
COMPLETED,0.89,7168.0,1074,3116,537,39,5
COMPLETED,0.9,3581.0,3791,867,117,153,10
COMPLETED,0.89,6259.0,4947,3213,479,172,9
COMPLETED,0.91,2242.0,189,462,933,19,4
COMPLETED,0.9,4528.0,1307,4961,208,233,1
COMPLETED,0.89,6232.0,3556,1527,628,83,6
COMPLETED,0.89,6150.0,3564,3219,137,97,7
COMPLETED,0.9,2684.0,1300,452,712,219,2
COMPLETED,0.92,3312.0,192,4948,423,36,5
COMPLETED,0.89,4604.0,4944,1535,972,155,10
COMPLETED,0.9,4984.0,3798,3881,624,167,9
COMPLETED,0.8699999999999999,9184.0,1067,2294,48,25,4
COMPLETED,0.92,2321.0,2458,3111,820,231,1
COMPLETED,0.9,2655.0,2681,877,272,85,6
COMPLETED,0.88,11326.0,2882,4657,807,16,3
COMPLETED,0.82,997.0,2020,1831,356,176,8
COMPLETED,0.9,4013.0,863,3592,504,79,9
COMPLETED,0.89,3264.0,4234,83,81,238,5
COMPLETED,0.89,5176.0,4523,2737,453,195,3
COMPLETED,0.92,1466.0,381,1246,904,121,9
COMPLETED,0.89,5618.0,1723,4172,240,133,6
COMPLETED,0.8699999999999999,9238.0,3377,1998,663,58,1
COMPLETED,0.91,3693.0,3181,4293,341,225,10
COMPLETED,0.88,6323.0,1684,2034,765,87,5
COMPLETED,0.92,2541.0,576,2545,102,161,2
COMPLETED,0.8699999999999999,10426.0,4563,969,552,27,7
COMPLETED,0.88,9361.0,4195,3628,918,46,6
COMPLETED,0.91,2191.0,668,204,494,142,1
COMPLETED,0.91,2361.0,2059,4380,643,107,4
COMPLETED,0.91,2459.0,3078,1639,193,206,9
COMPLETED,0.91,3125.0,2642,2841,734,135,5
COMPLETED,0.92,1124.0,2263,678,186,53,10
COMPLETED,0.91,3650.0,1106,3924,959,197,7
COMPLETED,0.88,7556.0,3994,2407,384,116,3
COMPLETED,0.8699999999999999,11390.0,4749,4749,25,65,1
COMPLETED,0.9,815.0,153,1265,573,247,7
COMPLETED,0.9,3622.0,3603,495,861,186,3
COMPLETED,0.9,4663.0,3746,4847,518,209,6
COMPLETED,0.88,6896.0,1469,1484,67,103,1
COMPLETED,0.79,1619.0,8,3158,793,146,4
COMPLETED,0.88,6411.0,4777,361,370,42,9
COMPLETED,0.88,7739.0,3982,3015,226,30,10
COMPLETED,0.9,3262.0,1235,812,677,157,5
COMPLETED,0.92,4309.0,2276,3826,467,91,2
COMPLETED,0.92,1815.0,2512,2188,890,221,7
COMPLETED,0.9,4239.0,3011,3487,410,182,2
COMPLETED,0.92,3091.0,733,4591,150,244,8
COMPLETED,0.88,9630.0,4091,1736,699,69,3
COMPLETED,0.89,7404.0,4654,4082,834,111,5
COMPLETED,0.92,1695.0,524,1937,258,201,10
COMPLETED,0.8699999999999999,8729.0,1595,2685,610,49,8
COMPLETED,0.89,4709.0,3232,1147,62,139,2
COMPLETED,0.89,5558.0,3349,2640,945,82,9
COMPLETED,0.9,3039.0,1868,1035,397,235,4
COMPLETED,0.89,7914.0,407,4350,748,21,1
COMPLETED,0.9,5565.0,4380,2139,173,171,6
COMPLETED,0.89,6614.0,4364,4479,299,152,7
COMPLETED,0.88,7469.0,850,1691,847,40,2
COMPLETED,0.9,5164.0,1891,3689,11,215,5
COMPLETED,0.9,2519.0,2894,294,587,101,10
COMPLETED,0.9,5808.0,2785,4015,115,63,4
COMPLETED,0.92,1905.0,2393,2468,539,129,8
COMPLETED,0.91,3890.0,961,2892,328,125,6
COMPLETED,0.89,8384.0,3865,779,779,191,1
COMPLETED,0.9,5093.0,4894,3438,630,242,3
COMPLETED,0.92,1075.0,281,550,206,75,8
COMPLETED,0.9,4509.0,1352,4814,931,180,10
COMPLETED,0.8499999999999999,14295.0,3473,1361,481,12,4
COMPLETED,0.89,7276.0,3500,3757,899,127,1
COMPLETED,0.88,6640.0,1402,2257,444,61,6
COMPLETED,0.93,1800.0,246,3005,670,190,9
COMPLETED,0.89,5331.0,4852,821,251,123,4
COMPLETED,0.88,9279.0,3891,3167,346,72,5
COMPLETED,0.91,1459.0,1013,352,800,240,10
COMPLETED,0.91,4551.0,2355,4916,89,11,7
COMPLETED,0.91,2654.0,2744,1416,509,177,2
COMPLETED,0.91,2778.0,2945,2715,37,231,6
COMPLETED,0.8699999999999999,10079.0,1917,1116,617,81,2
COMPLETED,0.91,3747.0,810,4130,281,171,3
COMPLETED,0.88,10543.0,4431,4543,708,37,9
COMPLETED,0.92,2907.0,435,1784,128,151,5
COMPLETED,0.88,7783.0,1826,3458,978,101,3
COMPLETED,0.9,2090.0,3313,56,434,212,8
COMPLETED,0.8599999999999999,13206.0,3274,3738,565,9,4
COMPLETED,0.9,2567.0,1630,246,20,183,9
COMPLETED,0.91,3697.0,474,4510,871,70,6
COMPLETED,0.9,4928.0,4626,1661,292,246,1
COMPLETED,0.89,5529.0,4132,4320,179,203,2
COMPLETED,0.91,3033.0,771,2168,724,113,7
COMPLETED,0.91,1496.0,2112,2591,389,140,10
COMPLETED,0.89,6080.0,2985,1083,968,51,5
COMPLETED,0.92,3735.0,2549,4805,488,106,8
COMPLETED,0.93,1305.0,2316,1371,907,210,4
COMPLETED,0.8699999999999999,11753.0,1209,3369,197,42,1
COMPLETED,0.89,4685.0,3930,619,652,149,7
COMPLETED,0.89,5380.0,4813,2960,756,161,8
COMPLETED,0.92,1180.0,50,710,336,31,3
COMPLETED,0.91,4865.0,1441,4024,563,221,4
COMPLETED,0.89,7802.0,3695,2459,109,95,10
COMPLETED,0.8699999999999999,10578.0,3643,3061,263,55,2
COMPLETED,0.9,4385.0,1532,927,843,137,7
COMPLETED,0.92,2128.0,101,3853,55,117,10
COMPLETED,0.9,5862.0,4723,2323,599,199,5
COMPLETED,0.9,5034.0,4036,4976,996,250,4
COMPLETED,0.89,4949.0,1142,1506,416,66,9
COMPLETED,0.92,2054.0,2212,3268,690,187,6
COMPLETED,0.9,4812.0,3113,4182,688,91,8
COMPLETED,0.9,1188.0,2101,1988,233,226,3
COMPLETED,0.89,5625.0,641,2805,881,27,5
COMPLETED,0.9,3799.0,4145,1178,462,165,9
COMPLETED,0.89,5420.0,4600,3524,72,145,8
COMPLETED,0.89,4862.0,617,151,527,47,3
COMPLETED,0.9,7365.0,1658,4647,363,206,2
COMPLETED,0.9,4560.0,3129,1841,783,110,6
COMPLETED,0.9,4513.0,3403,4448,215,174,5
COMPLETED,0.88,7822.0,1775,1571,634,14,10
COMPLETED,0.92,2216.0,344,3638,470,236,7
COMPLETED,0.8699999999999999,8631.0,4483,194,925,76,2
COMPLETED,0.88,7601.0,4262,2535,546,119,1
COMPLETED,0.91,1858.0,914,979,126,193,6
COMPLETED,0.88,8600.0,1984,4225,773,57,9
COMPLETED,0.91,3286.0,2840,2102,319,131,4
COMPLETED,0.92,2489.0,2731,3303,854,216,10
COMPLETED,0.91,1825.0,2486,523,309,96,4
COMPLETED,0.91,4658.0,1025,4699,582,155,3
COMPLETED,0.8699999999999999,10373.0,4997,3974,406,21,7
COMPLETED,0.92,1742.0,218,2358,951,167,1
COMPLETED,0.89,6338.0,1259,2870,162,85,3
COMPLETED,0.91,2196.0,3526,650,741,228,8
COMPLETED,0.88,7643.0,3544,4589,384,78,4
COMPLETED,0.91,2355.0,1280,1742,964,238,9
COMPLETED,0.91,3108.0,211,3506,176,16,6
COMPLETED,0.88,4732.0,4964,13,720,175,1
COMPLETED,0.88,6873.0,3779,2667,875,132,2
COMPLETED,0.89,5032.0,1048,1160,295,59,7
COMPLETED,0.92,2514.0,2478,4083,569,195,10
COMPLETED,0.9,2899.0,2700,1931,24,121,5
COMPLETED,0.9,4738.0,2823,3132,559,35,8
COMPLETED,0.88,5266.0,1961,381,104,157,3
COMPLETED,0.9,7162.0,922,4880,752,99,2
COMPLETED,0.9,4579.0,4293,1447,333,217,6
COMPLETED,0.9,4557.0,4465,3793,201,229,8
COMPLETED,0.91,2369.0,323,2226,655,87,2
COMPLETED,0.9,5078.0,1782,3041,492,169,5
COMPLETED,0.89,5934.0,3435,791,911,23,9
COMPLETED,0.9,4151.0,3162,2929,94,197,1
COMPLETED,0.89,4861.0,1664,746,514,115,6
COMPLETED,0.92,3005.0,596,3995,349,134,9
COMPLETED,0.8699999999999999,10159.0,4582,2494,804,53,4
COMPLETED,0.92,1824.0,649,1335,247,185,10
COMPLETED,0.91,2031.0,2078,3400,895,64,7
COMPLETED,0.91,2015.0,3097,583,440,248,2
COMPLETED,0.92,2966.0,2583,4363,983,163,7
COMPLETED,0.91,3340.0,2204,2120,438,25,1
COMPLETED,0.91,3484.0,1165,2634,711,224,3
COMPLETED,0.88,6943.0,4052,1037,131,89,8
COMPLETED,0.89,6370.0,4691,3695,277,108,10
COMPLETED,0.89,356.0,94,293,822,204,4
COMPLETED,0.8699999999999999,10365.0,1553,4466,33,44,3
COMPLETED,0.9,3906.0,3661,1709,612,143,8
COMPLETED,0.9,3956.0,3687,3557,770,244,5
COMPLETED,0.88,5106.0,1410,114,316,68,10
COMPLETED,0.9,2428.0,67,4681,541,181,7
COMPLETED,0.8699999999999999,12414.0,3924,4148,474,49,1
COMPLETED,0.89,4041.0,1176,2026,929,139,6
COMPLETED,0.93,1984.0,2334,2772,218,111,9
COMPLETED,0.92,1485.0,2570,1215,638,201,4
COMPLETED,0.91,4221.0,2991,4937,158,147,9
COMPLETED,0.92,1478.0,2145,1551,738,41,5
COMPLETED,0.92,2789.0,753,3227,402,208,3
COMPLETED,0.89,5139.0,4111,448,946,104,8
COMPLETED,0.88,6468.0,4634,3102,587,93,6
COMPLETED,0.92,1288.0,505,881,7,220,2
COMPLETED,0.8599999999999999,11463.0,1614,3892,858,29,3
COMPLETED,0.9,3271.0,3251,2278,313,159,9
COMPLETED,0.89,5754.0,3290,3928,693,125,2
COMPLETED,0.9,4010.0,1809,2399,149,191,7
COMPLETED,0.91,2831.0,466,2825,1000,63,10
COMPLETED,0.89,5006.0,4439,689,421,129,5
COMPLETED,0.89,5419.0,4306,3348,51,179,4
COMPLETED,0.9,3314.0,792,484,595,12,9
COMPLETED,0.9,4667.0,1949,4745,260,242,6
COMPLETED,0.88,6316.0,2952,1274,839,74,1
COMPLETED,0.89,5542.0,2766,2573,366,19,8
COMPLETED,0.92,1148.0,2373,945,786,172,3
COMPLETED,0.9,5128.0,981,4262,76,83,4
COMPLETED,0.9,3416.0,3885,2069,531,233,10
COMPLETED,0.9,4866.0,4875,4411,877,214,8
COMPLETED,0.92,1617.0,262,1604,457,102,3
COMPLETED,0.89,5338.0,1371,3600,684,153,1
COMPLETED,0.88,7198.0,3492,227,229,39,7
COMPLETED,0.9,4575.0,3442,2782,647,169,10
COMPLETED,0.8599999999999999,12104.0,1344,1207,196,19,5
COMPLETED,0.93,2451.0,304,4218,922,233,2
COMPLETED,0.88,7156.0,4910,1958,499,80,7
COMPLETED,0.89,7008.0,3832,4611,97,99,6
COMPLETED,0.9,3669.0,954,1872,548,213,1
COMPLETED,0.9,4185.0,2414,3547,338,38,4
COMPLETED,0.91,1434.0,2803,123,761,149,9
COMPLETED,0.91,3407.0,2926,3844,289,189,5
COMPLETED,0.89,5117.0,1898,2326,864,123,9
COMPLETED,0.91,3418.0,829,3072,30,127,8
COMPLETED,0.8699999999999999,8964.0,4346,911,578,60,3
COMPLETED,0.92,889.0,415,418,379,178,6
COMPLETED,0.89,7365.0,1845,4985,731,73,9
COMPLETED,0.91,2955.0,3333,1503,183,239,3
COMPLETED,0.89,7101.0,3216,4715,817,44,7
COMPLETED,0.89,4901.0,1572,1304,269,148,2
COMPLETED,0.91,3054.0,532,3300,619,105,5
COMPLETED,0.9,3418.0,4685,532,43,212,10
COMPLETED,0.9,4235.0,4073,2873,427,223,9
COMPLETED,0.91,2813.0,712,641,976,93,4
COMPLETED,0.94,2293.0,2171,3958,140,159,1
COMPLETED,0.88,8709.0,3043,2369,716,32,6
COMPLETED,0.91,3965.0,2530,3668,237,71,3
COMPLETED,0.9,450.0,2297,158,660,245,7
COMPLETED,0.89,4969.0,3950,1594,899,184,5
COMPLETED,0.89,6847.0,4793,4253,508,141,3
COMPLETED,0.88,1157.0,30,2079,85,51,8
COMPLETED,0.9,3625.0,1461,2504,811,202,7
COMPLETED,0.88,6984.0,3715,1015,360,114,1
COMPLETED,0.88,7730.0,3624,4112,16,28,9
COMPLETED,0.89,4250.0,1513,1902,592,163,4
COMPLETED,0.93,1801.0,120,2716,302,89,1
COMPLETED,0.9,3445.0,4742,1110,850,227,6
COMPLETED,0.9,4609.0,4016,3457,745,207,7
COMPLETED,0.88,4376.0,1122,63,169,109,2
COMPLETED,0.93,2596.0,2232,4561,941,144,5
COMPLETED,0.91,3140.0,2634,1771,393,48,10
COMPLETED,0.89,5443.0,3055,2973,936,117,3
COMPLETED,0.8599999999999999,562.0,2043,859,485,199,8
COMPLETED,0.9,4719.0,699,3782,633,55,6
COMPLETED,0.89,6250.0,4203,2236,209,137,2
COMPLETED,0.9,6304.0,4541,4891,324,188,2
COMPLETED,0.91,3522.0,1717,3200,111,250,10
COMPLETED,0.88,5390.0,3188,314,535,67,5
COMPLETED,0.9,4251.0,3383,3390,462,154,6
COMPLETED,0.8599999999999999,12001.0,1756,594,885,34,1
COMPLETED,0.92,4197.0,363,4767,223,217,4
COMPLETED,0.88,6192.0,4502,1403,673,95,9
COMPLETED,0.89,6798.0,4242,4062,797,83,10
COMPLETED,0.91,2526.0,894,2426,374,229,5
COMPLETED,0.8299999999999998,1673.0,2003,2939,522,22,2
COMPLETED,0.91,1874.0,2860,735,71,165,7
COMPLETED,0.91,3231.0,2673,4516,606,236,1
COMPLETED,0.91,2577.0,2427,1660,57,77,6
COMPLETED,0.91,3760.0,1083,3724,831,174,8
COMPLETED,0.8699999999999999,12262.0,4938,2605,154,57,4
COMPLETED,0.92,1001.0,159,1065,702,131,10
COMPLETED,0.9,6376.0,1318,4313,414,119,8
COMPLETED,0.89,4356.0,3585,2169,989,193,3
COMPLETED,0.8699999999999999,12968.0,3583,4301,594,47,5
COMPLETED,0.9,5041.0,1320,2187,14,144,10
COMPLETED,0.92,1839.0,172,2611,850,109,7
COMPLETED,0.9,4005.0,4925,1065,306,207,2
COMPLETED,0.9,6712.0,3818,3718,166,227,1
COMPLETED,0.89,3770.0,1086,264,745,90,6
COMPLETED,0.91,2759.0,2439,4528,394,164,9
COMPLETED,0.89,7766.0,2661,1642,939,28,4
COMPLETED,0.9,5740.0,2862,2940,482,68,9
COMPLETED,0.63,428.0,2001,730,936,249,5
COMPLETED,0.9,4759.0,4254,2439,631,188,8
COMPLETED,0.89,6227.0,4504,4785,777,138,6
COMPLETED,0.9,3662.0,361,1390,323,54,2
COMPLETED,0.9,4661.0,1743,3389,534,198,3
COMPLETED,0.9,3406.0,3396,599,114,118,8
COMPLETED,0.9,7096.0,3200,3187,885,165,2
COMPLETED,0.8699999999999999,8986.0,1704,331,466,22,7
COMPLETED,0.92,3908.0,556,4896,676,228,10
COMPLETED,0.88,10326.0,4544,1436,221,84,5
COMPLETED,0.88,8427.0,4215,3777,375,96,4
COMPLETED,0.92,2074.0,687,2237,794,217,9
COMPLETED,0.91,1654.0,2040,2986,68,34,6
COMPLETED,0.9,3181.0,3058,841,523,154,1
COMPLETED,0.91,3031.0,2622,4561,59,192,8
COMPLETED,0.93,1495.0,2244,1765,603,120,3
COMPLETED,0.9,5651.0,1125,3439,251,132,4
COMPLETED,0.8699999999999999,8449.0,4014,75,831,56,10
COMPLETED,0.8699999999999999,14208.0,4730,2734,702,13,8
COMPLETED,0.9,1277.0,132,1098,157,175,3
COMPLETED,0.8699999999999999,12686.0,1515,4112,992,77,1
COMPLETED,0.9,4394.0,3622,1908,413,235,7
COMPLETED,0.89,5571.0,3727,2516,193,150,4
COMPLETED,0.88,7565.0,1449,998,648,38,9
COMPLETED,0.8299999999999998,2161.0,28,4244,499,213,6
COMPLETED,0.88,8298.0,4795,2083,919,100,1
COMPLETED,0.8699999999999999,11092.0,3962,4429,551,80,2
COMPLETED,0.91,2610.0,1216,1590,97,232,7
COMPLETED,0.92,2889.0,2295,3657,760,18,10
COMPLETED,0.92,947.0,2532,175,340,170,5
COMPLETED,0.92,3006.0,3031,3953,868,239,9
COMPLETED,0.92,2156.0,2183,2378,288,73,3
COMPLETED,0.91,4799.0,714,2889,576,178,2
COMPLETED,0.8699999999999999,14010.0,4070,629,32,10,6
COMPLETED,0.88,8161.0,4672,3283,377,60,8
COMPLETED,0.91,1830.0,545,544,956,127,3
COMPLETED,0.89,5766.0,1574,4720,183,124,5
COMPLETED,0.91,2968.0,3213,1295,728,189,9
COMPLETED,0.8699999999999999,12492.0,3330,4997,269,32,1
COMPLETED,0.89,4479.0,1848,1487,813,160,6
COMPLETED,0.92,2456.0,427,3248,41,94,9
COMPLETED,0.9,4352.0,4399,423,621,222,4
COMPLETED,0.9,4743.0,4344,3081,975,211,5
COMPLETED,0.91,2184.0,831,906,430,106,10
COMPLETED,0.89,7043.0,1910,3832,719,148,7
COMPLETED,0.88,7985.0,2914,2343,140,44,2
COMPLETED,0.9,3772.0,2806,3543,658,114,7
COMPLETED,0.92,831.0,2412,132,239,202,1
COMPLETED,0.89,7769.0,942,4628,903,50,3
COMPLETED,0.89,4634.0,3845,1860,448,141,8
COMPLETED,0.9,4910.0,4913,4201,86,184,10
COMPLETED,0.9,4317.0,301,1969,505,8,4
COMPLETED,0.91,3375.0,1332,2786,357,245,3
COMPLETED,0.89,6727.0,3454,1197,812,71,7
COMPLETED,0.91,4009.0,3480,3609,316,202,9
COMPLETED,0.88,5149.0,1383,223,766,111,4
COMPLETED,0.92,4661.0,265,4399,120,138,1
COMPLETED,0.88,8901.0,4872,1620,543,50,6
COMPLETED,0.91,3674.0,993,2053,477,181,2
COMPLETED,0.91,2725.0,2376,2564,641,68,5
COMPLETED,0.93,1107.0,2763,950,218,245,10
COMPLETED,0.91,4212.0,2965,4728,736,159,3
COMPLETED,0.8699999999999999,9232.0,1937,1285,161,29,9
COMPLETED,0.92,2599.0,790,3352,950,220,6
COMPLETED,0.8699999999999999,8454.0,4308,474,401,92,2
COMPLETED,0.88,7472.0,4451,2821,8,104,3
COMPLETED,0.92,1054.0,454,699,583,208,8
COMPLETED,0.88,8150.0,1807,3945,310,41,9
COMPLETED,0.9,3795.0,3293,2388,859,147,5
COMPLETED,0.89,6238.0,3254,3902,147,74,6
COMPLETED,0.9,3872.0,1611,2274,695,243,1
COMPLETED,0.89,8921.0,493,3091,421,13,4
COMPLETED,0.9,3213.0,4646,898,997,179,9
COMPLETED,0.89,5815.0,4113,3239,598,128,10
COMPLETED,0.9,3587.0,751,431,50,64,5
COMPLETED,0.92,3434.0,2133,4927,838,192,2
COMPLETED,0.9,3591.0,3004,1555,262,124,7
COMPLETED,0.89,7091.0,2568,2756,790,39,1
COMPLETED,0.92,1817.0,2337,1227,366,153,7
COMPLETED,0.9,4984.0,1189,4153,530,102,8
COMPLETED,0.89,4883.0,3911,2017,79,214,3
COMPLETED,0.9,4869.0,4833,4676,455,234,5
COMPLETED,0.89,1151.0,69,1812,878,83,10
COMPLETED,0.9,4467.0,1422,3573,230,172,7
COMPLETED,0.89,5049.0,3663,4461,963,121,10
COMPLETED,0.9,4424.0,1551,1710,388,196,5
COMPLETED,0.94,2200.0,82,3708,723,60,2
COMPLETED,0.89,4895.0,4703,275,174,132,7
COMPLETED,0.89,7991.0,4055,2621,297,175,6
COMPLETED,0.92,2435.0,2192,4368,21,238,4
COMPLETED,0.91,2328.0,2595,2119,570,78,9
COMPLETED,0.8699999999999999,9255.0,3094,3418,106,24,5
COMPLETED,0.88,483.0,2081,570,556,168,9
COMPLETED,0.91,4012.0,661,4834,329,86,8
COMPLETED,0.89,4508.0,4164,1341,753,230,2
COMPLETED,0.89,5524.0,4580,3995,655,218,2
COMPLETED,0.91,3102.0,599,2488,204,98,6
COMPLETED,0.9,4640.0,1677,2911,914,156,8
COMPLETED,0.88,7999.0,3149,759,491,35,3
COMPLETED,0.91,3019.0,3423,3035,516,248,7
COMPLETED,0.8699999999999999,8721.0,1794,792,92,64,2
COMPLETED,0.92,2628.0,325,3806,803,185,5
COMPLETED,0.88,8909.0,4281,4867,244,54,9
COMPLETED,0.9,3415.0,934,1465,667,134,4
COMPLETED,0.88,8007.0,1963,3138,441,115,1
COMPLETED,0.91,1550.0,2821,381,892,198,6
COMPLETED,0.91,3722.0,2713,4101,435,143,3
COMPLETED,0.91,2607.0,2465,1918,983,45,8
COMPLETED,0.91,3065.0,1045,2666,133,205,10
COMPLETED,0.88,8247.0,3781,1165,709,108,4
COMPLETED,0.88,11525.0,4976,3507,824,88,4
COMPLETED,0.89,264.0,199,8,276,224,8
COMPLETED,0.8699999999999999,9963.0,1278,4572,612,26,6
COMPLETED,0.89,5095.0,3546,1755,36,162,1
COMPLETED,0.9,3751.0,1261,660,267,186,1
COMPLETED,0.92,2655.0,230,3977,602,66,4
COMPLETED,0.91,3822.0,4984,2350,54,250,9
COMPLETED,0.9,7248.0,3760,4696,418,200,10
COMPLETED,0.9,3449.0,1028,1323,994,116,5
COMPLETED,0.91,3234.0,2498,3319,142,136,2
COMPLETED,0.9,3143.0,2719,513,690,56,7
COMPLETED,0.9,5412.0,2842,4233,234,110,1
COMPLETED,0.89,4780.0,1981,2099,685,206,6
COMPLETED,0.89,5562.0,902,2524,458,47,9
COMPLETED,0.89,6212.0,4274,994,882,145,3
COMPLETED,0.89,9254.0,4485,3648,526,164,5
COMPLETED,0.9,2208.0,342,179,75,27,9
COMPLETED,0.9,6312.0,1763,4440,785,226,8
COMPLETED,0.88,8517.0,3415,1574,362,90,3
COMPLETED,0.9,4875.0,3141,4632,637,130,9
COMPLETED,0.88,10042.0,1645,1852,214,58,4
COMPLETED,0.91,3531.0,615,3527,924,194,1
COMPLETED,0.88,6726.0,4602,143,473,118,6
COMPLETED,0.89,7985.0,4157,2802,123,76,7
COMPLETED,0.92,2170.0,629,1186,546,237,2
COMPLETED,0.93,2746.0,2098,4197,321,15,5
COMPLETED,0.91,2815.0,3116,1978,771,173,10
COMPLETED,0.92,2588.0,2602,3276,306,228,3
COMPLETED,0.91,838.0,2224,400,855,85,8
COMPLETED,0.8699999999999999,12748.0,4711,3863,953,33,3
COMPLETED,0.89,1374.0,113,2307,405,155,7
COMPLETED,0.89,6020.0,1535,3053,741,96,10
COMPLETED,0.91,2706.0,3641,930,165,216,4
COMPLETED,0.9,4650.0,3707,4043,445,177,7
COMPLETED,0.88,1544.0,48,2959,248,240,5
COMPLETED,0.89,5635.0,4815,717,671,72,10
COMPLETED,0.89,6504.0,3943,3370,799,123,9
COMPLETED,0.91,2723.0,1197,612,348,190,4
COMPLETED,0.91,4107.0,2314,4786,513,62,1
COMPLETED,0.9,2260.0,2551,1384,89,126,6
COMPLETED,0.91,3121.0,2972,2585,615,212,2
COMPLETED,0.92,938.0,2125,1085,40,100,8
COMPLETED,0.92,3315.0,773,4334,828,150,10
COMPLETED,0.8699999999999999,10562.0,4129,2149,280,37,5
COMPLETED,0.92,2162.0,486,1680,704,170,8
COMPLETED,0.88,6775.0,1633,3744,432,80,6
COMPLETED,0.91,2995.0,3271,244,980,232,2
COMPLETED,0.89,6773.0,3311,3476,18,52,10
COMPLETED,0.88,5730.0,1828,42,566,140,5
COMPLETED,0.92,4676.0,447,4541,292,113,2
COMPLETED,0.9,3982.0,4419,1791,868,203,7
COMPLETED,0.9,6034.0,4325,4132,727,246,6
COMPLETED,0.89,6887.0,812,1882,179,70,1
COMPLETED,0.89,5644.0,1929,2696,967,183,4
COMPLETED,0.91,4645.0,2747,4909,910,94,4
COMPLETED,0.92,1209.0,2353,1417,487,222,10
COMPLETED,0.89,5756.0,1001,3181,651,32,8
COMPLETED,0.89,4395.0,3903,333,200,160,3
COMPLETED,0.88,8252.0,4854,2992,334,148,1
COMPLETED,0.92,1404.0,243,840,757,43,7
COMPLETED,0.91,4955.0,1390,3764,109,210,8
COMPLETED,0.89,5496.0,3512,2256,560,106,4
COMPLETED,0.9,4463.0,3461,4816,65,221,2
COMPLETED,0.9,5463.0,1364,1355,519,91,7
COMPLETED,0.92,2163.0,284,3419,371,158,10
COMPLETED,0.8699999999999999,9943.0,4891,564,790,30,5
COMPLETED,0.8699999999999999,10382.0,3852,2910,680,42,4
COMPLETED,0.91,2288.0,974,765,226,146,9
COMPLETED,0.92,3174.0,2395,4013,888,103,6
COMPLETED,0.92,2994.0,2783,2474,469,209,1
COMPLETED,0.91,4528.0,2906,3675,989,139,8
COMPLETED,0.8599999999999999,10564.0,1879,313,409,48,2
COMPLETED,0.91,4016.0,848,4486,697,200,5
COMPLETED,0.89,5847.0,4367,1689,153,112,9
COMPLETED,0.88,7815.0,4392,4343,256,70,8
COMPLETED,0.92,1948.0,395,2140,836,243,3
COMPLETED,0.91,2596.0,3352,1016,607,182,6
COMPLETED,0.9,5077.0,3235,2687,398,101,5
COMPLETED,0.91,2421.0,1592,1140,942,215,10
COMPLETED,0.9,4491.0,512,4063,170,40,7
COMPLETED,0.88,7606.0,4666,1951,749,152,2
COMPLETED,0.89,7591.0,4093,4610,845,171,1
COMPLETED,0.89,5902.0,731,1722,301,20,6
COMPLETED,0.9,1970.0,2152,3486,591,234,9
COMPLETED,0.9,4472.0,3023,33,11,82,4
COMPLETED,0.92,3311.0,2510,3812,538,11,10
COMPLETED,0.92,1592.0,2278,2207,118,180,4
COMPLETED,0.88,9466.0,1247,3021,782,75,3
COMPLETED,0.9,5023.0,3970,810,327,241,8
COMPLETED,0.89,7063.0,4774,3152,206,190,7
COMPLETED,0.79,290.0,10,363,626,126,1
COMPLETED,0.9,6238.0,1481,4861,478,130,4
COMPLETED,0.88,7279.0,3734,1466,933,62,8
COMPLETED,0.88,9240.0,3605,3329,715,86,1
COMPLETED,0.91,2458.0,1493,502,135,230,6
COMPLETED,0.93,2836.0,140,4764,971,24,9
COMPLETED,0.89,5446.0,4761,1255,426,168,4
COMPLETED,0.89,5679.0,3996,3909,44,156,5
COMPLETED,0.89,6283.0,1104,2418,624,36,10
COMPLETED,0.93,2554.0,2251,2844,273,219,7
COMPLETED,0.9,4448.0,2654,670,818,98,2
COMPLETED,0.89,11551.0,3075,4390,353,58,6
COMPLETED,0.9,1064.0,2061,1624,808,133,2
COMPLETED,0.91,6546.0,680,3620,82,122,3
COMPLETED,0.9,3263.0,4183,207,502,194,8
COMPLETED,0.9,3682.0,4560,2553,906,237,9
COMPLETED,0.9,2776.0,579,966,451,79,5
COMPLETED,0.89,5801.0,1696,4283,663,176,3
COMPLETED,0.88,6961.0,3169,2049,243,16,8
COMPLETED,0.9,5728.0,3365,4169,764,205,4
COMPLETED,0.89,6990.0,1735,2006,345,107,9
COMPLETED,0.92,2700.0,383,2752,555,142,6
COMPLETED,0.8599999999999999,14236.0,4521,1236,100,45,1
COMPLETED,0.9,2078.0,875,93,916,162,7
COMPLETED,0.8399999999999999,2520.0,2022,4660,189,88,10
COMPLETED,0.91,2306.0,2880,1823,644,224,5
COMPLETED,0.92,2838.0,2693,3121,187,186,8
COMPLETED,0.91,3552.0,1064,3874,380,247,1
COMPLETED,0.88,8363.0,3801,2297,960,65,7
COMPLETED,0.89,6877.0,4957,4956,573,116,7
COMPLETED,0.92,1159.0,179,1532,29,196,3
COMPLETED,0.88,8286.0,1297,3208,863,52,4
COMPLETED,0.9,3507.0,3566,467,284,135,10
COMPLETED,0.9,4838.0,3569,3106,692,218,3
COMPLETED,0.91,3049.0,1297,877,143,98,8
COMPLETED,0.93,2593.0,178,3879,994,157,7
COMPLETED,0.8699999999999999,14256.0,3802,4950,52,23,3
COMPLETED,0.91,4433.0,1060,1537,601,168,8
COMPLETED,0.92,2750.0,2443,3223,266,87,10
COMPLETED,0.91,1370.0,2694,452,841,229,4
COMPLETED,0.91,3533.0,2878,4174,361,175,9
COMPLETED,0.92,1335.0,2027,2002,784,16,4
COMPLETED,0.91,3294.0,878,2738,74,238,1
COMPLETED,0.88,7922.0,4221,1250,525,78,6
COMPLETED,0.88,6619.0,4518,3591,882,121,7
COMPLETED,0.91,709.0,384,79,459,195,2
COMPLETED,0.88,9988.0,1737,4655,686,59,5
COMPLETED,0.91,5374.0,3360,1827,236,133,10
COMPLETED,0.89,6909.0,3165,4376,772,89,2
COMPLETED,0.91,3334.0,1698,1638,321,224,6
COMPLETED,0.9,4199.0,579,3624,547,25,9
COMPLETED,0.88,4699.0,4557,202,124,163,3
COMPLETED,0.89,6577.0,4182,2549,472,143,5
COMPLETED,0.9,3506.0,683,971,923,45,9
COMPLETED,0.88,2136.0,2066,4297,212,204,8
COMPLETED,0.89,5170.0,3073,2035,636,108,3
COMPLETED,0.9,3927.0,2655,3334,164,53,6
COMPLETED,0.92,1009.0,2248,497,740,135,1
COMPLETED,0.9,5457.0,1099,4749,404,115,4
COMPLETED,0.9,4635.0,3998,1270,952,197,9
COMPLETED,0.9,5029.0,4766,3924,581,248,10
COMPLETED,0.93,3692.0,139,2403,5,65,5
COMPLETED,0.89,5714.0,1492,2839,855,185,2
COMPLETED,0.88,7662.0,3733,3826,88,105,4
COMPLETED,0.9,3786.0,1484,2192,511,208,10
COMPLETED,0.8699999999999999,1626.0,15,3016,347,41,8
COMPLETED,0.89,7853.0,4772,815,798,147,3
COMPLETED,0.88,14199.0,3965,3157,673,159,1
COMPLETED,0.88,8126.0,1249,358,249,29,7
COMPLETED,0.93,3217.0,2279,4846,896,219,8
COMPLETED,0.91,3011.0,2507,1480,446,93,3
COMPLETED,0.91,934.0,2150,1144,432,181,5
COMPLETED,0.9,6505.0,730,4078,705,68,2
COMPLETED,0.91,4311.0,4096,1936,130,244,7
COMPLETED,0.9,5577.0,4666,4595,279,201,6
COMPLETED,0.91,2973.0,509,1737,828,111,1
COMPLETED,0.89,5697.0,1588,3491,39,138,4
COMPLETED,0.89,3656.0,3236,28,614,50,9
COMPLETED,0.9,4217.0,3354,3690,390,233,2
COMPLETED,0.88,6048.0,1861,298,966,83,8
COMPLETED,0.92,2777.0,392,4482,178,173,9
COMPLETED,0.8599999999999999,13791.0,4393,1694,726,19,5
COMPLETED,0.8699999999999999,13012.0,4370,4348,869,39,3
COMPLETED,0.91,3058.0,847,2135,293,153,8
COMPLETED,0.88,7333.0,1877,2639,567,103,6
COMPLETED,0.91,2035.0,2910,1031,19,214,2
COMPLETED,0.91,3853.0,2780,4811,561,128,7
COMPLETED,0.9,3173.0,2396,1360,110,63,2
COMPLETED,0.91,3827.0,975,3434,758,191,5
COMPLETED,0.89,4518.0,3848,550,335,125,10
COMPLETED,0.88,6902.0,4889,2896,199,74,9
COMPLETED,0.93,777.0,288,780,650,242,4
COMPLETED,0.9,4210.0,3460,2469,910,179,6
COMPLETED,0.89,7345.0,3515,4914,468,61,10
COMPLETED,0.89,5325.0,1389,1412,888,127,4
COMPLETED,0.93,2213.0,241,3167,224,123,3
COMPLETED,0.9,3169.0,4859,347,679,189,8
COMPLETED,0.9,4351.0,3905,3006,791,240,6
COMPLETED,0.89,6312.0,997,825,371,73,1
COMPLETED,0.92,2462.0,2350,3759,520,178,4
COMPLETED,0.9,3888.0,2747,2261,66,10,8
COMPLETED,0.89,5167.0,2931,3462,608,80,5
COMPLETED,0.89,2976.0,1933,57,63,233,10
COMPLETED,0.89,7258.0,815,4545,836,19,7
COMPLETED,0.89,5645.0,4324,1786,257,169,2
COMPLETED,0.8699999999999999,530.0,46,617,781,160,9
