Status,ACCURACY,RUNTIME,recent_samples_size,significance,gamma,max_node_size,max_tree_depth,max_time_stationary
FAILED,,,1124,0.7886398699283599,0.5205705394744872,3538,1064,1646
FAILED,,,2678,0.4099978055544197,0.3054696376882493,289,4473,2806
FAILED,,,4899,0.5422777238618582,0.9183106836080552,4323,3368,3830
FAILED,,,1452,0.1578472581673413,0.1260262113250792,2005,2480,625
FAILED,,,2076,0.7146584881544114,0.4841339795850217,1755,1384,2044
FAILED,,,4275,0.0865821254439651,0.6898263934925198,4419,2897,3502
FAILED,,,3303,0.9668756908308714,0.0863625572659075,972,4313,4863
FAILED,,,499,0.3328776496816426,0.8692999938428401,2702,279,685
FAILED,,,227,0.6138394565433263,0.0147742048520594,4783,4829,237
FAILED,,,3653,0.2497760975696146,0.7839764320682733,1547,736,4219
FAILED,,,3922,0.865996207145974,0.4279258467648178,3061,2133,3053
FAILED,,,2351,0.4961320738811045,0.6514974634107202,769,3744,1400
FAILED,,,1726,0.8748848360031843,0.9877969266902656,472,2648,957
FAILED,,,4547,0.2613776312805712,0.213452034862712,3199,1663,4593
FAILED,,,3029,0.6285840937774628,0.5747367882486432,2193,577,3139
FAILED,,,851,0.0091657097954303,0.3458403031025081,3978,4045,2409
FAILED,,,691,0.6808875719401986,0.7638829899523407,1096,2307,4436
FAILED,,,2887,0.0498157494869083,0.0358273106273263,2578,3214,1113
FAILED,,,4376,0.9315702790282666,0.6782912297267467,1572,4612,2252
FAILED,,,1575,0.298620374970138,0.4021213975977152,4601,1222,3294
FAILED,,,2200,0.825464275786653,0.2391805768962949,4158,130,4374
FAILED,,,3751,0.4439543181862682,0.9611095240507274,2169,4145,80
FAILED,,,3512,0.5767224948070943,0.3248630970250815,3683,3060,1556
FAILED,,,65,0.1932088223621249,0.594723874123767,145,1529,2896
FAILED,,,338,0.9731706348005682,0.2719139239788055,2382,3580,3658
FAILED,,,3162,0.3586228996869176,0.5550849613584578,3790,1989,1889
FAILED,,,4103,0.7243684017471969,0.1704243316426873,343,885,842
FAILED,,,1925,0.1079378559365868,0.8749028322063386,3329,4998,4707
FAILED,,,1300,0.5166579583827406,0.733280171368271,2913,3906,2650
FAILED,,,4729,0.1516701845880597,0.4397203893363476,917,418,1803
FAILED,,,2536,0.7674020395688712,0.8347396492026746,4951,1836,469
FAILED,,,963,0.400413435973227,0.1199337334707379,1379,2802,3987
FAILED,,,1063,0.5513399172779173,0.4099530715774744,25,171,4801
FAILED,,,2637,0.1872820458356291,0.6392721747178584,3650,4261,902
FAILED,,,4789,0.8039742299690842,0.028004321521148,2058,2867,1985
FAILED,,,1361,0.4341350657157599,0.8028935980293899,4117,1254,3721
FAILED,,,1986,0.9373771050330252,0.586954064996913,4645,2344,3929
FAILED,,,4165,0.3238791949097067,0.3638202871810644,1683,3332,368
FAILED,,,3262,0.6905831225886941,0.968872551837936,2611,4415,1748
FAILED,,,438,0.0711859005503356,0.2002299301382154,1217,950,2551
FAILED,,,88,0.8511471739020198,0.9294462771974504,1266,3943,3391
FAILED,,,3534,0.4724839475844055,0.1470685056224465,4906,537,2314
FAILED,,,3890,0.6042917876169086,0.500533069435507,795,1639,1207
FAILED,,,2339,0.2198520570658147,0.2952784348726272,2877,2530,4495
FAILED,,,1714,0.6521741325464099,0.0653284236267209,3364,3620,2842
FAILED,,,4515,0.0240727710817009,0.8581573400758206,467,2105,1457
FAILED,,,2909,0.9048688675686716,0.494332242578268,3836,691,23
FAILED,,,712,0.270865368630737,0.7098556991554796,2495,4723,4273
FAILED,,,874,0.9104176857210696,0.1805781032480299,2736,1422,1302
FAILED,,,3050,0.2958949493616819,0.8949461727142333,1092,3015,2999
FAILED,,,4686,0.6621125296968967,0.2509261926971375,4461,4117,4118
FAILED,,,1865,0.0456874416749924,0.5439263617768882,1867,7,180
FAILED,,,2490,0.5793879293538629,0.8146881406009197,1895,1104,2471
FAILED,,,4061,0.2144213472455739,0.1097870294786989,4279,4589,3235
FAILED,,,3676,0.8296506711263208,0.7444317033365369,168,3173,4652
FAILED,,,249,0.4626713323872536,0.4607162887118756,3506,2206,1051
FAILED,,,599,0.7436326075978577,0.6593204525168985,4023,2688,523
FAILED,,,3404,0.1125514905452728,0.3889152386877685,2308,1779,3773
FAILED,,,4335,0.9938339455295354,0.7761447580885142,3235,383,2707
FAILED,,,2138,0.3608628795277327,0.0537932598609477,596,3771,1591
RUNNING,,,1512,0.7627265103645622,0.3380772753152996,646,4867,745
RUNNING,,,4961,0.3812110652327537,0.6136874350067228,3027,854,4957
RUNNING,,,2778,0.514481776671484,0.2212218439895659,1435,1937,3564
RUNNING,,,1224,0.1309431352149695,0.9488397365342824,4737,3471,2141
RUNNING,,,1176,0.6960581695064902,0.2098893024884164,2304,4237,999
RUNNING,,,2749,0.0659542977772653,0.9942839017286896,4024,205,4546
FAILED,,,4990,0.946750396123156,0.3581735662259161,577,1307,3193
FAILED,,,1561,0.3147494074497371,0.565326934993267,3251,2823,2355
FAILED,,,2187,0.809204732261598,0.7933253703787922,2991,3288,309
FAILED,,,4365,0.4286608218513429,0.0025018529556691,683,2398,4144
FAILED,,,3374,0.5604686637427658,0.6450713995993136,4716,984,3117
FAILED,,,550,0.1779096172843128,0.431427664194256,1458,4391,1338
FAILED,,,278,0.8954955318644642,0.7002132355403154,1018,503,2100
FAILED,,,3725,0.2799950817339122,0.4688735571522265,2813,3968,3450
FAILED,,,4012,0.6466990112718195,0.8637871522959321,1807,2574,4906
FAILED,,,2461,0.0293043292406946,0.0870028891656547,4524,1586,641
FAILED,,,1836,0.5951631155088543,0.3048902207333594,4237,2051,1712
FAILED,,,4637,0.2292245302312076,0.526022466076538,1935,3664,2744
FAILED,,,3099,0.8459167162235826,0.1412257225308567,3449,4747,3903
FAILED,,,903,0.4779582658056169,0.9079847565051168,223,657,551
FAILED,,,761,0.8358564371336251,0.4508358684834092,4861,2981,2587
FAILED,,,2939,0.4562217058371752,0.7192414013240486,1313,1447,1867
FAILED,,,4485,0.5894924154169857,0.1156395700406283,2827,51,394
FAILED,,,1665,0.2040730601251125,0.8361094509977847,848,4063,4058
FAILED,,,2290,0.6685610557664186,0.553776074508205,395,4535,3606
FAILED,,,3861,0.0394824787210673,0.2761471761818975,3434,1148,1943
FAILED,,,3563,0.92076493184641,0.8888806910235435,2428,2230,797
FAILED,,,137,0.2857913258373737,0.1593697674404829,3901,3139,4750
FAILED,,,409,0.5043772459942847,0.9587636852301656,3617,1755,4301
FAILED,,,3213,0.1412913479786366,0.2463990443348884,55,2722,153
FAILED,,,203,0.5627753369808197,0.44535453748703,4594,1377,1376
FAILED,,,4969,0.3507242748495191,0.7919193484596908,2201,3635,3110
FAILED,,,3319,0.9222191081549972,0.1288551936410367,2583,4206,4775
FAILED,,,1833,0.1486723063904792,0.6084545532967895,621,845,884
FAILED,,,1891,0.7689716789666563,0.9573569624982772,852,106,1990
FAILED,,,2910,0.0529222759734839,0.3062265889253467,3440,4864,3684
FAILED,,,3818,0.720915468333289,0.6418219937440008,1339,2896,4216
FAILED,,,1081,0.4416120624337345,0.1237256827466189,4357,2035,285
FAILED,,,906,0.953760438678786,0.7044758995734154,3403,3265,949
FAILED,,,4267,0.2418809684310108,0.0610812499728053,1050,1787,4568
FAILED,,,2772,0.5319405995551497,0.8947639102693647,3773,1059,2551
FAILED,,,2380,0.2568090224992483,0.3688100491277873,1772,3953,1795
FAILED,,,1343,0.6267270514275878,0.1914386519845575,2159,4454,376
FAILED,,,3457,0.4110504867751151,0.5458615029267966,4787,477,3956
FAILED,,,4522,0.8619090799856931,0.3827100926302373,32,2288,3149
FAILED,,,377,0.0847348526474088,0.8545732524301856,3011,2682,2353
FAILED,,,476,0.8287940687723457,0.0292161030452698,1457,752,3854
FAILED,,,4618,0.1178346560373902,0.7344984479583799,4083,4260,548
FAILED,,,3670,0.6559878581389785,0.3364576123841107,735,3581,2330
FAILED,,,1560,0.3817744424976408,0.925273778213188,3713,1470,3399
RUNNING,,,2243,0.50273973743245,0.5139811128564178,2700,1981,4510
RUNNING,,,2636,0.2860250887274742,0.2214459572266787,347,2989,1243
RUNNING,,,4091,0.9869335206896068,0.822205542800948,4477,4771,1659
RUNNING,,,729,0.2087231202684342,0.4132046876884997,2474,160,2768
RUNNING,,,1179,0.6877409939914941,0.760038958389312,305,3889,3510
RUNNING,,,3915,0.4747713140808045,0.4753618287872523,2893,1162,2089
RUNNING,,,3124,0.7981730225495994,0.5760868436675519,1886,1684,33
RUNNING,,,2106,0.0237056799530982,0.1593497886992991,4904,3328,4237
RUNNING,,,1695,0.8929596900567413,0.2743614419978112,4047,2580,2814
RUNNING,,,3184,0.1779469434656202,0.987379510883242,1654,2352,1432
RUNNING,,,4795,0.5958898509331046,0.0913732460029423,3130,414,666
RUNNING,,,25,0.3176249975338578,0.6723318616878241,1167,4557,4909
RUNNING,,,142,0.910216920517385,0.8764385658353567,2389,2120,4346
FAILED,,,4747,0.1280479130782186,0.3580375722963363,4410,2831,142
FAILED,,,3214,0.5835358264632523,0.6939442049134523,417,4955,2118
FAILED,,,1577,0.362620821930468,0.0425093830227851,2790,35,3540
FAILED,,,2142,0.7411732807904481,0.3914118238259106,3652,930,4958
FAILED,,,3000,0.4549554365836083,0.87131562808156,654,4141,715
FAILED,,,4025,0.7554921928457916,0.2079402454644441,4178,3726,1560
FAILED,,,1137,0.0327701003551483,0.5548097566384821,1531,1306,2942
FAILED,,,688,0.5517560634426772,0.1453530265260487,1238,2772,3294
FAILED,,,4200,0.2696505626440048,0.6173988047540186,3220,2218,2224
FAILED,,,2511,0.940811339572072,0.454059896364808,1568,563,520
FAILED,,,2280,0.2222035014592111,0.8086656073946505,3980,4388,3825
FAILED,,,1439,0.8494317375607788,0.631294178649783,4998,4042,2719
FAILED,,,3704,0.0635805779471993,0.1051574611384421,1961,989,1611
FAILED,,,4573,0.6479888813719153,0.9390276195276528,2832,1873,1119
FAILED,,,589,0.4233898285664617,0.2954503477811813,224,3198,4385
FAILED,,,415,0.6772049940731376,0.5868737308457493,4295,245,1822
FAILED,,,4395,0.3941889534313231,0.1776902573052793,1258,4706,2579
FAILED,,,3565,0.816273906128481,0.7786278233025223,3535,3080,4674
FAILED,,,1304,0.0967536172028631,0.4859098075851798,927,1910,1056
FAILED,,,2494,0.9739111002068966,0.0746171738300472,534,1555,2479
FAILED,,,2727,0.1890885069761425,0.6636161960288882,2517,3516,3275
FAILED,,,4299,0.5224800061527639,0.2653973800316453,2271,4351,4002
FAILED,,,785,0.2989114158283919,0.9708623470906168,4684,681,423
FAILED,,,962,0.7847668169084935,0.3274972849879413,3105,4647,853
FAILED,,,3849,0.0035107287298887,0.9087605832144618,107,343,4745
FAILED,,,2863,0.7080739607196301,0.0124564152732491,4725,2438,3002
FAILED,,,2007,0.4880699793491512,0.7257789324764162,2079,2513,1269
RUNNING,,,1790,0.616695094840601,0.8407905541732907,1841,3418,158
RUNNING,,,3430,0.3294463048335165,0.4237490546051412,3863,1614,4088
RUNNING,,,4846,0.8810003709699958,0.5247719725463538,964,1248,3634
RUNNING,,,237,0.1572492436487227,0.2397901566848158,3337,3823,1940
RUNNING,,,288,0.7591324310246855,0.5329612887650728,122,2859,335
RUNNING,,,4893,0.0471677739154547,0.2015026749391108,3081,2153,3914
RUNNING,,,3380,0.7423845947962254,0.8479965668488294,2055,68,3187
RUNNING,,,1743,0.4669241859707981,0.3844784961044788,4740,4983,2391
RUNNING,,,1957,0.5881474097538739,0.0511695729363709,3879,4088,987
RUNNING,,,2815,0.3721334399934858,0.7174066260457039,1818,882,4606
RUNNING,,,3899,0.9162828186061232,0.3671939841359853,3313,1258,2510
RUNNING,,,1010,0.1390148459393531,0.9013711155969648,979,3673,1754
RUNNING,,,835,0.6482623256947844,0.3050254236925393,1313,2251,2027
RUNNING,,,4347,0.4362964625079184,0.9635262769460679,4232,2800,3722
RUNNING,,,2677,0.852134076314047,0.113277160808444,865,4416,4176
RUNNING,,,2446,0.0789161063190549,0.655312318297103,3589,596,246
FAILED,,,1253,0.9478798274975268,0.7859022535234689,2571,942,1337
FAILED,,,3518,0.23216782961227,0.4465860895533114,471,3990,3070
FAILED,,,4446,0.5573702663127333,0.5951164556909352,4621,3146,4813
FAILED,,,462,0.2781606057416647,0.1393341089189052,2325,1825,921
RUNNING,,,562,0.5242095777206122,0.9939295469895004,3274,4734,2854
RUNNING,,,4542,0.3113364984393119,0.272566389048472,1175,278,1472
RUNNING,,,3731,0.9770949865728616,0.6852282687816768,3917,1943,627
RUNNING,,,1470,0.2029679043851792,0.0813054159805178,1623,3108,4870
RUNNING,,,2308,0.8228570653982461,0.4770045432541519,2015,3463,3471
RUNNING,,,2541,0.1081779094114899,0.7534584025368094,4936,1507,2050
RUNNING,,,4172,0.6813592291697859,0.1692652728036045,161,633,73
RUNNING,,,658,0.4031843214668333,0.5631599242631345,2886,4298,4277
RUNNING,,,1108,0.8831844484433531,0.2319211286399513,4425,376,4473
RUNNING,,,3995,0.1721284350790083,0.5005174377784132,2365,4675,1206
RUNNING,,,3028,0.6174248872585594,0.4144096599891781,2766,2541,1699
RUNNING,,,2172,0.3428712112084031,0.8160400354210287,433,2471,2807
RUNNING,,,1605,0.7131708986908197,0.7478098960891366,669,1566,3894
RUNNING,,,3245,0.496122659381479,0.0187105382923036,3628,3365,588
RUNNING,,,4720,0.7922926493100821,0.9312870660815388,1508,3770,2293
RUNNING,,,111,0.0139923031926155,0.3352222393080592,4193,1200,3362
RUNNING,,,76,0.7313951838761567,0.0984665598031133,2956,3607,2680
RUNNING,,,4842,0.4491397834978997,0.6329483738057315,251,1344,1571
FAILED,,,3133,0.7770224703364073,0.28242069702968,4849,812,1155
FAILED,,,1648,0.0580210728645324,0.9489621984567492,1949,4178,4422
RUNNING,,,2057,0.9356496805176138,0.6156533031724393,1717,4917,3331
RUNNING,,,3076,0.1493964030779898,0.1518307878281921,3993,154,2261
RUNNING,,,3964,0.5776602120585739,0.7986397146042435,1113,2083,480
RUNNING,,,1227,0.3529026863351464,0.4668764145188033,3193,2949,3785
RUNNING,,,778,0.8709063366837799,0.8607376695536078,4107,1754,4997
RUNNING,,,4139,0.0888872288241982,0.404772704353556,1441,3236,753
FAILED,,,2587,0.6381532025560736,0.5534943756517022,3698,3925,1519
FAILED,,,2194,0.4176317573823034,0.2139953515939414,759,1026,2901
FAILED,,,1510,0.5458143012337386,0.3445852589365094,370,525,4305
FAILED,,,3623,0.2599985748529434,0.886803272794932,2685,4507,101
FAILED,,,4668,0.9661798553019763,0.0363628514967858,2459,2735,2157
FAILED,,,523,0.2436162357293069,0.6950463268961757,4501,2336,3578
FAILED,,,349,0.9954416156392544,0.4367596700172871,1074,4232,197
RUNNING,,,4491,0.2143392415437847,0.8308369399048386,3388,719,4128
RUNNING,,,3485,0.5127021471802145,0.2464696368165314,1756,1437,3596
RUNNING,,,1374,0.2930955248009413,0.5231063561867922,3797,3553,1902
FAILED,,,2409,0.6713291417267173,0.918805511344224,4810,3042,816
FAILED,,,2802,0.3844710557777434,0.3146998021733015,2144,2029,4707
FAILED,,,4238,0.841706428186968,0.7275358552616089,2995,208,3041
FAILED,,,876,0.1181023451443761,0.005990075174719,56,4824,1308
RUNNING,,,1052,0.6068587021995335,0.6649506123550236,2264,1129,2441
RUNNING,,,3788,0.3236889474745839,0.0685811030399054,4539,3861,3237
RUNNING,,,2938,0.9024742562677712,0.9814517268221824,566,3300,4043
RUNNING,,,1921,0.1825566083509475,0.2520479207076132,2646,1651,464
RUNNING,,,1861,0.8101360464636236,0.1838177534919232,3503,2399,1863
RUNNING,,,3350,0.0249227491747587,0.5857525735236703,798,2632,2620
RUNNING,,,4941,0.7021329123359173,0.4993506997413933,4303,4609,4636
FAILED,,,171,0.478417277732864,0.7682516951393334,1402,461,1018
FAILED,,,187,0.9404020630456508,0.1679111472796648,3769,4981,3522
FAILED,,,4956,0.2245391468927264,0.569359019536525,1787,51,2131
FAILED,,,3325,0.5494051934555173,0.4839326920248567,3436,2185,123
FAILED,,,1837,0.2700446220524609,0.7533206351976842,1024,2886,4356
FAILED,,,1936,0.6407840258739887,0.6811920620836316,5,3710,2967
FAILED,,,2952,0.4286683151572942,0.0843351291101425,3043,1280,1537
FAILED,,,3763,0.8441684680879115,0.9962302066218108,2175,875,741
FAILED,,,1028,0.0708006579987704,0.2673138241656124,4783,4076,4936
FAILED,,,889,0.5800314223468302,0.9340731250084936,2615,618,3802
FAILED,,,4253,0.3641683708541095,0.3294804680626839,594,4452,546
RUNNING,,,2778,0.9086541396044194,0.7432882900964469,4589,2787,2200
RUNNING,,,2383,0.1315370777696371,0.022229457784444,2217,2244,3319
FAILED,,,1389,0.7510169789865612,0.4218270188402384,1355,1808,4395
FAILED,,,3500,0.039202169407159,0.8154168650694191,4353,3143,1099
FAILED,,,4467,0.7347564511634409,0.2300777930356562,826,4017,1622
FAILED,,,324,0.4594458824321627,0.5072019360642879,3473,973,2702
FAILED,,,538,0.7054794644135982,0.3600207553710788,1901,3106,1084
FAILED,,,4682,0.4887076502051204,0.9017511076293884,4899,1926,4653
FAILED,,,3598,0.7841139066275208,0.0522824255339801,279,310,2608
FAILED,,,1486,0.0060899930465966,0.7114535625334829,2926,4761,1802
FAILED,,,2210,0.87549343056418,0.8459419389776885,3163,4335,408
RUNNING,,,2601,0.1647130095046013,0.3894897880610078,1141,655,4017
RUNNING,,,4115,0.6092465609740466,0.5372397201564163,4043,1500,3259
RUNNING,,,755,0.3349684846643358,0.1982278818152845,1669,3451,2492
RUNNING,,,1241,0.8149547515343873,0.5998840934447944,709,2493,1281
RUNNING,,,3980,0.0999991704467683,0.1355739165004342,3746,2578,2985
RUNNING,,,3052,0.673944223711267,0.7833584192898124,1472,4663,4758
RUNNING,,,2032,0.395492883471772,0.4520827808044851,4079,369,837
RUNNING,,,1662,0.5163068474587053,0.1148754164185375,4472,1183,1919
RUNNING,,,3148,0.3031581758726388,0.6488700447045266,2490,3768,3662
RUNNING,,,4818,0.9696795647162944,0.2973667919151484,2733,3392,4067
FAILED,,,51,0.1952768827881664,0.9643954790588468,321,1598,185
RUNNING,,,96,0.5384297486003488,0.7325162129327654,1595,4141,865
RUNNING,,,4704,0.2522766840327531,0.0039045167360454,3948,790,4786
RUNNING,,,3268,0.958308001698926,0.9154997876528652,1222,1352,3092
FAILED,,,1630,0.2354070365037768,0.3189472992792725,3224,3619,1388
RUNNING,,,2159,0.8635213676523417,0.2468186982814222,2836,2951,312
RUNNING,,,3014,0.0811657544020563,0.5159021931365131,209,2100,4193
RUNNING,,,4019,0.6302809325549751,0.4307756722196936,4966,122,3709
RUNNING,,,1133,0.4094229745548218,0.8319188619349152,1987,4890,1966
RUNNING,,,643,0.9274404850099236,0.4928774955812841,402,1043,1771
RUNNING,,,4158,0.1415245457570999,0.7698190164640545,2794,3927,2576
RUNNING,,,2566,0.5699383175205439,0.1846560213193297,2415,3209,4545
RUNNING,,,2333,0.3455181374195963,0.5780630111787468,4378,1722,975
RUNNING,,,1454,0.7231864047665147,0.9776606001183392,4146,2314,2365
RUNNING,,,3717,0.4412675097789615,0.2567846278939396,1558,2698,3131
RUNNING,,,4567,0.7693009921964257,0.6704163730386644,3657,4520,3965
RUNNING,,,585,0.0506361075509339,0.0660063345208764,638,532,357
RUNNING,,,448,0.8024769072011113,0.8016994065344333,4692,3516,3428
RUNNING,,,4431,0.0174754412658512,0.4628701903391629,2105,1415,2310
RUNNING,,,3542,0.6939864721037446,0.6104307208079844,3109,726,576
RUNNING,,,1278,0.4704826614186167,0.1541614262610673,92,4244,3833
RUNNING,,,2432,0.5992000983059406,0.2886497748214751,949,4826,2751
RUNNING,,,2662,0.3162411041967571,0.9476380517333745,3341,225,1672
RUNNING,,,4371,0.8943283514045179,0.098358771264553,1868,1997,1228
RUNNING,,,859,0.1746214566677808,0.6399065050948411,3831,3015,4524
RUNNING,,,994,0.6633945291303098,0.035769663663581,3539,1668,4251
RUNNING,,,3884,0.3763246118277311,0.702493664547801,912,3302,17
RUNNING,,,2839,0.8342591165602206,0.3512997360229492,4263,3835,2101
RUNNING,,,1981,0.1104432095997035,0.8849899197090417,1284,1097,3493
RUNNING,,,1728,0.9875064676739276,0.5477825832068919,2297,439,4887
RUNNING,,,3366,0.2061933329626917,0.216811393039301,4651,4573,693
RUNNING,,,4919,0.5052543001845478,0.8642865715641527,519,2644,1411
FAILED,,,312,0.2854369246251881,0.4002810771614312,2521,2407,2842
FAILED,,,263,0.6349038905762135,0.8250239618048071,897,837,4436
FAILED,,,4870,0.4189547004550695,0.4074952765200287,3563,4194,1141
FAILED,,,3415,0.8695986107289791,0.5094880598727612,1308,3671,1584
FAILED,,,1776,0.0921517653577029,0.2249934297278523,4247,1399,2663
FAILED,,,2031,0.9619368614293636,0.3439035242442041,4636,2067,3764
FAILED,,,2886,0.2497855985090136,0.9246791608706116,2321,2923,507
FAILED,,,3834,0.5396297139003872,0.027405127517879,2545,4862,2241
RUNNING,,,947,0.2642263516075908,0.741215306321159,504,90,3360
RUNNING,,,809,0.7763885879591106,0.0900476734880358,2050,3980,2930
RUNNING,,,4324,0.0606118104346096,0.6785595099702477,4755,1091,1499
RUNNING,,,2712,0.7288196857310831,0.2813219508454203,155,1770,781
FAILED,,,2479,0.4497888978645205,0.9872741036210207,3055,3262,4975
FAILED,,,1328,0.5701926502883434,0.572082997046411,3287,2670,3562
RUNNING,,,3591,0.3584133929125964,0.1624118619058281,1011,2281,2170
RUNNING,,,4381,0.9301237419508396,0.7623681710306554,3894,499,85
RUNNING,,,400,0.1568487254232168,0.4701378169134259,1813,4491,4319
RUNNING,,,614,0.9009228593800216,0.6465572714209556,2740,1463,1879
RUNNING,,,4597,0.1860648306887596,0.1199331302512437,465,3569,3621
RUNNING,,,3688,0.6033657118510454,0.9547845752555876,4440,4297,4106
RUNNING,,,1424,0.3252555837873369,0.3116947271674871,2361,774,224
RUNNING,,,2305,0.695704698683694,0.130424896242097,1503,192,1320
RUNNING,,,2535,0.4828886659350246,0.6019837266951799,4209,4798,3024
RUNNING,,,4185,0.8056494188364594,0.4376635316908359,701,2987,4718
RUNNING,,,674,0.031335730837658,0.7927561904955654,3602,1964,797
RUNNING,,,1161,0.5103703199680893,0.3755083108562976,3933,3354,445
RUNNING,,,4051,0.2935009533632546,0.854924691453576,1618,1716,4053
RUNNING,,,2986,0.9950514116305856,0.1925191445052623,3248,1144,3219
RUNNING,,,2127,0.216686285873875,0.5398760793376713,1207,3887,2453
RUNNING,,,1601,0.8364241159390658,0.8926769223213195,193,4545,1044
RUNNING,,,3239,0.12531105604209,0.373788981007412,2860,406,4613
RUNNING,,,4733,0.6641052137110381,0.7087257779557257,2011,2374,2645
RUNNING,,,126,0.3897381434720009,0.0577779038399457,4951,2616,1839
RUNNING,,,1,0.857580081326887,0.2589565359484404,3683,3,2404
FAILED,,,4770,0.071513290727511,0.972462028492242,763,4928,3171
FAILED,,,3198,0.6556499241683632,0.0754839946664869,4133,2833,3929
FAILED,,,1710,0.4308352329414337,0.6559551866929977,1409,2137,320
FAILED,,,2083,0.559903871839866,0.774865249607712,2427,1313,1734
FAILED,,,3099,0.2775838107932359,0.4906750677805393,4527,3738,2539
FAILED,,,3929,0.9484718469996004,0.5923718516062944,375,4104,4585
RUNNING,,,1194,0.2296494412031024,0.1751478488631546,2670,908,1015
RUNNING,,,704,0.7486186888832598,0.5297808832265437,4875,4400,273
RUNNING,,,4068,0.4626164756622165,0.2377331512551754,1917,570,4155
RUNNING,,,2652,0.7634249019082635,0.8375171905588358,2941,2196,3750
RUNNING,,,2257,0.0409184478390961,0.4280289117880165,255,2735,2007
RUNNING,,,1535,0.917662863979116,0.0128378368150442,1117,3171,906
RUNNING,,,3646,0.1357084167879074,0.7186071295030415,3178,1841,4827
RUNNING,,,4633,0.5914690708946436,0.321541840199381,1685,1006,3054
RUNNING,,,490,0.3707686340454965,0.9098710582535712,4019,4045,1350
RUNNING,,,353,0.6245688519775867,0.2073146975543349,570,1878,4848
RUNNING,,,4497,0.3376536005251109,0.5622247342132031,2631,3053,653
RUNNING,,,3471,0.8883868271373211,0.3980977479033172,2232,4708,1449
RUNNING,,,1359,0.1649692309349775,0.8694737219866365,4566,262,2879
RUNNING,,,2356,0.7926409904435276,0.6882038594596088,4329,688,4288
RUNNING,,,2747,0.0117176080234348,0.0452968714591115,1370,4363,55
RUNNING,,,4280,0.7154608332850038,0.8799551077689975,3488,3479,2062
RUNNING,,,920,0.4957895502373576,0.3535135850273072,802,1532,3454
FAILED,,,1055,0.9816310912109912,0.9420587584488092,1724,2525,2789
FAILED,,,3794,0.1964749594256281,0.2914155705925077,3823,2445,1710
FAILED,,,2925,0.5306872981265187,0.6260392362084239,1078,321,1187
FAILED,,,1905,0.3067851766832173,0.1074557394944131,3373,4610,4483
FAILED,,,1809,0.6849245686791837,0.4602566140796989,2980,3796,3387
FAILED,,,3295,0.4015758222788572,0.8073091005943716,60,1216,2269
RUNNING,,,4984,0.8244807817041873,0.1452166849784553,4837,1631,614
RUNNING,,,217,0.1046277944557368,0.6243283830340952,2112,3420,3871
RUNNING,,,226,0.827432485261932,0.973760725673288,2659,4069,1705
RUNNING,,,4994,0.1036177048068493,0.2606816247310489,384,863,2774
RUNNING,,,3285,0.6858129567038268,0.6587224603053182,4516,1278,4479
FAILED,,,1799,0.3987458389345556,0.0777030505053699,2436,3693,1174
RUNNING,,,1895,0.5276764716226607,0.4889804875906557,1418,2878,2284
RUNNING,,,2915,0.3078543929960578,0.7737188871912658,4123,2172,3393
RUNNING,,,3804,0.9806838107462972,0.1729593016169965,772,48,3885
RUNNING,,,1065,0.1993638389278203,0.5897569127585738,3673,4963,619
RUNNING,,,930,0.7164076880570501,0.2351257670577615,4008,961,658
RUNNING,,,4291,0.4929010852742939,0.5275998906306922,1694,4010,4861
RUNNING,,,2738,0.7956513986904175,0.4268748757503926,3167,3126,2885
RUNNING,,,2346,0.0106487988140434,0.8358149367477745,1127,1805,1464
RUNNING,,,1349,0.8874988610874861,0.7208185117207467,264,2232,40
RUNNING,,,3461,0.1677988108936697,0.015597436806187,2931,2781,4284
RUNNING,,,4506,0.6216175778303294,0.9116037016864866,1926,4436,3438
RUNNING,,,363,0.3386632793527096,0.3228480920307338,4865,616,2056
RUNNING,,,500,0.5923566205464303,0.5594802732653916,811,3444,4151
RUNNING,,,4643,0.3679394704848528,0.2051184543799609,3477,1487,259
RUNNING,,,3637,0.9206139596700668,0.868182609198615,1379,652,2002
RUNNING,,,1526,0.1346989164166152,0.3963802435137331,4318,4318,3735
RUNNING,,,2247,0.7624782255925237,0.0474626060407608,4555,4754,4841
RUNNING,,,2642,0.0438067343458533,0.6907959856428206,2241,297,910
RUNNING,,,4077,0.7456086970344185,0.3552005808241665,2621,1923,1365
RUNNING,,,713,0.4636848684735596,0.8810938857924193,579,3089,3059
RUNNING,,,1204,0.951482376076281,0.2925467939656227,2121,1586,3176
FAILED,,,3939,0.2285805223174393,0.943738199595362,4826,3385,2420
RUNNING,,,3089,0.5608510928191244,0.1100555392988026,69,3751,324
RUNNING,,,2073,0.2746949907764792,0.6282126444112509,2969,1181,3942
RUNNING,,,1701,0.6526982800960541,0.8055992698259651,3363,357,2524
RUNNING,,,3188,0.4318452631048858,0.458973174912855,1087,4655,1728
RUNNING,,,4780,0.8566919907294213,0.6221245852094143,3813,2561,1001
RUNNING,,,11,0.0743429766446351,0.142464669380337,1733,2490,4580
RUNNING,,,136,0.6671158543229103,0.4101340913344174,495,4897,4050
RUNNING,,,4743,0.3886690981797873,0.8271145588457584,2555,135,431
RUNNING,,,3229,0.8373712105117738,0.2261769928485155,2312,2102,2447
RUNNING,,,1592,0.1224223475605249,0.511098014594987,4646,2969,3204
FAILED,,,2117,0.992099893964827,0.9223754200786352,4258,3626,4627
RUNNING,,,2976,0.2176962045021355,0.3411733918506651,1299,1364,1048
RUNNING,,,4060,0.5094821178354322,0.739392207847908,3573,792,1855
FAILED,,,1170,0.2963307656869292,0.0261302468180656,888,4158,2650
FAILED,,,683,0.8065370948947966,0.677292183920741,1805,544,3627
FAILED,,,4195,0.0285064557418227,0.0882321296650916,3904,4526,1893
RUNNING,,,2525,0.6986556828394532,0.9845362976063042,1002,2715,228
FAILED,,,2295,0.4818792919702827,0.2790105364322662,3297,2316,4119
RUNNING,,,1415,0.6024191470704972,0.1640141430068761,3066,1734,3008
RUNNING,,,3679,0.3281437438875436,0.5732588865458965,145,3217,1314
RUNNING,,,4607,0.8979127411246299,0.4722359686046838,4766,3944,783
RUNNING,,,624,0.1871333350352943,0.765014540495351,2041,1046,4713
RUNNING,,,410,0.9310707231294364,0.1187724392805248,3612,3022,1494
RUNNING,,,4391,0.1539601489249616,0.6449701888486742,693,2009,2915
RUNNING,,,3580,0.5732029470000415,0.3090635562315583,4219,227,4971
RUNNING,,,1318,0.3573447101097553,0.9527016220930964,1495,4843,767
RUNNING,,,2469,0.7279318312164395,0.6037839530184865,2351,4252,2185
RUNNING,,,2703,0.4526183514166623,0.131676904791966,4451,739,3567
RUNNING,,,4334,0.773437187405303,0.795052287409082,455,1418,4333
RUNNING,,,819,0.0616216007973998,0.4403860202059149,2751,3534,90
FAILED,,,957,0.5425815289933233,0.8576396253183483,4961,2419,1144
FAILED,,,3844,0.263216135552153,0.3777968531195074,2002,2652,4450
FAILED,,,2877,0.962825123047456,0.5411357615087181,2870,4590,2669
FAILED,,,2022,0.2469557266999036,0.1943270444497466,185,442,1599
FAILED,,,1766,0.8665879106316715,0.3717137014660984,1197,1109,493
FAILED,,,3405,0.093220870135352,0.8900534250065684,3258,3842,3760
FAILED,,,4880,0.6339564985763281,0.0561832666173577,1609,3319,3344
FAILED,,,272,0.421843706363812,0.7075575323347002,3943,1670,2236
RUNNING,,,302,0.5063253642637282,0.0011439277995377,1977,87,2
RUNNING,,,4908,0.2824242503549903,0.7303038417696953,4975,4844,4245
RUNNING,,,3375,0.990397425448522,0.3176419620364904,199,2916,3479
RUNNING,,,1738,0.2052439742255955,0.9137680588085204,2845,2054,2098
FAILED,,,1991,0.8332507557068018,0.5180841598063706,3233,1397,699
FAILED,,,2849,0.1133931843619793,0.2494270565528422,1212,3654,4903
FAILED,,,3875,0.6605665050875394,0.833620186286047,3957,4187,2847
FAILED,,,985,0.3772110405508428,0.431928778797388,1584,825,1425
FAILED,,,850,0.8971558456551284,0.7709644494205712,628,4474,2324
FAILED,,,4361,0.1737355763260275,0.4945711463112383,3665,497,3432
FAILED,,,2672,0.6002079368028789,0.5806789241004735,1547,2269,3848
FAILED,,,2442,0.3132916703801602,0.1868455426394939,4155,2663,581
FAILED,,,1288,0.6910960404034703,0.2550604536999017,4387,3245,1667
FAILED,,,3552,0.4714314829278737,0.9763628175258636,2404,1767,2737
RUNNING,,,4421,0.8014063766319304,0.0637862897366285,2804,1079,4518
FAILED,,,438,0.0204875708725303,0.667648110480979,391,3972,1213
FAILED,,,576,0.7721911264695227,0.4641526554320007,3840,1962,2562
FAILED,,,4557,0.0496875834688544,0.8034082632288336,1858,2970,1767
FAILED,,,3727,0.7242568758502602,0.1569143713191151,3350,4791,960
FAILED,,,1465,0.4382554396577179,0.6126354480925947,939,180,4540
RUNNING,,,2342,0.5671108827553689,0.945959599532187,81,771,3136
RUNNING,,,2576,0.3464039582759141,0.287519540393725,3119,4279,2379
FAILED,,,4148,0.9264329439401626,0.6377321823034435,2094,3561,363
FAILED,,,633,0.1444736821465194,0.095758056871593,4702,1450,3981
FAILED,,,1123,0.6312888770103454,0.6999006237760185,2530,2599,4801
RUNNING,,,4009,0.4064734161905944,0.0336030144933611,509,2371,870
FAILED,,,3023,0.8663492132388055,0.8838521306309848,4660,394,1402
RUNNING,,,2168,0.080279504135251,0.3496137291714548,2287,4537,3096
RUNNING,,,1640,0.9572371160760522,0.2190085656736046,1274,3870,4188
RUNNING,,,3278,0.2384195323176681,0.5505279736146331,4272,1142,296
RUNNING,,,4695,0.5355392072238027,0.4019976074770092,902,1704,1962
RUNNING,,,87,0.2532256263718009,0.8655767102781682,3548,3348,3695
RUNNING,,,41,0.9706876355782152,0.5681822005771099,4773,910,2972
RUNNING,,,4809,0.1923272128887474,0.1663079367186874,2185,4121,1277
RUNNING,,,3158,0.5191345815099775,0.7506752398069947,3034,3745,822
RUNNING,,,1672,0.3022720520123839,0.4818355144076049,16,1325,4753
RUNNING,,,2042,0.6728734496235848,0.0861515875216573,1034,2140,3667
FAILED,,,3062,0.3985052528791129,0.6824603027217089,3427,2851,1933
FAILED,,,3970,0.812064083751291,0.2696242496334016,1797,4936,191
FAILED,,,1231,0.1009482243210077,0.9989670236911624,3760,16,4082
RUNNING,,,745,0.612136806782335,0.3322096115108579,3463,4062,4668
RUNNING,,,4105,0.3340198341757059,0.9363758768551051,837,1009,1089
RUNNING,,,2611,0.8765637752413749,0.023505253072828,4343,1853,1816
RUNNING,,,2219,0.1617010509185493,0.7451123031582683,1365,3178,2612
RUNNING,,,1496,0.7812865982688963,0.8133272421024739,2227,2752,4011
RUNNING,,,3608,0.0069757023677229,0.4191891780998557,4580,2198,393
RUNNING,,,4673,0.7044718118086457,0.5055910518821329,604,582,2488
RUNNING,,,529,0.4916569130010902,0.2288933004550635,2606,4407,3245
RUNNING,,,314,0.7375840569492428,0.9043736903555692,1680,1535,531
RUNNING,,,4457,0.4585598756838589,0.3620951203238219,4033,3497,3797
RUNNING,,,3510,0.7520246910769492,0.7126227970998734,1151,4371,3305
RUNNING,,,1398,0.0362528471257537,0.0538780517019331,3153,700,2196
RUNNING,,,2393,0.9057638343106956,0.3872021752577274,2917,264,1105
RUNNING,,,2788,0.1324857877437025,0.8432279345728457,289,4725,4411
RUNNING,,,4244,0.578960780242458,0.1964190077967941,4891,3060,2706
RUNNING,,,880,0.3671806268673389,0.5359790639113635,1912,1890,1637
RUNNING,,,1018,0.8452396585736422,0.1343209338765591,331,3437,2144
RUNNING,,,3753,0.0677878721933811,0.5980828930474817,2723,1633,3526
RUNNING,,,2962,0.6436748721133918,0.4493612217493355,2500,1228,4371
RUNNING,,,1946,0.4277190828267484,0.7810632518362253,4463,3803,128
RUNNING,,,1847,0.5483969441372901,0.6504581162221729,4070,4627,1532
RUNNING,,,3334,0.2729944704081863,0.1160370963346213,1482,324,2953
RUNNING,,,4946,0.93757391259633,0.9664775176327676,3737,2458,4930
RUNNING,,,177,0.2254256871510297,0.2999970482625067,719,2533,726
RUNNING,,,162,0.6993047637455165,0.6351902497448026,3203,2047,3232
RUNNING,,,4932,0.4793038124144077,0.101256653515622,1104,2904,2427
RUNNING,,,3360,0.8091277915686369,0.9507253356110305,4003,4881,458
RUNNING,,,1871,0.027872599389404,0.2837574425823986,1708,109,4028
RUNNING,,,1930,0.9053651043660939,0.1492538378667086,1940,857,2634
RUNNING,,,2948,0.1816073704436421,0.6135027448125183,4860,4214,1867
RUNNING,,,3778,0.6079298871085048,0.4657528127171099,242,3652,1033
RUNNING,,,1042,0.3206761635281145,0.7969678950291126,2967,1380,4641
RUNNING,,,865,0.8406357805058359,0.4031085583996027,4511,2689,4134
RUNNING,,,4228,0.1211146030165255,0.8596217413730918,2450,2301,213
RUNNING,,,2812,0.6684388382919133,0.2118372385837137,2695,479,1907
FAILED,,,2418,0.3854197601750493,0.550909871039912,362,4472,3610
FAILED,,,1385,0.5137098536938429,0.8881324636973441,750,3960,4692
RUNNING,,,3494,0.2901462043784558,0.3463408414404839,3709,1071,810
FAILED,,,4481,0.9982692232839762,0.697844094229862,1432,1789,1294
FAILED,,,340,0.2134532292187213,0.0386124010570347,4118,3281,3037
RUNNING,,,513,0.9651722082737832,0.8290966749005019,47,172,748
RUNNING,,,4658,0.2465654966663569,0.4354457966145128,3005,4779,4981
RUNNING,,,3633,0.5429869910161941,0.520872124126181,2135,3006,2897
RUNNING,,,1519,0.2608842897508293,0.2436871869824826,4821,1984,1505
RUNNING,,,2204,0.6392235528100281,0.3158005318250506,3808,1482,116
RUNNING,,,2597,0.4146197969373315,0.9204544587694108,1747,3588,4310
RUNNING,,,4130,0.8737965806331485,0.0085593812577426,3399,4277,3592
FAILED,,,769,0.0879385839123278,0.7296787697430699,1065,755,2161
FAILED,,,1217,0.5747695424165576,0.0707163439001887,1393,4564,1576
FAILED,,,3955,0.3538517457861453,0.6675122448168695,4313,425,2694
FAILED,,,3086,0.934578912006691,0.2537044227831065,789,2354,4428
FAILED,,,2067,0.1524087706264108,0.9825600111242384,3513,2596,1171
FAILED,,,1658,0.7798502025287598,0.5829776783399284,2657,3335,2248
FAILED,,,3143,0.0571349545810371,0.1815910760816186,557,1696,3327
FAILED,,,4832,0.732403260314837,0.7669301481153816,4550,1164,3771
FAILED,,,66,0.4461901117395609,0.4976027611158788,2255,3906,475
FAILED,,,101,0.7894021060746162,0.2031353902760893,988,1293,1201
FAILED,,,4709,0.0149412511084228,0.5341676125004887,3303,3718,4457
RUNNING,,,3254,0.7121000186447054,0.3866070820316672,1827,4123,2803
RUNNING,,,1615,0.4991351533364504,0.8506733705494552,3868,927,1684
RUNNING,,,2182,0.6202527309861035,0.7161697937175631,4730,23,603
RUNNING,,,3039,0.3419849665183574,0.0493845228347927,2064,4948,3899
RUNNING,,,3986,0.884192398475483,0.8986638033036142,3071,2814,3376
RUNNING,,,1098,0.169178874855861,0.3649130634441971,131,2118,2297
FAILED,,,648,0.6803516936767846,0.9612530298754572,2335,3191,1477
FAILED,,,4162,0.4061334559973329,0.3023257850203663,4610,1861,2868
FAILED,,,2551,0.8200296287741511,0.653519713545218,481,987,4876
FAILED,,,2318,0.1090637358445674,0.1120327738299965,2560,4026,642
FAILED,,,1480,0.9781654632333666,0.4492553386036306,3579,4381,2037
RUNNING,,,3741,0.1999558324050158,0.7880232848003506,874,551,3467
RUNNING,,,4532,0.5270997101347894,0.1405481062754988,4222,2216,4262
RUNNING,,,552,0.310387979933992,0.5967568446490914,1322,2755,68
RUNNING,,,453,0.5562997301667929,0.2704606157857924,2875,669,3717
RUNNING,,,4436,0.2811727372072637,0.9912755559533833,171,4344,2013
RUNNING,,,3528,0.9449893976561724,0.0796802850365638,4925,3499,240
RUNNING,,,1263,0.2331166455447673,0.6840295294392854,2025,1552,4161
RUNNING,,,2455,0.8531419092342257,0.7561429021656512,1631,1898,3084
FAILED,,,2687,0.0759666743613779,0.4792626512814313,3907,3072,1341
RUNNING,,,4337,0.6510898218043148,0.5643891721982509,1183,4689,936
RUNNING,,,825,0.4354105765894055,0.1710427385121583,3264,242,4818
RUNNING,,,1000,0.9134547964222728,0.5022872298657894,4183,3815,3920
RUNNING,,,3889,0.1399012690857052,0.2331427029538899,1517,1235,351
RUNNING,,,2824,0.5871390433236957,0.8183056980986148,3617,1611,2396
RUNNING,,,1967,0.3750834166146814,0.4171017142683267,678,3400,3202
RUNNING,,,1753,0.7452755544297396,0.0175193536002188,441,2506,4591
RUNNING,,,3390,0.4659748216569423,0.7461923197954892,2756,2426,982
RUNNING,,,4884,0.7602034895271061,0.3325605746507644,2374,341,1740
RUNNING,,,279,0.0441551015041768,0.9291736191976816,4415,4630,2506
RUNNING,,,248,0.8800529808290302,0.3562829787377267,1542,3691,4730
RUNNING,,,4856,0.1601382439807057,0.8751103638783096,4169,1261,848
FAILED,,,3421,0.6136843891665338,0.0402589188739657,664,895,1253
FAILED,,,1781,0.3305154114700853,0.6911455229911952,3643,4096,2996
FAILED,,,1996,0.7089622241966426,0.8724305821880697,2781,5000,4093
FAILED,,,2853,0.4852401019632816,0.3930749957058578,427,70,171
FAILED,,,3859,0.78771862642467,0.5573951907102018,4401,2165,1945
RUNNING,,,971,0.0025005145333707,0.2100992879346013,2399,2866,3649
RUNNING,,,795,0.5195286000221968,0.6195502925738691,235,1827,2594
FAILED,,,4309,0.2999212080501019,0.1479309059474617,2822,3162,1828
FAILED,,,2717,0.9730232475511728,0.8103364528957753,1972,3997,1070
RUNNING,,,2484,0.1919179549515247,0.4551825240924954,4989,953,4679
RUNNING,,,1294,0.8192841972634196,0.1023664528373628,3971,598,3270
RUNNING,,,3556,0.0956849362589418,0.6290513881221413,1578,4433,2464
RUNNING,,,4405,0.6781519771106541,0.2941145911738276,3211,2807,419
FAILED,,,425,0.3913003713563084,0.9372654713187368,1248,2263,3989
FAILED,,,599,0.6449787686932831,0.1799179087895899,4674,4315,2209
RUNNING,,,4582,0.4244583310540765,0.5896496001034975,2282,636,3288
RUNNING,,,3694,0.8484851709213108,0.4876568167507648,2508,1519,3811
RUNNING,,,1429,0.0664687436241656,0.7799484408665448,545,3471,515
RUNNING,,,2270,0.9437623293045908,0.6610535746216774,938,3125,1616
RUNNING,,,2502,0.2211941256355494,0.0724809440243989,3526,1946,2735
RUNNING,,,4211,0.5526437376420945,0.9697549773771316,1268,290,4389
RUNNING,,,698,0.266821293124929,0.2637417925447225,4286,4742,1132
RUNNING,,,1146,0.7546039888542145,0.9071125503778456,3328,1203,156
FAILED,,,4035,0.0355999182555824,0.3263974699247628,975,3787,4350
FAILED,,,2991,0.738221768701449,0.7236350290495902,3854,3372,3555
FAILED,,,2133,0.455965353352949,0.0098861202448606,1852,1579,2124
FAILED,,,1567,0.5844829191770404,0.4250619985479861,2089,2473,711
RUNNING,,,3204,0.3597321190256625,0.842529889717698,4716,2558,4944
RUNNING,,,4756,0.9132275667060166,0.2425735805928707,117,4682,2937
RUNNING,,,151,0.1269788659270852,0.5270071786809712,3096,388,1545
FAILED,,,35,0.5950017584767192,0.7897992466427385,4366,2932,2073
FAILED,,,4805,0.3204546890277415,0.4426862039547413,1329,2080,3504
FAILED,,,3174,0.8900080515611916,0.6068131902646273,3449,142,4222
FAILED,,,1685,0.1789569717701524,0.127640222210437,842,4909,28
FAILED,,,2097,0.799120241669938,0.3089253130089491,610,4161,1437
RUNNING,,,3114,0.0208168655131012,0.9596292949803172,2592,809,2828
RUNNING,,,3925,0.6907515286449342,0.1249710586704313,2191,1332,4913
RUNNING,,,1189,0.4737023933362215,0.6436155874412506,4603,3599,679
RUNNING,,,739,0.9839235344175248,0.0628672890197485,3019,2333,562
RUNNING,,,4101,0.2097915112208575,0.7057137208469211,22,2717,3858
RUNNING,,,2627,0.5017930592577904,0.3710900552310049,4796,4500,3415
RUNNING,,,2233,0.2889133808109909,0.8974703079741448,2149,512,2335
FAILED,,,1550,0.6589389594066887,0.5446542051173746,1761,1024,1239
RUNNING,,,3660,0.3807649402674287,0.1898049625735729,3783,3908,4496
RUNNING,,,4627,0.8296816165652126,0.8518973781894892,1039,3229,2762
RUNNING,,,486,0.115005498053506,0.3805824361629784,3413,1742,1644
RUNNING,,,387,0.8589578002616763,0.7361169388405979,2464,4806,4553
RUNNING,,,4531,0.0857445333339273,0.0304082023259252,4485,205,945
RUNNING,,,3448,0.6258390872366725,0.9273862361516804,337,2017,1779
FAILED,,,1334,0.4138800611570477,0.3391182880960404,2709,3034,2546
RUNNING,,,2370,0.5349510022252798,0.2202234534528106,3723,3536,3959
RUNNING,,,2763,0.2557402151487767,0.5122103913091122,725,1435,390
RUNNING,,,4276,0.954707295309752,0.4105136074833571,4093,707,2359
RUNNING,,,915,0.2389924978911876,0.819940854197368,1446,4225,3164
FAILED,,,1090,0.7199681897275149,0.4731046948339789,1157,459,3125
RUNNING,,,3828,0.444500936359167,0.7573554328344761,3139,4593,1382
RUNNING,,,2900,0.7659608468860388,0.1575713935308158,1644,2625,898
RUNNING,,,1881,0.0539914941452443,0.574856666272506,4056,2388,4780
RUNNING,,,1824,0.92310749803856,0.990032512973994,4913,1649,3679
RUNNING,,,3309,0.145842317469418,0.2764662263151257,1876,3283,1975
RUNNING,,,4979,0.5657270228788257,0.6735315156187862,2903,3854,281
RUNNING,,,213,0.3497141870595514,0.0929992915354669,295,1116,4202
RUNNING,,,207,0.9211464546993376,0.6943005830869078,1217,575,2540
RUNNING,,,4975,0.1478109749443829,0.0431090622041374,3239,4395,1783
RUNNING,,,3305,0.5636518901921808,0.8777720573488623,1589,2740,939
RUNNING,,,1818,0.3518121621534228,0.3596150674894452,3963,2191,4557
RUNNING,,,1878,0.7217768276631831,0.209532736564055,4981,1846,3158
RUNNING,,,2894,0.4426846842877567,0.5561587087884545,1983,3166,2362
RUNNING,,,3821,0.7678838195465504,0.3920269636437296,2850,4050,384
FAILED,,,1086,0.052045679077506,0.8716870021615177,204,1001,3963
RUNNING,,,909,0.533028479423374,0.4546770642641931,2410,4924,4784
RUNNING,,,4272,0.2576855803579092,0.809038760460913,4392,8,892
RUNNING,,,2759,0.9528990997970104,0.1469434895440936,397,2132,1386
FAILED,,,2364,0.2408083075396716,0.6187459779176862,2809,2839,3119
RUNNING,,,1330,0.8610324905253945,0.9403593209013345,3671,3733,4206
RUNNING,,,3442,0.0836470006629824,0.2970258260462433,634,1318,275
RUNNING,,,4526,0.6277996807172894,0.6316523469630628,4160,903,1978
FAILED,,,383,0.4119118535406887,0.1057591572478413,1553,4109,3673
RUNNING,,,480,0.6570776434000581,0.777036521911621,3124,2450,24
RUNNING,,,4624,0.3826490986812859,0.4845625210274011,87,2520,4229
RUNNING,,,3657,0.8279346352834254,0.5862564495522528,4707,4615,3500
RUNNING,,,1544,0.1167600934710353,0.1773162658661603,2100,316,2080
RUNNING,,,2229,0.9860588366221636,0.2650388603825122,1863,1221,676
RUNNING,,,2621,0.2076333666089922,0.9702600505501032,3845,3791,4919
RUNNING,,,4095,0.503814272115007,0.0732848720252513,944,3425,2825
RUNNING,,,735,0.2868845538180321,0.6620403664279729,3356,1626,1443
RUNNING,,,1183,0.7970984674189239,0.0111220965404063,4278,3048,2342
RUNNING,,,3921,0.0228462538998574,0.7242013127356767,1279,1883,3411
FAILED,,,3111,0.6886156576108187,0.3271407822668552,3554,257,3864
FAILED,,,2091,0.4758611067775637,0.9081600768137724,907,4713,559
RUNNING,,,1682,0.5967493085879833,0.5241564702391625,514,4358,1650
FAILED,,,3168,0.3186995247807353,0.2394181933272629,2535,693,2759
RUNNING,,,4799,0.8918699289616197,0.8391974737960844,2293,1528,4502
RUNNING,,,31,0.1770722519624978,0.4223997399657964,4666,3484,1236
FAILED,,,155,0.582415608825162,0.1282336331140249,3421,1086,509
FAILED,,,4763,0.3617765869703143,0.6080762900598347,1029,3985,3815
RUNNING,,,3210,0.9110459216292948,0.4437684680260717,3755,3257,3282
FAILED,,,1571,0.1291528968680649,0.7905773003380746,1791,1774,2213
RUNNING,,,2139,0.7563363999221474,0.6404949378110468,2180,2276,1126
FAILED,,,2994,0.0338903495948761,0.1221550915818661,4767,2675,4393
RUNNING,,,4039,0.740068269116804,0.956994163615629,11,4486,2728
RUNNING,,,1153,0.4541264670733362,0.3056200205869972,3028,504,1620
RUNNING,,,702,0.9419163307975976,0.8944107498861849,4575,4199,2128
RUNNING,,,4217,0.2230325100068002,0.3682128776293248,2221,833,3549
RUNNING,,,2508,0.550911835918203,0.703139205140993,2601,1404,4354
RUNNING,,,2274,0.268530352441594,0.0595012619681656,599,3667,150
FAILED,,,1435,0.6471599044259637,0.3811146365534514,831,2928,1549
RUNNING,,,3698,0.4222848094571381,0.8532215695269406,3458,2062,2931
RUNNING,,,4586,0.8505519793648272,0.1908264920152723,1360,94,4948
RUNNING,,,605,0.0644247775878757,0.5454928744714707,4338,4856,705
RUNNING,,,429,0.8173769919611513,0.3377944239284842,284,1711,2993
RUNNING,,,4411,0.0975845274254679,0.9268546008728444,2911,3360,1259
RUNNING,,,3562,0.676358861155808,0.0295700980834662,1906,3882,845
RUNNING,,,1298,0.393070644903928,0.7350957365687936,4885,1150,4736
RUNNING,,,2490,0.521649123813957,0.8228182994835078,4028,401,3645
RUNNING,,,2720,0.2978082983940839,0.4135736711975186,1675,4550,1951
FAILED,,,4312,0.9750294366180896,0.5155769239868969,3148,2611,168
FAILED,,,801,0.1899346082918345,0.2227982368431985,1146,2379,4098
RUNNING,,,975,0.7069556447565555,0.5776730200164019,1476,3574,4685
RUNNING,,,3865,0.4872238389961421,0.1606926677580922,4065,1458,1067
RUNNING,,,2859,0.785597719695419,0.7606613498535006,713,779,1834
RUNNING,,,2000,0.0046138071268796,0.4757402128539979,3732,4291,2591
RUNNING,,,1787,0.8818464797213673,0.0917366378810256,2718,4803,3994
FAILED,,,3425,0.1583675874955952,0.6729387887977064,326,187,416
RUNNING,,,4860,0.6155919848419726,0.2756888567022979,4458,1969,2470
RUNNING,,,254,0.3286154299303889,0.9889506950434296,2495,2982,3266
RUNNING,,,282,0.7432459541261196,0.2830405975412577,4129,3932,4167
RUNNING,,,4890,0.4679968078248202,0.949338329512626,1424,1039,236
RUNNING,,,3396,0.7580445716045797,0.1000542902089655,3678,1727,2019
RUNNING,,,1757,0.0462911770194768,0.6342925689797848,778,3205,3713
RUNNING,,,1973,0.9152101651504636,0.7999684454239904,390,2703,4824
RUNNING,,,2828,0.1381535144932568,0.4684491527359932,2665,2309,933
RUNNING,,,3892,0.5890239750482142,0.6160144420396536,2442,536,1347
RUNNING,,,1006,0.3732213272973894,0.1524352239854633,4521,4514,3081
RUNNING,,,828,0.8512574868537485,0.5538496868051588,2936,785,3198
RUNNING,,,4343,0.0778282543346285,0.2145941942613572,270,4146,2402
FAILED,,,2693,0.6493349549844861,0.8620722280871121,4871,3614,347
RUNNING,,,2459,0.4371578292734921,0.4063510360606014,1931,1356,3926
FAILED,,,1269,0.5584581461809575,0.0379561716746538,1699,2095,2503
RUNNING,,,3532,0.2790371636003255,0.6963963535018264,4014,2956,1746
RUNNING,,,4440,0.9470184886157512,0.3451995696760714,1132,4885,979
RUNNING,,,459,0.2310951687209308,0.8871735724192112,3173,127,4597
RUNNING,,,555,0.9762203025054186,0.245134481569752,2246,3307,1688
RUNNING,,,4538,0.2018781507257372,0.5215276694260537,4561,1663,2797
RUNNING,,,3747,0.5252841124031693,0.4364040038101374,585,1102,4461
RUNNING,,,1483,0.3121959635298698,0.8302375005241484,2626,3829,1195
RUNNING,,,2325,0.6824490144308656,0.7269214274100959,3483,4578,2300
RUNNING,,,2555,0.4040589776504784,0.0056189408954232,817,434,3370
RUNNING,,,4166,0.8219976319093257,0.9172113565113396,4324,2412,3903
RUNNING,,,655,0.107103346845135,0.3133496584556996,1385,2639,597
RUNNING,,,1102,0.6182843449134379,0.9798634034208952,1092,1410,636
RUNNING,,,3992,0.3439457384552806,0.2507033667620271,3368,3522,4879
RUNNING,,,3045,0.8820946873482317,0.6643303530719131,1738,4239,2862
RUNNING,,,2186,0.1712537435758858,0.0682043789885938,3819,732,1481
FAILED,,,1620,0.7912180941794068,0.4989894400443881,4832,220,62
FAILED,,,3258,0.0131328771393746,0.7676464280448853,2127,4831,4266
RUNNING,,,4713,0.7140455623101442,0.1824881917349994,2975,3010,3461
RUNNING,,,107,0.4972124520782381,0.5841797144766897,75,2002,2040
RUNNING,,,60,0.7778666774127632,0.8476461390778423,1293,4448,1511
RUNNING,,,4829,0.0591413221042603,0.3838843025956302,4253,623,2893
RUNNING,,,3139,0.7302901722025125,0.5316218617204576,882,2239,4987
RUNNING,,,1652,0.4483108139876276,0.1999197089448571,3568,2793,744
RUNNING,,,2063,0.5765399944204836,0.3655955575052649,2550,3138,2168
RUNNING,,,1131,0.5467988576889037,0.6771580963134765,1115,2838,3395
RUNNING,,,3434,0.2350262916088104,0.4455646279621869,2762,226,31
RUNNING,,,4034,0.9780673215594142,0.7566625966727732,1464,1274,2442
RUNNING,,,1731,0.2920378430858254,0.1206108468882739,4976,4296,4088
RUNNING,,,2011,0.7534032084178179,0.3581955433059483,3800,4407,2620
RUNNING,,,4706,0.4416237225085496,0.5188951628562062,2322,2409,828
RUNNING,,,2845,0.7168524755295365,0.215532856773585,3466,975,1698
FAILED,,,151,0.0308299271091818,0.907372605830431,102,3344,4897
RUNNING,,,531,0.921121332326904,0.1800373443905264,1997,607,3804
RUNNING,,,2758,0.3597047622315585,0.9466790173184126,4110,2613,2159
RUNNING,,,4619,0.603881894858554,0.2555443035848438,427,4052,353
RUNNING,,,2391,0.1672223217375576,0.6177431622222065,3156,1675,3717
RUNNING,,,1330,0.6287187334839254,0.8556936345826834,3081,2185,4554
RUNNING,,,4104,0.0673091529272496,0.0176547461692243,820,4788,1356
RUNNING,,,3504,0.841674008624628,0.7167693697288632,4656,3744,1131
FAILED,,,729,0.4050074459649622,0.4098860770352184,1759,731,2923
RUNNING,,,843,0.856852616276592,0.9739123308118433,3705,4068,1521
RUNNING,,,3696,0.4203149009291082,0.1526783753503113,195,1457,4406
RUNNING,,,4306,0.6760655031539499,0.5827098581790923,4030,5,3069
RUNNING,,,1453,0.1147707313466817,0.2906956044249236,2385,3027,964
RUNNING,,,491,0.586578374505043,0.6132626485824584,2789,749,4571
RUNNING,,,3302,0.1815076003558933,0.2638848122619092,2281,3736,1819
RUNNING,,,4857,0.8638896735850721,0.9287386951539665,4986,4283,587
RUNNING,,,1420,0.3954659430757164,0.2021574552934616,104,1295,3303
RUNNING,,,2196,0.897727517420426,0.4449089915752411,948,2447,3911
RUNNING,,,3759,0.3693657267466187,0.6861054066233337,3947,4459,2484
FAILED,,,2850,0.677002107841894,0.0055358081404119,1281,2506,1177
FAILED,,,660,0.0833457757122814,0.8714862741362303,3672,494,2718
FAILED,,,1071,0.7630144505444914,0.0741734050456434,4223,3205,3551
RUNNING,,,2633,0.4807415865436196,0.7988131852876394,670,1194,56
RUNNING,,,4207,0.5315149199198931,0.3838170031905174,3316,1741,1285
RUNNING,,,2022,0.189795170713216,0.7351518322639167,1635,3752,4822
RUNNING,,,1869,0.6999109602998941,0.9915514782164244,2003,4983,2969
RUNNING,,,4683,0.0448528098948299,0.127542761830613,3066,1994,643
RUNNING,,,3713,0.9683823546711356,0.558010709747672,458,41,1953
RUNNING,,,275,0.2519204787388443,0.3148576142452657,4630,3030,4158
RUNNING,,,47,0.954550222158432,0.7600495941992848,1468,1420,899
FAILED,,,3486,0.300710870699957,0.1134395067859441,3464,4095,3026
RUNNING,,,4450,0.7494380775205791,0.6959466436095536,1150,3548,4258
RUNNING,,,1637,0.0302956112679094,0.4225196811929345,3763,873,2166
RUNNING,,,2092,0.518181695472449,0.1819000657405704,4797,384,308
RUNNING,,,4279,0.2381021208222955,0.9366916487831622,311,2709,3611
FAILED,,,2709,0.8110681692957878,0.3696565305925905,2586,4662,4918
FAILED,,,1148,0.4676423201728612,0.5037143189236521,2463,2337,1502
FAILED,,,892,0.6319862861149012,0.3030747503377497,583,3964,2232
FAILED,,,3080,0.1009448568876832,0.5745447869226336,4525,1641,3851
FAILED,,,3987,0.9160633238554,0.2409362374749034,2113,1094,2622
RUNNING,,,2423,0.3236248389054089,0.8894878439921886,2937,3417,960
RUNNING,,,1346,0.8193651383519172,0.6313216962404548,3192,2851,1563
RUNNING,,,4781,0.4125892039705068,0.4992206478491425,1741,176,4514
RUNNING,,,3232,0.6034484161250293,0.8171137047763913,4114,2129,3204
RUNNING,,,420,0.1372170231994241,0.0603804316092282,800,4805,374
FAILED,,,378,0.8467060201019048,0.397815724665299,2384,563,1088
RUNNING,,,3190,0.3775560374874621,0.7326050330530852,2509,2613,2514
RUNNING,,,4745,0.5762284236513077,0.0838168129920959,234,4410,3822
RUNNING,,,1309,0.1723729824926704,0.7937993856482207,4718,2360,2280
RUNNING,,,2386,0.659343466874212,0.5354846451375633,3842,1402,422
FAILED,,,3950,0.0659260858800262,0.3420137816350907,1227,4352,3175
RUNNING,,,3039,0.8888289359062909,0.9753299198597668,3541,3649,4407
RUNNING,,,851,0.3587644991893321,0.155216699745506,1547,699,1691
RUNNING,,,1185,0.5533204039894044,0.9132557079643012,879,3098,2040
FAILED,,,2745,0.2108648775722831,0.2052148923538625,4191,149,4365
FAILED,,,4320,0.776052253589034,0.6051196938250213,1818,1946,3056
FAILED,,,2133,0.4950004526991397,0.268373697547242,3272,4894,849
FAILED,,,1679,0.9897033261507748,0.0275978714823722,2858,3860,1452
FAILED,,,4492,0.2734899264592677,0.8457696394138037,2036,1809,4947
RUNNING,,,3523,0.7144058628045022,0.4615802746955305,4449,1106,3718
RUNNING,,,84,0.0576393483188003,0.6570081160794943,504,3157,182
RUNNING,,,160,0.7271301199775188,0.2288263087011873,3749,2230,4694
RUNNING,,,3598,0.0096979213394224,0.8901468171402812,1360,4593,1393
RUNNING,,,4563,0.9410404021833092,0.2915435014571994,4026,2796,85
RUNNING,,,1749,0.2869544780179858,0.581447364391759,1024,434,3503
RUNNING,,,1902,0.7902496712896973,0.8377519507594406,27,804,4110
RUNNING,,,4088,0.4456008555218577,0.0351130494847893,4906,3441,1982
RUNNING,,,2518,0.5041588098984212,0.6494320249911397,2201,4144,751
FAILED,,,956,0.2248131089247763,0.4696588764358312,2712,1507,2842
RUNNING,,,780,0.9327445038650184,0.7094199636932462,4553,4697,3430
RUNNING,,,2969,0.3420067614242434,0.4214728481341153,379,2061,480
RUNNING,,,3874,0.6418642321210354,0.7702031752653419,2986,264,1789
RUNNING,,,2311,0.1105819482244551,0.1069409692659974,1926,2900,4621
RUNNING,,,1535,0.6216095305662602,0.3496050638165325,1712,3350,2767
RUNNING,,,4972,0.1541646961010992,0.5274212939757854,3396,986,1147
RUNNING,,,3421,0.8287357367966323,0.1632191378213465,749,1689,2377
RUNNING,,,610,0.4226879580542445,0.9677995507642628,4300,4053,4038
RUNNING,,,577,0.8768653626814484,0.1407776419818401,326,2643,2893
RUNNING,,,3390,0.3472843938414007,0.990130158316344,4588,591,685
RUNNING,,,4927,0.6706981843598186,0.3252610564474016,1902,2388,1878
RUNNING,,,1488,0.0777718853782862,0.5518676237296312,3031,4440,4200
RUNNING,,,2286,0.56474049596861,0.8081160781532525,3401,4303,3558
RUNNING,,,3846,0.160401527447626,0.0688943356834351,1649,1354,25
RUNNING,,,2917,0.8585592255368829,0.7494791717324406,4374,651,1292
RUNNING,,,730,0.3889181014243513,0.381554033158347,735,3600,4790
RUNNING,,,982,0.7101742064841091,0.6718111503515392,1374,100,3982
RUNNING,,,2546,0.0538987740110605,0.4471460352521389,3675,3050,2437
FAILED,,,4140,0.9933256508484481,0.862157436326146,1087,4846,1248
RUNNING,,,1952,0.2775957190338522,0.010847942110151,4020,1896,2672
RUNNING,,,1782,0.7723043328300118,0.2534483054522425,4862,1838,4569
RUNNING,,,4594,0.4907613904420286,0.6194316869806498,51,3889,1856
RUNNING,,,3644,0.5574340783841907,0.188948501497507,2678,3186,584
RUNNING,,,208,0.2144950246047228,0.9301269318573177,2254,1135,3340
RUNNING,,,136,0.5079184195455164,0.4859248471762985,4166,4564,1639
RUNNING,,,3573,0.2290561864487826,0.6325602694470435,923,2200,4473
RUNNING,,,4517,0.7861248433757573,0.0500379099287092,3217,404,3280
RUNNING,,,1707,0.4419671096205711,0.823439537487924,1851,2768,332
RUNNING,,,2179,0.9452604291010648,0.5650591473635285,2109,3490,2224
RUNNING,,,4368,0.2906909775733947,0.308292899178341,2842,853,3883
RUNNING,,,2778,0.7235190082844347,0.8753432512171566,508,1556,2615
RUNNING,,,1215,0.0055956681482493,0.2432601280286908,4384,4193,992
RUNNING,,,806,0.8402272633481771,0.9509249994046985,2573,2109,238
RUNNING,,,2992,0.4346705666184425,0.1794802902415394,2379,4746,3657
RUNNING,,,3917,0.6097523098643868,0.5131040623839944,4733,2950,4847
RUNNING,,,2355,0.1427909432761371,0.3645271284449845,161,312,1548
RUNNING,,,1256,0.6538242659624665,0.1236932817734777,1193,957,901
RUNNING,,,4695,0.1220508405677974,0.7538196575865149,3896,3320,2989
RUNNING,,,3164,0.9213938611317424,0.4359113668110221,1504,4023,4260
RUNNING,,,350,0.3301725913286209,0.6946193125564604,3566,1660,2130
RUNNING,,,465,0.6810586687829345,0.8552251217160373,4461,3707,1440
RUNNING,,,3279,0.0869111951552331,0.022410359499976,588,719,4974
RUNNING,,,4814,0.8940366952437907,0.6711833419948816,2922,1265,3706
RUNNING,,,1376,0.3651913772076368,0.4592262231670319,2186,4254,209
RUNNING,,,2475,0.8674472706932574,0.2185409729722887,1774,4508,2101
RUNNING,,,4037,0.3995146221965551,0.911986382646486,3138,2496,4308
RUNNING,,,3106,0.5824114429857581,0.2786854633986949,843,543,3117
RUNNING,,,921,0.1778241246305406,0.598824137341231,4089,2555,793
RUNNING,,,1095,0.9802926586885004,0.3317293697893619,3489,1242,439
RUNNING,,,2658,0.2633472553938627,0.5417447390072047,1425,3255,3153
RUNNING,,,4253,0.6883659191634505,0.1418551751021295,3817,3802,4424
RUNNING,,,2064,0.0328166272602975,0.9766266177725048,1116,1789,1669
RUNNING,,,1592,0.542934350123629,0.7184024345427751,238,1965,1022
RUNNING,,,4403,0.201698068793863,0.4002052202187478,4812,4953,2565
FAILED,,,3453,0.7509861497301608,0.784379365960136,2459,3000,3757
FAILED,,,16,0.4692043677419424,0.0889769709687679,2650,12,2331
FAILED,,,250,0.7996604279801249,0.5181485583670437,656,4125,2780
RUNNING,,,3685,0.4557434373591094,0.3548534963205456,4297,1448,1120
RUNNING,,,4630,0.530198842767626,0.9534415781553834,1572,901,2389
RUNNING,,,1819,0.2496357407551258,0.1655122688282281,3322,3578,4011
RUNNING,,,1989,0.7375161441005766,0.408207688037306,3110,2660,3369
RUNNING,,,4177,0.0188647598605602,0.7108720357045532,1979,336,536
RUNNING,,,2588,0.9661064762994646,0.0965682828929275,4665,2289,1728
RUNNING,,,1024,0.3127505927179008,0.7763159850556403,405,4613,4677
RUNNING,,,693,0.5998944178856909,0.0455801931526511,2334,1591,4093
RUNNING,,,2880,0.133179497597739,0.8315527625400572,2755,3916,2004
RUNNING,,,3805,0.823528066687286,0.4828376692570746,128,3369,734
RUNNING,,,2244,0.4162609908077865,0.6480744214281439,4941,1044,2864
RUNNING,,,1446,0.9120032235309482,0.9044103213008492,3941,205,4760
RUNNING,,,4885,0.3200482064578682,0.2266195449698716,1010,2881,1342
RUNNING,,,3354,0.6356811830438673,0.5908064784295856,3598,4834,151
RUNNING,,,541,0.1051308358293026,0.2862006116583943,1295,2158,3451
RUNNING,,,509,0.7792595679219813,0.8819011682141572,3283,4432,2288
RUNNING,,,3322,0.4994227254502475,0.2488738624509423,1610,2421,3790
RUNNING,,,4917,0.5497173497844487,0.5663023585751653,4256,624,2522
RUNNING,,,1478,0.2065342254042625,0.3104803524501622,695,2635,1056
RUNNING,,,2256,0.7166498105097561,0.0522519773561507,443,3632,1702
RUNNING,,,3817,0.0630549683570861,0.824648509254679,4626,643,4380
FAILED,,,2867,0.9870632816608996,0.491504293821752,2018,1346,3187
RUNNING,,,681,0.2681653321497142,0.639144871238619,3070,4335,396
RUNNING,,,1051,0.5735840367246418,0.4307853980883956,4979,1890,838
RUNNING,,,2615,0.1670527306199073,0.6885491612590849,91,4878,3082
RUNNING,,,4150,0.8489541912730783,0.1210190145689994,2796,3081,4353
RUNNING,,,1962,0.3829674340598285,0.752089632442221,2294,93,2066
RUNNING,,,1811,0.885229272371158,0.5114082766845822,1258,1167,174
RUNNING,,,4623,0.3544304563514888,0.3618262470848858,3636,3179,3750
RUNNING,,,3692,0.6625475095082073,0.944828163312748,970,3882,4940
RUNNING,,,256,0.0703516303300857,0.1743886092957109,3982,1870,1485
RUNNING,,,29,0.6444629044905305,0.7429064651690424,2148,2735,3494
FAILED,,,3466,0.1158565450254827,0.3759255686551332,2960,412,117
FAILED,,,4391,0.9304810746796428,0.8068885487895457,548,2209,1385
FAILED,,,1580,0.3365801663231104,0.0667226237449795,4502,4532,4727
RUNNING,,,2032,0.8323202612884342,0.3230626559965312,4127,4200,2830
RUNNING,,,4221,0.4270066833924502,0.5506743784248828,806,1525,777
RUNNING,,,2690,0.6183598923459648,0.1351834206413477,3179,821,1970
RUNNING,,,1127,0.1496933776084333,0.9835308413151652,1735,3497,4137
FAILED,,,914,0.9377873732931912,0.1940901520680636,1153,281,4632
RUNNING,,,3099,0.2824865501951426,0.9362128244880586,3779,2956,1763
FAILED,,,4045,0.7307179161682725,0.2561077830903232,1464,4753,492
RUNNING,,,2483,0.0140133749786764,0.6211469820439816,3448,2078,3404
RUNNING,,,1403,0.5018997231498361,0.8638384473305195,2612,1667,4046
RUNNING,,,4841,0.2193821713868528,0.0135341082606464,2496,3992,2345
RUNNING,,,3252,0.7928441201932728,0.6779236534200608,4771,3289,1155
RUNNING,,,438,0.4508796757888048,0.452253442659974,278,964,2735
RUNNING,,,318,0.5369156388565897,0.0992234255298972,1814,4227,3296
RUNNING,,,3132,0.1920240388605743,0.778027064088732,3256,1278,619
RUNNING,,,4726,0.7577054116763174,0.4133451077062636,882,732,1811
RUNNING,,,1288,0.4781169190388173,0.7169535784628241,4207,3680,4603
RUNNING,,,2368,0.972819588009268,0.9595573603585362,4423,2567,2707
RUNNING,,,3930,0.2551428131442516,0.1706230743415653,471,516,1203
RUNNING,,,2980,0.6955648121759295,0.5198329526055603,2884,2469,2472
RUNNING,,,794,0.0412343192193657,0.3575429267343133,2069,4520,3937
RUNNING,,,1241,0.8595402537621558,0.5895822133291512,199,1763,4834
RUNNING,,,2805,0.3918507240992039,0.2840322829540818,4694,3813,1259
RUNNING,,,4341,0.5910190105959772,0.8978410128429531,2419,3266,68
RUNNING,,,2152,0.1847265440914779,0.220994359601289,2533,1216,3524
RUNNING,,,1700,0.6716972924396396,0.4772390980441122,3527,24,4167
RUNNING,,,4510,0.0807168847415596,0.6414708735253661,1541,2974,1921
RUNNING,,,3581,0.9031238939203322,0.0433775766715407,3856,4927,651
RUNNING,,,144,0.3715989373307674,0.8303551822341979,1232,1977,2936
RUNNING,,,220,0.9203671480920164,0.2760145942997187,2993,3565,2174
RUNNING,,,3656,0.3271942838393152,0.5970973913315683,1939,929,4226
RUNNING,,,4581,0.627530523063615,0.2134182685129344,4546,1476,3033
RUNNING,,,1769,0.097710595652461,0.9059196145832538,366,4112,866
RUNNING,,,1920,0.6087379735130816,0.665082289872691,772,4640,1513
RUNNING,,,4109,0.1398307156413793,0.4541302072200923,4336,2276,4892
RUNNING,,,2579,0.8139230472948402,0.8535249861441552,1689,323,3622
RUNNING,,,1014,0.4103103383146226,0.0197052472382783,3360,2687,282
FAILED,,,722,0.7439917629975825,0.7856183462701737,4059,1033,949
RUNNING,,,2909,0.0280209690779447,0.0911600743681192,1050,3396,2649
RUNNING,,,3853,0.9598441219832748,0.7249560165386647,3716,3942,3839
RUNNING,,,2293,0.3033202207051217,0.4058147386107593,1334,1580,2258
RUNNING,,,1515,0.8066156779434532,0.1474380049817264,2217,2185,366
RUNNING,,,4954,0.4644047872386872,0.9832144838273524,2716,4822,3236
RUNNING,,,3364,0.5224821290392428,0.3339467163514345,11,2869,4506
RUNNING,,,551,0.2416749564260244,0.5429571088794619,4902,232,1595
RUNNING,,,599,0.6919501016139983,0.3718553994912653,1064,1326,216
RUNNING,,,3409,0.0371361407805234,0.5049080326762049,3985,4276,3674
RUNNING,,,4984,0.9770436301939188,0.1874947704002261,1397,3730,4981
RUNNING,,,1548,0.2588757733162492,0.9432914491035044,3710,780,1409
RUNNING,,,2343,0.7535841231457889,0.7025198186207562,2672,487,806
RUNNING,,,3906,0.4744791578706353,0.4281486141439527,2241,2538,3089
RUNNING,,,2937,0.5406711737513542,0.7612776068821548,4868,4491,4322
RUNNING,,,748,0.1962707152534276,0.1156117020435631,64,2440,2074
RUNNING,,,964,0.8917767905704675,0.8154331770911812,1886,3785,1656
FAILED,,,2526,0.3597607519682496,0.0576947487778961,3028,1733,4451
FAILED,,,4081,0.6836532515287399,0.6252096616197377,342,1186,3141
RUNNING,,,1895,0.0921893759537488,0.4941137088891118,4591,3238,467
FAILED,,,1722,0.5791581910252571,0.2357950702235102,4341,3022,2324
FAILED,,,4536,0.1733568660188466,0.8834024346806107,709,73,3787
FAILED,,,3625,0.8710357955805957,0.3004157411474734,3434,2026,2559
RUNNING,,,187,0.4038297932799905,0.5728299603071064,1675,4975,1053
RUNNING,,,116,0.8257726538609713,0.0033222091607749,4758,880,4004
RUNNING,,,3555,0.4216764770038425,0.8702777708172797,194,3517,2420
RUNNING,,,4460,0.5972540610972791,0.4393300282489508,2548,4064,1114
FAILED,,,1647,0.1278557212129235,0.6795212881509214,2346,1426,2811
RUNNING,,,2121,0.638888779932633,0.9221812466047704,1508,2306,4664
RUNNING,,,4308,0.1095523798838257,0.1965441893190145,3581,4669,1756
RUNNING,,,2757,0.9083995001148432,0.6120199281256646,1189,2716,523
RUNNING,,,1196,0.3157177773602307,0.2616978423092514,3881,353,3396
RUNNING,,,824,0.5265993428174405,0.5597069787662476,3231,3425,2876
RUNNING,,,3012,0.2453010881915688,0.3175589789245277,1858,1062,706
RUNNING,,,3978,0.8028636824321,0.9976487827561796,4153,1608,2017
RUNNING,,,2413,0.460169323850423,0.132634911224246,916,3972,4066
RUNNING,,,1316,0.9634628478121012,0.3889434552323073,544,4773,3458
RUNNING,,,4752,0.307430088032037,0.7412224668804555,4407,2136,120
RUNNING,,,3182,0.7397641219440848,0.0768481406979262,2073,183,1349
FAILED,,,370,0.0242768553867936,0.8005436788797378,2819,2820,4729
FAILED,,,407,0.9986159369330851,0.6555326086655258,3804,2371,4194
RUNNING,,,3219,0.2802091289199888,0.4747544239349663,1110,4384,1909
RUNNING,,,4793,0.704731892356649,0.8394516030121594,3502,2587,677
RUNNING,,,1358,0.0516205775663256,0.0378176784273236,1431,574,2924
RUNNING,,,2455,0.5617380364630371,0.2942139021083712,2423,673,4778
RUNNING,,,4019,0.2180638300701975,0.5831736419536173,2627,3661,1320
RUNNING,,,3049,0.7678477518539875,0.2339485298413783,274,4364,12
RUNNING,,,861,0.4875274415053427,0.8962131018843502,4835,1376,3585
RUNNING,,,1155,0.6662459458205849,0.1576358246225863,2896,4907,2685
RUNNING,,,2716,0.0745335940048098,0.9612112013902516,2153,1918,1221
RUNNING,,,4271,0.8811650972943753,0.3473872488066553,4487,122,2450
RUNNING,,,2084,0.3508574227727949,0.5262084556557238,621,3111,3954
RUNNING,,,1610,0.8531135207396,0.7689637116361409,839,3130,3347
RUNNING,,,4424,0.3866432956494391,0.1047573825474828,4073,1118,553
FAILED,,,3514,0.5700340537521988,0.7028659132495522,1778,1821,1862
RUNNING,,,74,0.1630116656348109,0.4158628612942993,3154,3833,4537
FAILED,,,2906,0.9433034298419952,0.1076024956405162,4606,3983,2895
FAILED,,,886,0.1619390103202313,0.5863724675290286,1386,1685,1023
FAILED,,,1311,0.5235882830191403,0.4114365835003555,3557,938,2134
RUNNING,,,4902,0.3711399802416562,0.8906937987320124,533,3396,4010
RUNNING,,,3955,0.6748278510421514,0.6711765364892781,905,3030,3194
RUNNING,,,2258,0.4538066622186452,0.1514420105405151,2567,134,78
FAILED,,,584,0.8562510205488651,0.8507489384301006,2258,1894,1770
RUNNING,,,3208,0.0150851974971592,0.3305271672792732,4351,4945,4901
RUNNING,,,3657,0.6099505655262619,0.7767456576507538,2962,1441,4272
RUNNING,,,56,0.2691818136945366,0.2953731105905026,1147,4142,2398
FAILED,,,2121,0.9193007982335984,0.7063305764477699,3951,3480,697
FAILED,,,4169,0.2015370779689401,0.2254452745895832,2021,938,2576
RUNNING,,,4492,0.7547821737583726,0.4622015201356262,1604,493,4632
FAILED,,,1799,0.1009619524441659,0.9802736958470196,4986,2596,1513
FAILED,,,984,0.713936836875975,0.0180226133968681,309,4431,392
FAILED,,,2729,0.4302892923448234,0.5356075439061969,3183,2482,3526
FAILED,,,2556,0.7413969255797564,0.2602469172514975,2478,3149,1366
FAILED,,,1157,0.3950623018648475,0.8118688785769044,4141,1192,4485
FAILED,,,1670,0.7897264448348432,0.1903182484544813,685,1773,3691
FAILED,,,4622,0.0738435926958918,0.7414529645778238,2777,3889,557
FAILED,,,4300,0.8762763304635882,0.9451673706434666,3660,4724,2233
RUNNING,,,1992,0.2211999570671469,0.4973103455863893,440,2111,4107
RUNNING,,,229,0.5906294451262802,0.5005025273822247,4503,200,2723
FAILED,,,3484,0.3119235323183238,0.0531327475272119,1478,2967,844
RUNNING,,,3386,0.8134780088681727,0.6214211216028779,50,684,225
RUNNING,,,405,0.0344966056346893,0.0725568158384412,3432,3727,3341
FAILED,,,2402,0.6552555199302733,0.9257432856019586,1863,4237,4735
FAILED,,,3811,0.4967996064256876,0.3763917346354573,4736,1353,1604
FAILED,,,4758,0.5507971833180635,0.186505060089752,3888,2265,1189
RUNNING,,,1455,0.3361641930378973,0.636110986692831,2074,4651,3060
RUNNING,,,707,0.9784991477131844,0.3655889081489294,3025,2659,3863
RUNNING,,,3083,0.1345692167896777,0.8156820799540728,1094,426,1987
RUNNING,,,3008,0.5023663427066057,0.6922019731719046,1514,4858,1644
RUNNING,,,701,0.3456085171736776,0.2356819949168711,4382,1981,4773
RUNNING,,,1517,0.96441757696867,0.7626181845981627,325,66,3384
RUNNING,,,4772,0.1876368281263857,0.3056108421701937,3702,3097,260
RUNNING,,,3844,0.8662942347545177,0.0087605656478554,2675,3287,1944
RUNNING,,,2445,0.020666420340538,0.5487614820394665,739,1047,3828
RUNNING,,,379,0.6649509915746749,0.4529383421633392,4163,1634,3019
RUNNING,,,3331,0.4481176183056086,0.9934266227278858,2345,4033,1151
RUNNING,,,3546,0.9253220125362276,0.4255651124194264,960,2395,522
RUNNING,,,243,0.2111369844023138,0.8804571825042365,3047,4518,3649
RUNNING,,,1918,0.603852522065863,0.1217300151661038,2128,2529,4447
FAILED,,,4294,0.2597182218544185,0.5761347210779785,3786,560,1325
RUNNING,,,4596,0.6889404676072299,0.8600110010504722,4779,829,881
RUNNING,,,1615,0.4085365263130515,0.317373184531927,1749,3589,2763
FAILED,,,1190,0.7799148576203733,0.6804396103620529,3310,4093,4142
RUNNING,,,2599,0.1226378893181681,0.1382891580164432,85,1491,2276
FAILED,,,2743,0.7992973260935395,0.907708697611466,4227,2861,2616
FAILED,,,1046,0.0798357595168054,0.398316101277247,2291,306,734
RUNNING,,,1793,0.7319034014120697,0.6033875448647886,2612,2063,2441
RUNNING,,,4417,0.3889342442844063,0.0944823127035051,793,4772,4308
RUNNING,,,4115,0.568846664974466,0.344639095114544,584,3799,3483
RUNNING,,,2095,0.2868972307220101,0.8327421217728405,3453,1862,357
RUNNING,,,99,0.8979232198558748,0.1655542358029633,1255,1122,1472
RUNNING,,,3690,0.2463036157544702,0.6531698982883245,4631,3218,4594
RUNNING,,,3202,0.6296940501779317,0.2083528810590505,3207,320,3975
RUNNING,,,509,0.4755476966071873,0.7195285830646753,178,2765,2091
FAILED,,,2272,0.8391467568855732,0.2782804196327924,4881,4604,985
FAILED,,,4017,0.0555817517526447,0.7899434858113527,1656,2313,2854
FAILED,,,4945,0.9840513974316418,0.5214522363170981,1909,1264,4938
RUNNING,,,1344,0.1445833612065762,0.0360727800652384,3996,4326,1810
RUNNING,,,832,0.5450781698990613,0.9661182098016144,1180,3658,113
FAILED,,,2880,0.3262573268860578,0.4802513893768191,2838,754,3237
RUNNING,,,2838,0.6623131564110517,0.9747967063579708,227,2002,4681
RUNNING,,,795,0.4429290662575512,0.4559783156011253,3256,4916,1562
RUNNING,,,1385,0.8668314867597073,0.546212679842487,1685,3078,441
RUNNING,,,4981,0.0278965459950268,0.026906924912706,4911,6,3574
RUNNING,,,4053,0.9553306097276508,0.2874492546338587,4026,1066,4223
RUNNING,,,2313,0.1733036730270832,0.7651822150666266,1938,3348,2349
RUNNING,,,472,0.5134948835540561,0.2326267932076007,2886,4012,648
FAILED,,,3160,0.3578410891145467,0.7108471178133041,1229,1577,2527
RUNNING,,,3727,0.765581724828109,0.1430460595786571,2340,4460,3145
RUNNING,,,141,0.1135508848987519,0.6600851517319679,4276,2374,29
RUNNING,,,2059,0.7011730767264962,0.3382112002670765,822,620,1721
RUNNING,,,4074,0.4196650448534637,0.8547629282474518,2641,2548,4852
RUNNING,,,4376,0.5986639477107673,0.5813675656095147,3482,3529,2943
FAILED,,,1757,0.2570804238691926,0.1009072277024388,614,810,1072
RUNNING,,,1088,0.9325521010123192,0.9007964128628372,4680,1549,2183
RUNNING,,,2780,0.2116742587145417,0.4208234391286969,1304,4114,4059
RUNNING,,,2640,0.8976372231766581,0.625037599997595,3096,249,1218
RUNNING,,,1226,0.2388222496453672,0.1780965911615639,1009,2841,3089
RUNNING,,,1573,0.5712332373764366,0.8197162093091755,3816,4831,3892
RUNNING,,,4559,0.292337030660361,0.3732625646460801,2158,2081,2016
RUNNING,,,4256,0.7205235754959284,0.0658436149004846,1778,1803,195
RUNNING,,,1876,0.3769529425408691,0.616428685599938,4808,3782,3312
RUNNING,,,279,0.8086355858389288,0.385758517647162,134,3275,4706
RUNNING,,,3587,0.0939176369830966,0.93585622417368,3359,1142,1575
RUNNING,,,3295,0.5330968458484858,0.4910996590182185,4431,2785,2203
RUNNING,,,338,0.3148775381483137,0.9396723830923436,1562,377,4077
RUNNING,,,2482,0.9981332377195358,0.0620274355337023,3731,2295,2693
RUNNING,,,3886,0.1539216432590037,0.511087523780763,355,4545,814
RUNNING,,,4814,0.8316654130835086,0.8002929700762033,769,4344,1395
RUNNING,,,1554,0.0552957178950309,0.2523409924358129,2705,1323,4514
FAILED,,,660,0.6351338872946798,0.7459591815024614,2394,734,3720
RUNNING,,,2972,0.4779342467021197,0.1975198396891355,4212,3601,587
RUNNING,,,3125,0.8452443318981677,0.3279744985289871,3383,1663,930
COMPLETED,0.0599999999999999,2200.0,745,0.0027307584881782,0.8688915501125157,1,3925,2811
RUNNING,,,1414,0.6840366853512823,0.1328083465881645,4707,3414,4191
FAILED,,,4722,0.4680179651211947,0.6742126433737576,1834,999,2324
RUNNING,,,3775,0.5229291788171976,0.8876424635760485,2045,114,473
RUNNING,,,2361,0.3640317216552794,0.4300854757241904,3859,2969,3600
RUNNING,,,442,0.9458194258213042,0.5682146275751293,1045,4966,4398
RUNNING,,,3428,0.1672494145650416,0.1101703945212066,2976,1952,1276
FAILED,,,3447,0.706828541111201,0.5564493072237819,4092,4201,1896
FAILED,,,187,0.4296302104499191,0.0127784071471542,2429,1463,3779
RUNNING,,,2028,0.7600925556961446,0.98503446396254,2748,877,2971
RUNNING,,,4341,0.1034779577180743,0.4418508090879768,656,3462,1102
RUNNING,,,4663,0.9069463964030146,0.2457807573657482,411,2657,1693
RUNNING,,,1706,0.1905303670112043,0.701585036603734,3630,512,4822
RUNNING,,,1115,0.6241618907358497,0.3006020885687321,1430,2424,3433
RUNNING,,,2519,0.2783906108252703,0.7559191226046532,4455,4410,309
FAILED,,,2688,0.5811693406198173,0.0401030874811112,1099,1248,4968
FAILED,,,948,0.2979635144844651,0.5291221303604543,2913,3168,1839
RUNNING,,,1841,0.887534296747297,0.4691741807423531,1991,3829,143
RUNNING,,,4529,0.2333031035717576,0.9577059784196316,3922,1755,3266
RUNNING,,,4206,0.7874617171939461,0.7288991285301744,4956,2170,3946
FAILED,,,2163,0.0682819331251084,0.2184696415700018,1575,4742,2062
FAILED,,,20,0.7418047818914055,0.7832340473271905,3134,2910,956
FAILED,,,3616,0.4024218232128768,0.2732918055690825,260,180,2825
FAILED,,,3244,0.972937525320798,0.8416406019758433,1337,3708,3454
FAILED,,,625,0.1323044668417424,0.35522794319503,4557,628,327
RUNNING,,,2221,0.5581567269731313,0.646963003916666,503,1371,1443
RUNNING,,,3913,0.3365720121711492,0.1600630999337881,3528,4297,4564
RUNNING,,,4860,0.6412954649180173,0.4028184665199369,2538,4634,2645
RUNNING,,,1274,0.4873395242262631,0.914906496649608,876,2206,764
RUNNING,,,927,0.8255811330657452,0.0829025525208562,4302,447,2470
FAILED,,,2942,0.0457546090967953,0.5954778278525918,2210,2716,4337
RUNNING,,,2967,0.6084116094596684,0.3873702922519296,3977,35,253
RUNNING,,,904,0.2629562548380345,0.9303583590146152,2006,3049,3372
RUNNING,,,1260,0.9228194593358784,0.0674544972237199,2935,4887,4805
RUNNING,,,4876,0.2058438448756933,0.6109298091884702,1161,2032,1671
RUNNING,,,3928,0.775356482192874,0.826175414873287,275,1587,1158
RUNNING,,,2207,0.1194005720186978,0.3706894422005861,3188,4003,3032
RUNNING,,,601,0.6914437364917247,0.6314976978432387,1636,3338,3796
RUNNING,,,3269,0.413830377805978,0.1755244799684733,4979,1076,1917
RUNNING,,,3601,0.9611995403859764,0.7446043096221983,3590,2577,1299
RUNNING,,,34,0.1830596627369523,0.2027607723809778,525,591,4415
RUNNING,,,2187,0.5076718459092081,0.7989391094483435,4572,2344,3660
RUNNING,,,4182,0.3481005953606218,0.2575828174091875,1391,4489,529
RUNNING,,,4504,0.6681702197249979,0.0557986319325864,2232,4124,2302
RUNNING,,,1865,0.4526959715448319,0.5134302740059792,4364,1539,4174
RUNNING,,,962,0.8609899194017052,0.4848698441646993,930,800,2750
RUNNING,,,2673,0.0181755337212234,0.9420142410360276,2554,3538,874
RUNNING,,,2534,0.8413942328207193,0.230088930753991,1846,2091,4319
RUNNING,,,1101,0.0611299536731094,0.7172805513124912,4759,4822,2448
FAILED,,,1683,0.62535959094204,0.2849103809278458,66,2831,708
RUNNING,,,4688,0.4720850503370165,0.7716147562842816,3408,259,2584
RUNNING,,,4366,0.5428299782797694,0.5407404677774758,3028,1171,4582
RUNNING,,,2005,0.3207084129992872,0.0284835584964603,1058,3246,1465
FAILED,,,174,0.9883851447012276,0.9693255055453628,3884,3753,383
FAILED,,,3462,0.1480452917926013,0.4575558414664119,2109,1833,3514
FAILED,,,3403,0.7263656633514911,0.9031039923243224,681,4554,2886
FAILED,,,466,0.3866743860840797,0.4146202588789165,2812,2285,1012
RUNNING,,,2375,0.8027780615128576,0.5836760373525322,2481,367,2084
RUNNING,,,3760,0.0841502409409731,0.0947050587050616,4105,2795,3963
RUNNING,,,4707,0.9034597700666636,0.3434263906367123,4519,3631,3205
FAILED,,,1428,0.2485622823871672,0.8534433461017906,1455,704,86
RUNNING,,,768,0.5653647379875182,0.1482603576667606,3644,1294,1817
RUNNING,,,3100,0.2825815614480525,0.6587645583339035,462,4373,4951
RUNNING,,,2996,0.9166904611419884,0.7848106214255095,2133,989,4003
FAILED,,,635,0.1963493577875196,0.2678196529895067,3751,3424,2122
RUNNING,,,1539,0.6144028059244155,0.7304767138808965,957,3935,1055
RUNNING,,,4828,0.2725262029189616,0.2129983812719583,3084,1654,2921
FAILED,,,3900,0.716546462001279,0.4756076737269759,3295,1923,4908
FAILED,,,2467,0.4354762968420982,0.9551680564805864,109,4995,1782
RUNNING,,,313,0.7503292176760733,0.0465355692133307,4795,2999,46
RUNNING,,,3318,0.097616851253435,0.5265833161398767,1726,85,3167
RUNNING,,,3573,0.5287560216709971,0.0815829108897596,342,3452,2548
RUNNING,,,294,0.3737684102002531,0.6006930777076632,3679,887,665
RUNNING,,,1901,0.9399466899540276,0.401497932607308,1498,1473,2411
RUNNING,,,4233,0.1574972300641238,0.920120735252276,4406,4191,4279
RUNNING,,,4535,0.8510820903293788,0.640759883152321,4161,4381,3552
RUNNING,,,1598,0.0124555796887725,0.1623706199098378,2380,2453,424
FAILED,,,1241,0.6781834309641271,0.8354383734930306,2680,541,1500
RUNNING,,,2626,0.458247250907123,0.357536474423483,705,2627,4624
RUNNING,,,2794,0.6510583419259637,0.5656415646150708,4849,1726,570
RUNNING,,,1073,0.4932001399360597,0.1166295405998826,1663,3859,3698
RUNNING,,,1732,0.8158637326732276,0.8850702928975224,3241,3198,4457
RUNNING,,,4400,0.0399089539740234,0.4365456330552697,172,1219,1334
RUNNING,,,4097,0.9826970414016396,0.1273104219436645,1206,170,831
RUNNING,,,2034,0.1381693952456116,0.6758244774639606,2825,2920,2715
RUNNING,,,126,0.5484121714793145,0.3224756816029548,1884,4752,4134
RUNNING,,,3741,0.3307525603827088,0.8705023729503155,4010,2160,2265
RUNNING,,,3136,0.7933154325932265,0.3029448982793837,2587,4267,1636
RUNNING,,,497,0.0780531380940228,0.7496902595181018,807,1400,4762
RUNNING,,,2328,0.7359665029626339,0.2481225558239966,4253,657,3334
RUNNING,,,4039,0.3926965707428753,0.69535528123565,2278,3678,213
RUNNING,,,4967,0.5870416452176868,0.9902753371689468,1288,2706,1955
RUNNING,,,1400,0.3077151784878224,0.4404959966931492,4626,456,3836
RUNNING,,,819,0.8817079446483403,0.561691191682592,552,2216,3067
RUNNING,,,2814,0.2235668760389089,0.0114244870338588,3460,4624,1201
RUNNING,,,2855,0.764533850774169,0.5059851456806063,856,3366,2332
FAILED,,,855,0.1068342440295964,0.0515361826047301,2636,968,4203
RUNNING,,,1358,0.7042005963306874,0.9506510001942516,2307,1714,2780
FAILED,,,4930,0.4244629532583057,0.4957146729454398,4283,3954,904
FAILED,,,4002,0.6197217835076153,0.1929066103249788,4655,4935,1269
FAILED,,,2286,0.2750355160813778,0.7349785418957471,1317,1904,4386
RUNNING,,,533,0.9095755327511578,0.2628342678695916,3508,143,3631
RUNNING,,,3177,0.1956988120526075,0.8053935636132955,601,3020,500
FAILED,,,3705,0.6806927664335816,0.3603327360320836,1712,908,1129
RUNNING,,,85,0.4635661913119256,0.8170521689523011,4897,3510,3003
RUNNING,,,2072,0.8504315817728638,0.1812479956913739,201,4172,3767
RUNNING,,,4139,0.0053406289909034,0.637480064438656,3271,1412,1888
RUNNING,,,4442,0.9491640604231508,0.9234157822374254,2854,2472,282
RUNNING,,,1769,0.1717019003406166,0.3826053285542875,1235,4441,3401
RUNNING,,,1032,0.5177426409088075,0.619094510519877,4059,2606,4834
RUNNING,,,2758,0.3614225668366998,0.0787714210096746,1933,483,1701
RUNNING,,,2584,0.5605219877883791,0.8443002580702303,3728,3879,3254
RUNNING,,,1204,0.3420019681993872,0.3330802394151687,391,1783,135
RUNNING,,,1639,0.9687284502293914,0.6647287484109402,4435,1201,1866
RUNNING,,,4230,0.875856285214424,0.080020117893815,1451,4658,3149
RUNNING,,,819,0.4761761825401336,0.7662989035453647,4967,1921,1160
RUNNING,,,2364,0.7140404948946087,0.3603556881155818,1227,508,1768
RUNNING,,,2666,0.1858949235547333,0.5473870422393083,2711,2928,3752
RUNNING,,,3586,0.5572870712839066,0.9307793690431863,3676,3562,2814
RUNNING,,,1387,0.0915637871474027,0.2448053272776305,160,1143,204
RUNNING,,,432,0.844035237442702,0.6516853788308798,3919,1287,2095
RUNNING,,,4520,0.2571560633182525,0.4644714639056474,2435,4024,4711
RUNNING,,,4909,0.6298773080743849,0.7268000548146664,418,2411,4160
RUNNING,,,199,0.2226363565251231,0.4148351286370307,3153,4830,1536
RUNNING,,,1774,0.96730529557541,0.9454839679319412,1913,2753,933
RUNNING,,,3355,0.4311115790382027,0.1347589149139821,4178,16,3552
RUNNING,,,2897,0.8100501550715417,0.254039770996198,4435,690,4489
RUNNING,,,1978,0.336309189716354,0.5658220174014568,1701,3426,2493
RUNNING,,,1052,0.5975548027288168,0.0341456861793994,2960,4157,597
RUNNING,,,3841,0.0031452520731836,0.8451753641124815,694,1737,2596
RUNNING,,,3947,0.5876755647733807,0.4020754785593599,3816,3122,2194
RUNNING,,,1160,0.0632472977824509,0.7141042028665542,2332,390,4573
RUNNING,,,2101,0.7532066899165512,0.1824207333922386,3591,2038,2716
RUNNING,,,3027,0.3498129626251756,0.9932020298894496,75,4462,341
RUNNING,,,3224,0.9703396336976438,0.6097143813930452,1040,3905,1279
RUNNING,,,1651,0.3798645055126398,0.2979902820009738,2524,1481,4280
RUNNING,,,90,0.6799972236845642,0.8286300795096903,1284,947,3638
RUNNING,,,4803,0.2178662055116146,0.0176661032401025,4800,3678,632
RUNNING,,,4567,0.8402092690039425,0.7827869966197759,3057,212,109
RUNNING,,,482,0.3082201615031808,0.0965721280686557,791,2637,3123
RUNNING,,,1413,0.5069841803330927,0.5034298130981623,4551,4949,4976
RUNNING,,,3618,0.0955423078443854,0.3164548214245587,1816,2217,1967
RUNNING,,,2633,0.7245900128781795,0.1970938644856214,2072,1621,1030
RUNNING,,,2339,0.1260972034744918,0.8831261722352355,4338,4353,3416
RUNNING,,,769,0.9330040843635796,0.4771586867477745,598,3233,4063
RUNNING,,,4183,0.4633426896594464,0.664438422307372,3333,808,1672
FAILED,,,4114,0.6943614562060683,0.9619734189473091,4752,3918,1952
FAILED,,,702,0.1581826742310077,0.1512531861085444,1393,1342,4874
RUNNING,,,2247,0.9028364259060472,0.7452430093903094,2653,1232,2982
RUNNING,,,2549,0.4956108848024159,0.4332752855382859,1012,3501,54
RUNNING,,,3702,0.8704073840044438,0.04884296185337,102,2827,1619
RUNNING,,,1503,0.2759824229031801,0.8598679385781288,3461,559,3920
RUNNING,,,550,0.5372431935481727,0.2667844948768615,2220,2016,3313
RUNNING,,,4638,0.0634872936308383,0.578569657927379,3860,4592,1016
RUNNING,,,4714,0.9400815555192528,0.3476069173663854,3367,1827,433
RUNNING,,,4,0.411920454762876,0.5346429726984351,477,4095,2741
RUNNING,,,1578,0.6498000734634697,0.0653264132048934,4237,3321,4638
RUNNING,,,3159,0.2501049088910222,0.7516022822111845,2128,746,2325
RUNNING,,,3092,0.6178422584515065,0.633245995240286,1759,111,764
RUNNING,,,2172,0.0309781378600746,0.4460272601358592,4650,2686,3701
RUNNING,,,1248,0.7834343115519731,0.9142858711592852,909,4730,4304
RUNNING,,,4037,0.3177265568319708,0.2283146270681172,3019,2462,1373
FAILED,,,3753,0.7799433632269501,0.5161431900132447,2390,3616,3489
FAILED,,,966,0.3685165442712605,0.3291728958301246,4031,1036,801
FAILED,,,1905,0.567265256755054,0.7974529216103255,290,1536,1442
FAILED,,,2831,0.0352916786707937,0.1112351401317864,3650,3799,4136
RUNNING,,,3419,0.6601973105911165,0.4956331072598695,2739,4395,2571
RUNNING,,,1846,0.1905203864704817,0.6829080263581127,1098,2132,505
RUNNING,,,286,0.9974425439629704,0.2136147851552814,4859,440,2362
RUNNING,,,4999,0.398934681026265,0.8996498868614435,1499,3021,4425
FAILED,,,4451,0.5271507616508752,0.1658957695718854,733,864,3894
RUNNING,,,365,0.1237416239138692,0.9766818825304509,2842,3127,1821
RUNNING,,,1295,0.8137162034232169,0.383604625314474,1601,4292,1174
RUNNING,,,3500,0.2892730018701404,0.6956305556651204,4492,1711,3252
RUNNING,,,2750,0.9061448710560798,0.81396772178635,4123,2267,4813
RUNNING,,,2456,0.4440287874452769,0.0029990480262786,2014,4848,2111
RUNNING,,,886,0.7441463479846716,0.5969969613272696,3274,2571,258
RUNNING,,,4301,0.1536866302452981,0.2852757748626172,383,307,2955
RUNNING,,,4370,0.541815895671025,0.5746261509153991,2869,1395,4526
RUNNING,,,914,0.0758473530840128,0.2629059162177145,759,3971,2459
RUNNING,,,2464,0.859508266398683,0.8559211301244795,4499,3456,566
RUNNING,,,2800,0.2728706626277416,0.0449534081313759,1609,1187,2629
RUNNING,,,3450,0.8913271197155118,0.413772318162024,1967,611,4191
RUNNING,,,1286,0.4918927430100739,0.7257972967457025,4077,2879,1503
RUNNING,,,337,0.69856783028692,0.1317392436694353,318,4547,894
RUNNING,,,4382,0.1701802127100527,0.9425244048610328,3208,1971,3588
RUNNING,,,4932,0.7943354367911815,0.2399744434934109,4024,4111,2861
RUNNING,,,255,0.3208365176729857,0.9260104969665408,2383,1843,159
RUNNING,,,1834,0.6132713557630777,0.457668546847999,3622,742,2056
RUNNING,,,3371,0.0186160707734525,0.6449444177132099,263,3317,4753
RUNNING,,,2879,0.6455918999481945,0.7788901457078755,1164,2702,3190
RUNNING,,,1916,0.2381093780454248,0.0926714124623686,2805,127,1116
RUNNING,,,996,0.9515888540763408,0.5619046328607946,1546,2458,1720
RUNNING,,,3820,0.4156403959896415,0.3749333869107067,4905,4726,3798
RUNNING,,,4009,0.9860541047416628,0.8800979369468988,543,1072,1071
RUNNING,,,1178,0.3953374062031507,0.1941276446226984,3433,3652,3372
RUNNING,,,2122,0.664280899297446,0.6633822797778994,2174,3776,4014
RUNNING,,,3083,0.2023951395750045,0.4761644964404403,4284,1514,1718
RUNNING,,,3167,0.5719607293810695,0.1073112298529595,4643,2168,156
RUNNING,,,1628,0.0477745086271315,0.7935861470922828,1752,4431,3079
FAILED,,,73,0.7689233637806027,0.3252675152644515,2991,2998,4937
RUNNING,,,4742,0.3652839021552354,0.5123026188295334,882,417,2009
RUNNING,,,4668,0.7400609598439187,0.3125145294144749,1346,3199,1310
RUNNING,,,617,0.1418138847742229,0.6243006442319601,4705,936,4247
RUNNING,,,1551,0.9175313026439398,0.0302487776409834,946,1646,3599
RUNNING,,,3713,0.4476278617028147,0.8412747061327099,2587,4227,668
RUNNING,,,2538,0.8247382105030119,0.7073098572883754,3487,4921,2231
RUNNING,,,2199,0.292503844551742,0.3953411816693842,128,2340,4539
RUNNING,,,635,0.522457088459283,0.9883644855953752,3868,242,2685
RUNNING,,,4083,0.1112567863240838,0.1776433009896427,2227,2506,373
RUNNING,,,4175,0.8549363868478685,0.4449513647239655,857,1906,731
RUNNING,,,719,0.2602660483252257,0.6322301485165953,3123,4643,3732
RUNNING,,,2270,0.5527161630187183,0.2253123237118125,1862,2931,4340
RUNNING,,,2605,0.079201714484021,0.9113436796944588,4596,512,1334
FAILED,,,3646,0.7098323418274521,0.5434340175576508,4331,1127,398
FAILED,,,1482,0.1738994131572544,0.3564599776510149,2065,3547,2778
FAILED,,,532,0.8873635828420519,0.7623654198292643,3306,4028,4670
RUNNING,,,4576,0.4798961144722997,0.0761515030451118,571,1290,2295
RUNNING,,,4814,0.6021274806857108,0.8724422887358814,2285,4778,1575
RUNNING,,,137,0.0155052873603999,0.0614773606993258,3770,2359,3962
RUNNING,,,1718,0.7991510430425405,0.5931008093692361,10,61,3358
RUNNING,,,3254,0.3331974350176751,0.2813757582101971,3525,2798,968
RUNNING,,,2997,0.9557959689367562,0.146405406601727,2551,3374,1907
RUNNING,,,2034,0.4273934167977422,0.9571876548659056,1066,638,4922
RUNNING,,,1113,0.6340836914498358,0.4264859330188482,4807,1783,3024
RUNNING,,,3936,0.2346339042987674,0.7385156090930103,1292,4202,15
RUNNING,,,3891,0.6759118411205708,0.0137555176988244,3179,318,4768
RUNNING,,,1061,0.205993465617299,0.8247842438649386,445,3049,2158
RUNNING,,,2006,0.9817260411195456,0.2940753837656229,4186,4526,300
RUNNING,,,2967,0.3834635556042194,0.6058566784039139,1920,2102,2915
RUNNING,,,3285,0.7642287062909454,0.9736710188481956,1654,1409,3851
RUNNING,,,1746,0.3530438146013766,0.1629469175972044,4388,3833,1862
RUNNING,,,190,0.5829818711336701,0.694561324480921,628,3743,1219
RUNNING,,,4859,0.050762439744547,0.382597350070253,2894,1011,3204
RUNNING,,,4472,0.9216156395655124,0.6761272416003047,4959,2602,2537
RUNNING,,,421,0.4597454092595726,0.4889123749081045,1444,177,541
RUNNING,,,1356,0.7286736257504672,0.8947954505626112,2684,2240,2395
RUNNING,,,3519,0.1379719807449728,0.2088204570300876,1200,4972,4395
RUNNING,,,2733,0.511679643664509,0.3437107077818363,226,4318,3455
RUNNING,,,2395,0.108025128506124,0.5307430136725306,3742,1586,831
RUNNING,,,830,0.8291892900057137,0.1238009188100695,2481,831,1479
RUNNING,,,4278,0.3049875398352742,0.810080656228587,3966,3256,4097
RUNNING,,,4278,0.6521225958522409,0.3232224543243646,1893,1195,78
RUNNING,,,851,0.244889024214819,0.5104364008512347,4159,3458,3000
RUNNING,,,2411,0.942647745123133,0.1055207368340343,399,3959,4858
RUNNING,,,2697,0.4064609326142817,0.7914948659688233,3133,1378,1931
RUNNING,,,3553,0.787964994650334,0.6574349296558648,2940,1973,992
RUNNING,,,1340,0.3142009452283382,0.4704036629013716,675,4554,3295
RUNNING,,,401,0.6221293040774762,0.8744128283672034,4416,2862,3937
RUNNING,,,4474,0.0276961934715509,0.1881340743172913,1681,599,1639
RUNNING,,,4868,0.8985651011653243,0.9865612329505384,1247,3286,2310
RUNNING,,,162,0.4988771343305706,0.175531467648223,2731,705,4616
RUNNING,,,1732,0.6898464642502367,0.7052738678772001,1470,1870,2763
RUNNING,,,3317,0.1616925612315535,0.3934915898703038,4986,4133,452
RUNNING,,,2933,0.5346622645687312,0.0245432358141988,3939,4689,1387
RUNNING,,,2019,0.0689615886155515,0.8352682572305202,2455,2427,4325
RUNNING,,,1089,0.8680700924973935,0.3065839244425296,3695,149,3678
RUNNING,,,3883,0.2812130506727844,0.6185487632509321,179,2729,745
RUNNING,,,3916,0.8160387908741831,0.1258105422314255,4570,1496,4112
RUNNING,,,1115,0.2840570632852613,0.9367744274139403,1836,3764,1425
RUNNING,,,2068,0.5297170163169503,0.4080686798691749,3076,3654,817
RUNNING,,,2981,0.118282047856599,0.7197927513774484,811,1079,3509
