Status,ACCURACY,RUNTIME,recent_samples_size,feature_id,threshold,window_size
FAILED,,,4877,0,0.9446499421596528,3136
FAILED,,,384,5,0.2606495341975241,1740
FAILED,,,1783,3,0.5493972131125628,3861
FAILED,,,3463,7,0.2358702021874487,1176
FAILED,,,2506,3,0.4419449698850512,506
COMPLETED,0.5,1352.0,2076,9,0.755578578710556,4383
FAILED,,,677,1,0.0623792519178241,2437
COMPLETED,0.56,1260.0,3920,7,0.746242634249851,2603
FAILED,,,4223,2,0.1230161525551229,4942
COMPLETED,0.5,1219.0,980,8,0.6865309737939387,108
FAILED,,,2398,0,0.3827011028937995,3006
COMPLETED,0.5,1351.0,2828,6,0.8176892904974519,1882
FAILED,,,3161,2,0.6105142764672638,1360
COMPLETED,0.5,1522.0,1481,6,0.1756631433069706,3674
COMPLETED,0.4799999999999999,12863.0,62,4,0.8858862666990607,639
FAILED,,,4554,9,0.3222648475598544,4243
FAILED,,,4528,4,0.6537050255481153,2321
COMPLETED,0.5,1546.0,270,8,0.0944693709034472,2800
FAILED,,,1351,2,0.8500116350464522,391
COMPLETED,0.5,1509.0,3422,6,0.4117493467666208,4580
FAILED,,,3090,0,0.143174120567739,4058
FAILED,,,2269,5,0.5815734632909298,1060
FAILED,,,1187,2,0.3552248759772628,3333
COMPLETED,0.5,1484.0,4195,8,0.9143539327215404,1624
FAILED,,,3873,1,0.2902137844804674,833
COMPLETED,0.5,1430.0,865,6,0.9784628718215972,4124
FAILED,,,1966,4,0.205833042692393,1554
COMPLETED,0.5,1389.0,2787,9,0.516055555883795,3556
FAILED,,,3744,3,0.7854797545000911,2887
FAILED,,,1673,7,0.4753638392090797,2076
FAILED,,,572,1,0.7168431586232035,4823
FAILED,,,4831,5,0.0284570168387144,302
FAILED,,,4718,3,0.3932068972233682,1666
COMPLETED,0.56,1493.0,539,7,0.8277072968203574,3375
FAILED,,,1630,0,0.1033052250258624,945
FAILED,,,3621,5,0.6663322731293738,3944
FAILED,,,2665,1,0.9037087528631093,4613
FAILED,,,1923,7,0.3405751068592071,424
FAILED,,,831,3,0.5981200742330403,2677
FAILED,,,3760,9,0.1637567290794104,2198
FAILED,,,4063,0,0.538400807077065,180
COMPLETED,0.5,1493.0,1134,6,0.2243860081452876,4702
FAILED,,,2245,2,0.9658118430785834,2111
COMPLETED,0.5,1471.0,2987,8,0.2813236331678927,2922
FAILED,,,3319,4,0.0431057877168059,3445
COMPLETED,0.5,1400.0,1327,9,0.7274569431841373,1443
FAILED,,,216,1,0.4548298172857612,4170
COMPLETED,0.5,1293.0,4395,6,0.7689512141179293,879
FAILED,,,4686,2,0.1958106511775404,2561
COMPLETED,0.5,1515.0,116,6,0.5055463281292468,2395
FAILED,,,1505,4,0.3104004523567855,4497
COMPLETED,0.5,1354.0,3263,8,0.9981627183295784,621
FAILED,,,2930,3,0.6985446607097983,1142
FAILED,,,2423,8,0.0106453402936458,3828
FAILED,,,1034,0,0.797390349438414,1863
FAILED,,,4354,5,0.4877612703870982,3259
COMPLETED,0.5,1228.0,4032,4,0.861491681838408,4364
FAILED,,,712,9,0.4227425573188811,760
FAILED,,,2120,1,0.6330191317312419,3639
FAILED,,,2628,7,0.0732966557182371,1325
FAILED,,,3585,1,0.374022566370666,1993
COMPLETED,0.51,1310.0,1828,5,0.93363844448328,3116
FAILED,,,419,3,0.1298059038128703,62
FAILED,,,4989,7,0.5686920827757566,4896
FAILED,,,4957,3,0.1809124532211572,732
COMPLETED,0.5,1575.0,465,9,0.6196768060121685,4315
FAILED,,,1859,1,0.3148764451034367,1256
COMPLETED,0.56,1358.0,3539,7,0.8746141493879258,3629
FAILED,,,2581,0,0.6762069911211728,3048
FAILED,,,2152,5,0.1166063412800431,1983
FAILED,,,758,3,0.8258579931538552,4866
FAILED,,,4000,7,0.3869870424624532,13
FAILED,,,4303,1,0.7627312738467008,2366
COMPLETED,0.5,1376.0,1061,6,0.4529803686235099,2513
FAILED,,,2474,4,0.7407579144425689,552
FAILED,,,2904,9,0.0529804201982915,4487
FAILED,,,3236,2,0.2522289367467164,3759
COMPLETED,0.5,1408.0,1557,8,0.9401130288913844,1133
FAILED,,,143,0,0.2459425874929875,3229
COMPLETED,0.5,1384.0,4635,6,0.5555564382728189,1813
RUNNING,,,4447,0,0.4815701805520802,4750
FAILED,,,190,5,0.7955697512123733,209
FAILED,,,1276,3,0.0239176990576088,2932
COMPLETED,0.5,1423.0,3345,8,0.7083906806968152,2180
COMPLETED,0.4199999999999999,2485.0,3014,4,0.9690397663265466,1453
COMPLETED,0.4199999999999999,14003.0,2194,9,0.2846733825877308,3513
FAILED,,,1107,2,0.5271314010005445,928
COMPLETED,0.5,1461.0,4115,6,0.2129947758968919,4200
FAILED,,,3792,3,0.5858760624993591,3424
FAILED,,,785,7,0.1513908911738544,1695
FAILED,,,1891,1,0.907911289203912,3954
FAILED,,,2711,5,0.344899469371885,1014
FAILED,,,3668,1,0.0831425232738256,433
COMPLETED,0.4199999999999999,9606.0,1598,7,0.6462913975492119,4681
FAILED,,,492,4,0.4209218661468476,2248
COMPLETED,0.5,1362.0,4750,9,0.8553004395719617,2707
FAILED,,,4804,1,0.7210466318596154,4076
FAILED,,,624,7,0.0327823162470012,804
COMPLETED,0.5,1207.0,1700,4,0.7732367094047367,3546
COMPLETED,0.4199999999999999,13590.0,3693,9,0.4629989679418504,1485
FAILED,,,2736,3,0.233548978254199,2067
COMPLETED,0.5,1770.0,1993,8,0.5436496652737259,2819
FAILED,,,916,0,0.2700520196240395,253
COMPLETED,0.54,969.0,3846,5,0.9584229331370442,4794
FAILED,,,4149,4,0.3360377242136746,2751
COMPLETED,0.5,1338.0,1219,9,0.895288607129827,2292
FAILED,,,2316,2,0.1699154504723846,4570
COMPLETED,0.5,1335.0,3058,6,0.6081929670237005,322
FAILED,,,3390,0,0.8387431956082582,1050
COMPLETED,0.5,1399.0,1397,6,0.4003590811565518,3989
FAILED,,,301,2,0.6569338856916874,1575
COMPLETED,0.5,1456.0,4482,8,0.0978200572188943,3303
FAILED,,,4601,2,0.9280985537935048,137
COMPLETED,0.5,1467.0,30,8,0.3645989608261734,4990
FAILED,,,1434,0,0.5758542639799415,1951
FAILED,,,3192,5,0.1408813046477735,3015
FAILED,,,2860,2,0.4328321023136377,3742
COMPLETED,0.5,1353.0,2352,6,0.8676984637454151,1369
FAILED,,,948,4,0.0648436703067272,4272
COMPLETED,0.5,1386.0,4269,8,0.628480317717418,688
FAILED,,,3947,0,0.0032321640122681,1769
FAILED,,,626,5,0.68721737251617,3185
COMPLETED,0.52,5196.0,2049,3,0.4930505823977291,1244
COMPLETED,0.56,1416.0,2557,7,0.8065623650513589,3871
COMPLETED,0.5,1188.0,3515,4,0.5137625875324011,4451
FAILED,,,1756,9,0.2001137504354119,516
FAILED,,,333,1,0.9878368637245148,2633
COMPLETED,0.5,1416.0,4904,6,0.3039582531210034,2486
FAILED,,,4902,2,0.5297110529020429,2987
COMPLETED,0.5,1398.0,332,8,0.2155901319533586,1903
FAILED,,,1721,0,0.9725975837167352,4957
FAILED,,,3479,6,0.2882469041328877,84
FAILED,,,2561,2,0.0187009388301521,656
COMPLETED,0.5,1425.0,2053,6,0.703188672857359,4220
FAILED,,,664,4,0.4773316118381917,1342
COMPLETED,0.5,1423.0,3985,9,0.7913459348864853,3695
FAILED,,,4287,0,0.4176079390421509,3840
FAILED,,,967,5,0.8519717600792646,1194
FAILED,,,2375,3,0.080807237541303,3159
FAILED,,,2883,7,0.6439413594286889,1723
FAILED,,,3177,3,0.9123946999702602,2461
FAILED,,,1418,9,0.349367175983265,2588
COMPLETED,0.45,7199.0,9,1,0.5913381406627595,486
FAILED,,,4580,7,0.1568372651822864,4402
FAILED,,,4466,1,0.8235184374824165,1538
FAILED,,,285,7,0.3846317826360464,3579
FAILED,,,1376,4,0.6728963821884245,852
FAILED,,,3369,9,0.1132800281923264,4104
FAILED,,,3076,3,0.3203332755360752,4841
COMPLETED,0.2899999999999999,1728.0,2334,7,0.880056227432564,280
FAILED,,,1242,1,0.1853982564173638,2871
FAILED,,,4172,5,0.6241478568203747,2099
FAILED,,,3850,4,0.2494961349442601,367
COMPLETED,0.5,1890.0,920,8,0.559124738112092,4596
FAILED,,,2031,2,0.2548119068201631,2343
COMPLETED,0.5,1421.0,2774,6,0.9427107513528316,2782
FAILED,,,3691,0,0.7365140979979186,3353
FAILED,,,1699,5,0.0487523079086095,1605
FAILED,,,588,3,0.7575169060491024,4034
COMPLETED,0.5,1462.0,4768,8,0.44778170498088,1075
FAILED,,,4743,0,0.0674390263631939,2133
COMPLETED,0.5,1411.0,486,6,0.6310599696189165,2904
FAILED,,,1567,2,0.4364056238587945,157
COMPLETED,0.5,1484.0,3637,8,0.8712562811356038,4718
COMPLETED,0.5,1298.0,2720,4,0.5706522561404854,4146
FAILED,,,1900,9,0.1356645444203168,895
FAILED,,,818,2,0.9238747374676168,3465
COMPLETED,0.5,1457.0,3825,6,0.3603603921122848,1424
FAILED,,,4128,3,0.9845081842318176,965
COMPLETED,0.5,1480.0,1121,8,0.3006443260163068,3924
FAILED,,,2222,0,0.5114125494118779,1650
FAILED,,,3042,5,0.1977784647028893,3398
FAILED,,,3334,1,0.4975182890091091,2661
COMPLETED,0.56,1332.0,1265,7,0.8110457758177072,2221
FAILED,,,164,3,0.0086785380207002,4631
COMPLETED,0.5,1203.0,4421,9,0.6926794506795704,402
FAILED,,,4623,4,0.2676967597976326,3662
COMPLETED,0.5,1494.0,132,9,0.9560833774656056,1308
FAILED,,,1531,1,0.2302226651664823,4343
FAILED,,,3210,7,0.5403390563409775,779
FAILED,,,2917,1,0.7786787874493747,42
FAILED,,,2488,5,0.4684557983744889,4915
FAILED,,,1089,3,0.7255176826678216,2017
FAILED,,,4331,7,0.0372681194432079,3101
FAILED,,,4009,2,0.6605021855309605,4512
FAILED,,,767,6,0.1013736046701669,596
COMPLETED,0.5,1170.0,2185,4,0.8413409180697053,2542
COMPLETED,0.5,1508.0,2614,8,0.4029420512299984,2416
FAILED,,,3533,2,0.1656873381827026,1844
COMPLETED,0.5,1790.0,1853,8,0.6039491505790501,3280
FAILED,,,435,0,0.3308390605710446,1159
COMPLETED,0.4899999999999999,1844.0,4926,5,0.8900742393322288,3805
FAILED,,,4973,2,0.3585549812614917,567
COMPLETED,0.5,1591.0,403,6,0.917668333850801,4464
FAILED,,,1807,4,0.1455255881976336,2347
COMPLETED,0.5,1444.0,3564,9,0.5839092267658561,2533
FAILED,,,2646,2,0.845544406177476,3212
COMPLETED,0.5,1580.0,2139,8,0.4072673655096441,1835
FAILED,,,735,0,0.6482591255642473,3776
FAILED,,,4055,6,0.0890087185315787,1110
FAILED,,,4358,3,0.7142492283582687,1279
FAILED,,,1038,9,0.02587783896178,3613
FAILED,,,2461,1,0.7819076624643057,710
FAILED,,,2968,7,0.4718064995612948,4333
FAILED,,,3261,0,0.211035528274253,4847
FAILED,,,1504,5,0.5212737456206232,32
COMPLETED,0.52,10498.0,81,3,0.2944380748309194,3071
COMPLETED,0.5,1741.0,4650,8,0.9827028663270176,1968
FAILED,,,4394,3,0.0588095225691795,3972
COMPLETED,0.41,1993.0,215,7,0.7426886090561747,994
FAILED,,,1291,0,0.4393458216320723,3408
FAILED,,,3283,5,0.7529951346125454,1719
FAILED,,,2990,1,0.5536248513776809,2231
COMPLETED,0.5,1750.0,2249,6,0.2401125928405672,2729
FAILED,,,1172,4,0.9498481568731368,452
FAILED,,,4101,9,0.2658624724857509,4660
FAILED,,,3779,0,0.888240097016096,2953
FAILED,,,850,5,0.3246039254888892,2162
FAILED,,,1946,2,0.6138391637634486,4728
COMPLETED,0.4199999999999999,2562.0,2688,8,0.178973278215155,226
FAILED,,,3605,4,0.3772585508245974,904
COMPLETED,0.5,1422.0,1614,8,0.8122310342732816,4215
FAILED,,,518,2,0.118544624004513,1473
COMPLETED,0.5,1677.0,4697,6,0.6820437410883605,3495
COMPLETED,0.5,1294.0,4820,4,0.8007047505676747,4547
FAILED,,,561,9,0.4910913756713271,339
FAILED,,,1647,1,0.7008804241847247,2772
FAILED,,,3718,6,0.0129968079235404,2274
FAILED,,,2801,0,0.3059184710998087,1595
COMPLETED,0.54,1027.0,1980,5,0.9936954894606024,3285
FAILED,,,893,2,0.1903499988056719,1026
COMPLETED,0.5,1630.0,3901,8,0.5001004281453788,4005
FAILED,,,4204,1,0.1272267259359359,3531
FAILED,,,1196,7,0.5660981525108219,1509
FAILED,,,2302,3,0.3704652267228811,4094
COMPLETED,0.5,1243.0,3123,9,0.9300663524474948,784
FAILED,,,3415,3,0.6382373214680701,271
FAILED,,,1345,7,0.0784991413000971,4773
FAILED,,,239,0,0.8657316763438284,2050
FAILED,,,4497,5,0.4269668476693332,2841
FAILED,,,4548,1,0.5945660490393638,1222
FAILED,,,56,5,0.1601869997307658,3889
FAILED,,,1450,3,0.9011253087650984,1792
FAILED,,,3130,7,0.3379759586062282,3169
FAILED,,,2837,4,0.1075476156789809,2656
COMPLETED,0.5,1378.0,2407,9,0.6705599113944917,2471
FAILED,,,1013,1,0.3984198355115949,4431
COMPLETED,0.4899999999999999,6981.0,4256,7,0.8329054827205836,535
FAILED,,,3933,3,0.457168895214796,1932
COMPLETED,0.5,1443.0,691,8,0.7713050444349646,3035
FAILED,,,2104,0,0.0464159226249903,152
COMPLETED,0.4299999999999999,13623.0,2534,5,0.7307818304803221,4967
FAILED,,,3452,2,0.9603535868544132,4288
COMPLETED,0.5,1407.0,1772,6,0.2758810810986906,665
COMPLETED,0.44,2753.0,358,4,0.5339135743714868,3725
FAILED,,,4851,9,0.2199144795946776,1391
COMPLETED,0.4199999999999999,2539.0,4861,4,0.4900372463520616,4018
COMPLETED,0.5,1399.0,368,8,0.8036708626132458,1021
FAILED,,,1762,2,0.0159384101107716,3294
COMPLETED,0.5,1409.0,3443,6,0.6998017850071192,1585
FAILED,,,2525,0,0.9927346314452588,2282
FAILED,,,2094,5,0.3087342021055519,2761
FAILED,,,700,3,0.502948759028688,351
COMPLETED,0.5,1586.0,3943,8,0.1894217406678944,4541
FAILED,,,4246,1,0.563155806755647,2848
FAILED,,,1003,7,0.1283046810310334,2037
COMPLETED,0.5,1586.0,2417,4,0.9311193218007684,4784
FAILED,,,2847,9,0.3674978952258825,263
FAILED,,,3140,3,0.0756500668488442,794
FAILED,,,1459,7,0.6391648955233395,4085
FAILED,,,46,1,0.4279265457186847,1515
COMPLETED,0.47,11731.0,4539,5,0.8629147258866579,3517
FAILED,,,4507,0,0.1572169337626546,545
FAILED,,,248,5,0.5956162839215248,4422
FAILED,,,1335,3,0.3390587896481156,2476
COMPLETED,0.56,1352.0,3406,7,0.8981878389567137,2642
FAILED,,,3113,3,0.6677402227483689,3176
FAILED,,,2292,9,0.1085045755393803,1779
FAILED,,,1206,1,0.8338379364404827,3900
FAILED,,,4214,7,0.3955756407249718,1215
FAILED,,,3892,2,0.7702234328445046,1399
COMPLETED,0.5,1561.0,883,8,0.4601075249891727,3713
FAILED,,,1989,0,0.7337525805309415,678
FAILED,,,2810,5,0.0453664313107728,4282
FAILED,,,3728,1,0.274949846830219,4981
COMPLETED,0.5,1211.0,1657,6,0.9631989416070282,147
FAILED,,,551,4,0.2227348523233085,3044
COMPLETED,0.5,1369.0,4810,9,0.5329573580790311,1922
FAILED,,,4706,2,0.9206059151943772,1103
COMPLETED,0.5,1374.0,527,6,0.3574722766261547,3788
FAILED,,,1604,4,0.5828591182902455,1823
COMPLETED,0.5,1550.0,3596,8,0.1484957657009363,3220
FAILED,,,2678,2,0.4101116718314588,2522
COMPLETED,0.5,1515.0,1936,8,0.8446120788641273,2356
FAILED,,,860,0,0.0880518850777298,4458
FAILED,,,3789,5,0.6510789257455616,581
FAILED,,,4092,4,0.0269272038694471,1954
COMPLETED,0.5,1403.0,1163,9,0.7112783667724579,3077
FAILED,,,2258,1,0.4688677582517266,23
COMPLETED,0.5,1613.0,3000,6,0.7829891476482151,4857
RUNNING,,,3293,0,0.5222298355065285,4325
RUNNING,,,1302,5,0.2082150440104305,722
COMPLETED,0.45,9232.0,205,3,0.9798574000392108,3600
RUNNING,,,4384,7,0.2953691826928406,1286
RUNNING,,,4660,3,0.7437673597689717,4653
RUNNING,,,91,8,0.0558680467884987,463
RUNNING,,,1494,0,0.7500291489735245,2716
RUNNING,,,3251,5,0.4404000624865293,2238
RUNNING,,,2959,1,0.2410409625135362,1705
RUNNING,,,2452,7,0.550776646900922,3414
RUNNING,,,1048,4,0.2630468678865581,985
COMPLETED,0.5,1462.0,4367,9,0.9508091264236718,3983
RUNNING,,,4045,0,0.3275711305793374,3484
COMPLETED,0.5,1342.0,725,6,0.887187016127631,1482
RUNNING,,,2149,2,0.177895211584866,4209
COMPLETED,0.5,1449.0,2656,8,0.6167813831120729,918
RUNNING,,,3574,4,0.8150478583239019,219
RUNNING,,,1817,9,0.3762987412400543,4741
RUNNING,,,394,2,0.6811160554978996,2150
COMPLETED,0.5,1387.0,4963,6,0.1213935720492154,2961
RUNNING,,,4936,0,0.6300095060896128,1414
RUNNING,,,445,5,0.0704088488128036,3474
RUNNING,,,1843,2,0.8741939795911312,889
COMPLETED,0.5,1520.0,3522,8,0.4353230363354086,4161
RUNNING,,,2605,4,0.134707352194935,4711
COMPLETED,0.5,1250.0,2176,8,0.573471697550267,170
RUNNING,,,776,2,0.3632048192638903,2893
COMPLETED,0.5,1457.0,4018,6,0.9229425309840588,2141
RUNNING,,,4321,3,0.2977059434782713,394
COMPLETED,0.56,1379.0,1079,7,0.98559002818726,4642
RUNNING,,,2498,1,0.1988277087807655,2208
RUNNING,,,2927,5,0.5084415669962764,2668
RUNNING,,,3220,1,0.8082006645835936,3384
RUNNING,,,1541,7,0.4984497519247234,1656
COMPLETED,0.5,1445.0,122,4,0.6936354234535246,3915
RUNNING,,,4614,9,0.0058579366449266,975
RUNNING,,,4430,3,0.9531170367728918,3087
RUNNING,,,173,9,0.2687506455983966,2022
RUNNING,,,1255,1,0.5414179241657257,4905
RUNNING,,,3325,7,0.2272813064977526,52
RUNNING,,,3032,0,0.4656398350037634,770
COMPLETED,0.47,3159.0,2212,5,0.7796393982283771,4355
RUNNING,,,1131,3,0.0381966099459677,1295
COMPLETED,0.5,1412.0,4138,8,0.7226695990208535,3668
RUNNING,,,3816,2,0.1002958968114107,3799
COMPLETED,0.5,1450.0,809,6,0.6634447636511177,1172
RUNNING,,,1909,4,0.4059091354906558,3268
COMPLETED,0.5,1300.0,2729,9,0.8402877163514494,1853
RUNNING,,,3647,2,0.6030218200422823,2405
COMPLETED,0.5,1433.0,1578,8,0.1685366412810981,2552
COMPLETED,0.5,1424.0,964,8,0.4110311140418052,3787
FAILED,,,4209,2,0.6037761883102357,1957
FAILED,,,3040,7,0.0480100551508367,3649
FAILED,,,2453,4,0.997965709073469,606
COMPLETED,0.5,1266.0,1813,6,0.7371334343273191,1038
FAILED,,,3651,2,0.3104533144608139,2831
COMPLETED,0.56,1223.0,4810,7,0.8506354532316326,1525
FAILED,,,315,0,0.165744760217145,4605
COMPLETED,0.5,1405.0,256,6,0.7938081616088747,2676
FAILED,,,4594,4,0.2229451296199113,884
COMPLETED,0.5,1424.0,3280,9,0.6812655238080769,4763
FAILED,,,1285,1,0.3666638462170958,1682
COMPLETED,0.5,1670.0,1886,8,0.1204479757659137,2426
FAILED,,,2631,0,0.9251851374786348,4258
RUNNING,,,3954,5,0.4824791942220181,139
RUNNING,,,867,3,0.531954997818917,3181
RUNNING,,,641,5,0.1957117426991462,1341
RUNNING,,,3885,3,0.7582886970434338,4401
COMPLETED,0.5,1426.0,2700,8,0.3316450110767036,1245
RUNNING,,,2111,0,0.6535543498694896,3018
COMPLETED,0.5,1369.0,1511,9,0.8900340048708021,3445
RUNNING,,,3350,1,0.0935791174527257,422
COMPLETED,0.5,1516.0,4525,6,0.5046121595557778,3974
COMPLETED,0.45,4275.0,30,4,0.4478248839713633,2163
RUNNING,,,558,7,0.5760507397260516,265
RUNNING,,,4896,1,0.3759979977495968,3287
COMPLETED,0.54,927.0,3564,5,0.9624624226875604,2318
RUNNING,,,1570,2,0.0207928501274436,4130
RUNNING,,,2209,7,0.2757828260306268,4869
RUNNING,,,2954,3,0.709774414166808,1807
RUNNING,,,4296,9,0.1388901765495538,2547
RUNNING,,,1207,1,0.8154985989872366,775
RUNNING,,,1172,7,0.6592215208020061,2038
RUNNING,,,4334,4,0.357291464138776,4015
COMPLETED,0.5,1397.0,2833,8,0.8039110434241593,379
RUNNING,,,2328,2,0.2437704061772674,3568
COMPLETED,0.5,1413.0,1688,8,0.4889430247787386,3058
RUNNING,,,3443,0,0.5569380386322736,1119
RUNNING,,,4934,5,0.0947344649583101,4525
RUNNING,,,522,2,0.9199400631133466,1298
RUNNING,,,152,9,0.0425365381240844,652
RUNNING,,,4406,1,0.9720237630400806,2590
COMPLETED,0.5,1342.0,3385,6,0.4357552602980285,1767
COMPLETED,0.5,1329.0,1473,4,0.6099811196625232,4996
COMPLETED,0.47,1438.0,2073,5,0.871719599250704,4172
FAILED,,,2736,3,0.1761065040584653,2194
COMPLETED,0.5,1424.0,3767,8,0.7279894577320664,3413
FAILED,,,762,0,0.2886377243734896,225
COMPLETED,0.5,1522.0,829,8,0.9367498487755656,4634
FAILED,,,3990,0,0.0155449055898934,1426
RUNNING,,,2513,5,0.582515507178381,2932
RUNNING,,,2006,3,0.4009781683906912,1013
RUNNING,,,1406,6,0.1489958987943828,507
RUNNING,,,3162,4,0.836322908906266,3677
RUNNING,,,4630,9,0.2537416634541004,1931
RUNNING,,,219,1,0.7004010654501616,3889
RUNNING,,,433,5,0.322500097585842,3206
RUNNING,,,4689,3,0.6317416299544275,38
RUNNING,,,3689,7,0.2167949518226087,4357
RUNNING,,,1777,0,0.7686533110570162,2398
RUNNING,,,2417,9,0.5293334681708365,1580
RUNNING,,,3078,2,0.4540307819619774,4789
RUNNING,,,4088,7,0.8845576474145054,856
RUNNING,,,1082,3,0.067638138057664,2774
RUNNING,,,1037,6,0.9310305184107271,40
RUNNING,,,4124,2,0.114598311882466,3278
RUNNING,,,3125,7,0.5455934466831385,2367
RUNNING,,,2380,0,0.4688288482706993,4315
RUNNING,,,1730,8,0.2326970678139478,4820
RUNNING,,,3726,2,0.7840681205019355,1623
RUNNING,,,4735,7,0.3686151023432612,2773
RUNNING,,,397,4,0.6793185506332665,785
RUNNING,,,182,8,0.3007018521502614,1467
RUNNING,,,4676,0,0.7468739513177424,4666
RUNNING,,,3198,5,0.1637939799744635,943
RUNNING,,,1360,3,0.852582902289927,2929
RUNNING,,,1970,6,0.5979303314946592,3747
RUNNING,,,2558,4,0.4168802992533892,511
RUNNING,,,4027,9,0.9843267843257636,3848
RUNNING,,,782,1,0.0616599252186715,1899
RUNNING,,,715,9,0.7117218632251024,2646
RUNNING,,,3804,1,0.2738320457879453,678
RUNNING,,,2782,6,0.8252391159776598,4929
RUNNING,,,2037,4,0.1291387142390012,1750
RUNNING,,,1427,5,0.3896478678174317,2261
RUNNING,,,3421,3,0.5624118149783462,4189
RUNNING,,,4453,8,0.0266420381274074,168
RUNNING,,,114,0,0.9566165658719836,3387
RUNNING,,,486,7,0.079928771501407,4032
RUNNING,,,4980,3,0.9036724537350236,2103
RUNNING,,,3481,9,0.4419752200879156,3541
RUNNING,,,1641,2,0.5104575404878706,324
RUNNING,,,2291,7,0.7563417238686234,1146
RUNNING,,,2880,1,0.1976629988253116,3114
RUNNING,,,4370,5,0.6438143087625503,1280
RUNNING,,,1126,3,0.3413969492707401,4460
RUNNING,,,1244,7,0.1858503522332757,3353
RUNNING,,,4249,0,0.8619714681245386,281
RUNNING,,,2918,6,0.2905808904804289,4073
RUNNING,,,2255,2,0.7260343945380299,2291
FAILED,,,4235,1,0.2959673654437064,3719
COMPLETED,0.5,1656.0,1300,8,0.556971912799403,555
FAILED,,,810,3,0.1463739192876964,3843
FAILED,,,3501,5,0.8761816408038138,2012
FAILED,,,2897,3,0.7341442837584764,1600
COMPLETED,0.5,1406.0,274,6,0.4736118035241961,4763
FAILED,,,1991,2,0.8232700653411447,850
FAILED,,,4995,9,0.0939648656304925,2682
FAILED,,,4433,3,0.7624270950723439,4534
FAILED,,,2357,6,0.0259197910651564,1448
FAILED,,,378,0,0.6781561633981764,2866
COMPLETED,0.5,1403.0,2678,8,0.4085011399146169,948
FAILED,,,3407,1,0.2074798077456653,149
COMPLETED,0.5,1447.0,1019,8,0.943484582511708,3236
FAILED,,,1872,4,0.3521803351733833,2442
FAILED,,,3860,7,0.621363271087408,4360
FAILED,,,3926,4,0.0404515605978667,719
COMPLETED,0.56,1245.0,1627,7,0.8086182960253208,2636
FAILED,,,1109,1,0.394700598815456,1843
COMPLETED,0.5,1429.0,3183,9,0.6317215145826339,4930
FAILED,,,2608,0,0.9901173996198922,3974
FAILED,,,621,7,0.2214481349512934,2057
FAILED,,,2271,3,0.5754616229273379,3476
FAILED,,,4658,5,0.3379686195906251,388
FAILED,,,4749,2,0.5113292865324764,2241
COMPLETED,0.4299999999999999,5464.0,2059,9,0.2810097861513495,4074
FAILED,,,52,4,0.9210940573252736,160
COMPLETED,0.5,1444.0,2985,6,0.1615758182760328,3322
FAILED,,,3743,2,0.4581212440244853,3068
FAILED,,,741,5,0.6889128245394676,1235
FAILED,,,1526,0,0.1087251558993011,4523
COMPLETED,0.5,1399.0,4148,8,0.8687459167540073,1362
FAILED,,,4074,2,0.6679033308830112,419
FAILED,,,1463,5,0.4303960008509457,3581
FAILED,,,648,1,0.772679968483746,2187
FAILED,,,3660,8,0.0040249189753085,4020
FAILED,,,3049,1,0.3624560138136148,4900
COMPLETED,0.5,1305.0,125,9,0.5994608220402151,1737
FAILED,,,2142,3,0.1972041105162352,2506
COMPLETED,0.5,1300.0,4842,6,0.9653870798908174,674
FAILED,,,4585,0,0.140987350448966,1310
COMPLETED,0.56,1449.0,2207,7,0.9009918847922236,4398
FAILED,,,529,3,0.3013539621662348,1125
COMPLETED,0.5,1523.0,2525,6,0.5321616576574743,3041
COMPLETED,0.5,1221.0,3247,4,0.8286642520334571,3373
FAILED,,,1182,6,0.0691318052597343,285
FAILED,,,1710,1,0.7287500784769653,4184
COMPLETED,0.5,1426.0,4019,8,0.4984449122268706,2267
FAILED,,,3777,1,0.9157750063147396,2812
FAILED,,,1779,9,0.1864555988796055,894
COMPLETED,0.5,1182.0,955,4,0.5166482594683766,4793
FAILED,,,3334,7,0.2561301133651286,1707
FAILED,,,2771,3,0.1140670530349016,1880
COMPLETED,0.47,4295.0,461,5,0.8438585480395704,3799
FAILED,,,2430,0,0.4527794472705573,525
COMPLETED,0.56,1300.0,4496,7,0.7138001226149499,3611
COMPLETED,0.4199999999999999,12256.0,4912,4,0.3845019556730985,4249
COMPLETED,0.5,1415.0,1899,6,0.6536687840465456,2417
FAILED,,,211,2,0.0506501256655901,3186
COMPLETED,0.5,1050.0,2824,9,0.786671134378761,23
FAILED,,,3594,0,0.5856678839232772,1060
COMPLETED,0.5,1549.0,893,8,0.3159985337443649,2891
FAILED,,,1373,2,0.9799112390056252,1497
FAILED,,,4298,5,0.243418150158599,4661
FAILED,,,4373,3,0.9514573038946836,2344
COMPLETED,0.5,1446.0,1360,6,0.2153145229183137,4263
FAILED,,,907,1,0.6137565189749002,51
FAILED,,,3519,9,0.3444679369274527,3138
FAILED,,,2879,1,0.0182368975952267,2964
COMPLETED,0.5,1330.0,178,8,0.7548517512697726,1046
FAILED,,,1932,2,0.4163063503112643,4632
FAILED,,,4857,5,0.6860974764712154,1545
FAILED,,,4492,1,0.4813094642534851,909
COMPLETED,0.5,1335.0,2495,9,0.7417058418113737,2740
FAILED,,,396,4,0.0861458694841712,1658
COMPLETED,0.56,1297.0,2775,7,0.815343519527465,4822
FAILED,,,3311,3,0.5490158622097224,3785
COMPLETED,0.5,1332.0,1001,6,0.2881169479750096,1953
FAILED,,,1734,0,0.8837727036327123,3660
FAILED,,,3800,7,0.154102988326922,497
FAILED,,,4025,0,0.6967937004100531,4426
FAILED,,,1648,7,0.4661077660284936,1264
FAILED,,,1244,3,0.8609864060431718,2970
FAILED,,,3241,5,0.1011036513987928,1138
FAILED,,,2551,4,0.2733568733409046,258
FAILED,,,486,7,0.5035402710456401,3420
FAILED,,,2250,1,0.1695937485899776,2338
COMPLETED,0.5,1427.0,4559,9,0.92900443797186,4172
FAILED,,,4770,2,0.2291148632541298,3534
COMPLETED,0.54,13643.0,2158,5,0.997891677590087,446
RUNNING,,,109,0,0.3299359517600387,4033
COMPLETED,0.5,1415.0,3121,8,0.567565057773143,2115
RUNNING,,,3608,2,0.8007531391810626,1784
RUNNING,,,684,9,0.0324483975432813,4872
RUNNING,,,1427,4,0.6394643842428923,661
COMPLETED,0.5,1372.0,4127,6,0.4023378223422914,2578
RUNNING,,,4210,2,0.0768599076606333,4125
COMPLETED,0.5,1412.0,1520,9,0.8362562517579644,2208
RUNNING,,,747,3,0.4905954446662217,3315
COMPLETED,0.5,1224.0,3681,6,0.7207930612489581,226
RUNNING,,,3028,2,0.8930662758741527,1183
COMPLETED,0.56,13402.0,26,5,0.133167387664318,3100
RUNNING,,,2085,1,0.5397222490720451,1369
COMPLETED,0.5,1449.0,4707,8,0.3090525597911328,4457
FAILED,,,4642,4,0.6074030720088631,2604
FAILED,,,2343,7,0.3702602575719356,771
FAILED,,,549,1,0.9578107694499194,4997
COMPLETED,0.5,1536.0,2624,8,0.1895221539419144,1835
FAILED,,,3148,0,0.4226826359666883,2090
COMPLETED,0.4199999999999999,6999.0,1161,7,0.6602975156661122,3922
FAILED,,,1575,3,0.0118605710435658,321
FAILED,,,3962,5,0.7806517232283949,3484
FAILED,,,3873,3,0.3236347906328737,1439
FAILED,,,1797,5,0.5934116904791444,4602
FAILED,,,1093,0,0.2354159239996224,1001
COMPLETED,0.56,1557.0,3394,7,0.9720451155230402,2833
FAILED,,,2711,1,0.6457731557879596,3245
FAILED,,,323,9,0.3764683212041854,81
COMPLETED,0.5,1193.0,2412,4,0.7944444457106292,4307
FAILED,,,4400,7,0.0583177908640354,2476
RUNNING,,,4931,0,0.8517698655817658,623
COMPLETED,0.5,1427.0,1995,8,0.1220840167105197,3709
RUNNING,,,271,2,0.7060101404897868,1978
RUNNING,,,2962,5,0.4451274713557213,3897
RUNNING,,,3456,4,0.1788331277407705,4695
COMPLETED,0.5,1450.0,833,6,0.908016432499513,1609
RUNNING,,,1277,2,0.2641175722647458,2715
COMPLETED,0.41,3456.0,4280,9,0.5245281687006355,796
RUNNING,,,4275,3,0.1661324202939868,2883
COMPLETED,0.5,1394.0,1262,6,0.9344211566317826,971
RUNNING,,,848,0,0.2688980876859277,4552
RUNNING,,,3461,7,0.5060407812930644,1469
RUNNING,,,2937,1,0.8664202639441936,2426
COMPLETED,0.5,1557.0,237,8,0.0976289909295737,4338
RUNNING,,,2030,4,0.6992808784842491,131
COMPLETED,0.5,1389.0,4955,6,0.461666119614616,3214
RUNNING,,,4395,1,0.6350227378290146,3866
COMPLETED,0.5,1435.0,2397,8,0.4048250004164874,2028
RUNNING,,,338,2,0.7972784787118435,3740
RUNNING,,,2716,5,0.0378822554443031,573
RUNNING,,,3369,3,0.3324364620074629,828
COMPLETED,0.5,1484.0,1059,6,0.5631062721181661,2665
RUNNING,,,1832,1,0.2345315819140523,1578
COMPLETED,0.5,1397.0,3898,9,0.9944303492940962,4746
RUNNING,,,3967,2,0.4217397602126002,177
COMPLETED,0.5,1391.0,1589,9,0.6826223122347145,3345
RUNNING,,,1147,4,0.0207236313875764,2258
COMPLETED,0.5,1393.0,3143,6,0.7504095973707735,4095
RUNNING,,,2648,2,0.6102946869116276,4507
RUNNING,,,584,5,0.3498842075876891,1339
COMPLETED,0.4099999999999999,2571.0,1494,7,0.6738783073425292,4548
RUNNING,,,4388,0,0.4034529456105083,271
COMPLETED,0.56,1727.0,3612,7,0.8146917840838432,3494
RUNNING,,,395,3,0.1067282344773411,1715
FAILED,,,1050,5,0.3705383529122918,2397
RUNNING,,,2997,3,0.5835198090802877,3120
COMPLETED,0.5,4395.0,3773,8,0.1370873477384448,640
RUNNING,,,2148,2,0.9105296242982148,3861
COMPLETED,0.5,1511.0,2246,6,0.223609753884375,2701
COMPLETED,0.5,1433.0,4339,4,0.9472874520123004,2175
COMPLETED,0.5,1686.0,2625,8,0.2708577833082527,4070
RUNNING,,,835,0,0.556996316699311,1041
COMPLETED,0.5,1285.0,219,9,0.7935205681174993,472
RUNNING,,,3280,1,0.0046039883121848,4946
RUNNING,,,4994,5,0.7160026628803461,1294
RUNNING,,,1631,3,0.4875478552337735,3265
COMPLETED,0.54,888.0,1850,5,0.9947331385258584,867
RUNNING,,,4735,3,0.2086195644903928,3935
COMPLETED,0.5,1378.0,3324,9,0.5107993075512349,2314
RUNNING,,,136,1,0.28709673929587,2879
RUNNING,,,772,8,0.0505723465997725,3712
RUNNING,,,2728,0,0.7770529463980346,1779
COMPLETED,0.5,1528.0,4139,6,0.4399044651575386,4455
RUNNING,,,2485,4,0.7307951040975749,20
RUNNING,,,1880,9,0.4197147440053522,1542
RUNNING,,,4002,2,0.6277041155062615,3359
RUNNING,,,2904,6,0.0917152026761323,410
RUNNING,,,1104,2,0.8621146281901747,4726
COMPLETED,0.5,1577.0,508,6,0.5983046361617744,4308
RUNNING,,,3539,4,0.3228873487003147,1125
