Status,ACCURACY,RUNTIME,recent_samples_size,n_samples,n_clusters,threshold
COMPLETED,0.91,0.0,2642,2304,7,0.7803293381929397
COMPLETED,0.91,0.0,1583,2580,4,0.455285432966426
COMPLETED,0.91,0.0,757,822,8,0.5105780421793461
COMPLETED,0.91,0.0,4707,4296,1,0.1953344237934797
COMPLETED,0.92,6.0,4195,101,5,0.0777342320270836
COMPLETED,0.91,0.0,19,4783,7,0.627691141175106
COMPLETED,0.91,0.0,2329,1775,2,0.3399235257059335
COMPLETED,0.91,0.0,3146,3343,10,0.8961783438008278
COMPLETED,0.91,0.0,3530,1016,3,0.7404783728625625
COMPLETED,0.91,0.0,1924,3868,10,0.0585076228305697
COMPLETED,0.91,0.0,416,2110,4,0.9714868103209882
COMPLETED,0.91,0.0,3819,3009,8,0.2957968225590884
COMPLETED,0.91,0.0,4479,1345,9,0.4138845569547265
COMPLETED,0.91,0.0,1006,3539,1,0.8529120352044701
COMPLETED,0.91,0.0,1342,531,6,0.1753312062118202
COMPLETED,0.91,0.0,2862,4587,4,0.624141830202192
COMPLETED,0.91,0.0,2981,422,9,0.3604785106685012
COMPLETED,0.91,0.0,1537,4462,3,0.934100159280002
COMPLETED,0.91,0.0,1121,1453,8,0.1000925179664045
COMPLETED,0.91,0.0,4675,3665,5,0.6638091797940433
COMPLETED,0.91,0.0,3934,1979,1,0.5329451319631188
COMPLETED,0.91,0.0,612,2905,9,0.2314441344514489
COMPLETED,0.91,0.0,2044,1147,4,0.8008755248878151
COMPLETED,0.91,0.0,3725,3971,6,0.4932155764065682
COMPLETED,0.91,0.0,3342,1649,3,0.1508780216909945
COMPLETED,0.91,0.0,2445,3235,6,0.5823218151647597
COMPLETED,0.91,2.0,214,227,1,0.3876275955736637
COMPLETED,0.91,0.0,4314,4892,8,0.812895321143791
COMPLETED,0.91,0.0,4901,718,7,0.9452215209789572
COMPLETED,0.91,0.0,877,4166,5,0.2557889123428612
COMPLETED,0.91,6.0,4274,2,2,0.0331792899659497
COMPLETED,0.91,0.0,1,591,6,0.999
COMPLETED,0.91,11.0,5000,32,2,0.0191525638822364
COMPLETED,0.91,0.0,3536,3155,2,0.999
COMPLETED,0.91,10.0,4826,9,7,0.1039179505090649
COMPLETED,0.91,0.0,5000,5000,4,0.999
COMPLETED,0.92,11.0,4884,8,6,0.1033327217942255
COMPLETED,0.91,0.0,1,1743,6,0.4698643972960939
COMPLETED,0.91,0.0,2744,5000,2,0.001
COMPLETED,0.91,0.0,1,2370,6,0.001
COMPLETED,0.91,0.0,5000,765,2,0.001
COMPLETED,0.91,0.0,5000,5000,5,0.001
COMPLETED,0.91,0.0,5000,952,5,0.4040002518097965
COMPLETED,0.91,0.0,4906,650,5,0.001
COMPLETED,0.91,0.0,4975,796,5,0.001
COMPLETED,0.91,0.0,4870,500,5,0.001
COMPLETED,0.91,0.0,5000,1044,6,0.001
COMPLETED,0.91,0.0,5000,2431,6,0.001
COMPLETED,0.91,0.0,5000,726,6,0.001
COMPLETED,0.91,0.0,5000,1019,5,0.999
COMPLETED,0.91,0.0,4484,486,5,0.001
COMPLETED,0.91,0.0,5000,2737,6,0.999
COMPLETED,0.91,0.0,5000,577,5,0.999
COMPLETED,0.91,0.0,5000,2043,6,0.999
COMPLETED,0.91,0.0,5000,729,5,0.001
COMPLETED,0.91,0.0,4552,882,5,0.001
COMPLETED,0.91,0.0,5000,983,6,0.999
COMPLETED,0.91,0.0,4998,439,5,0.001
COMPLETED,0.91,0.0,5000,600,5,0.001
COMPLETED,0.91,0.0,1,3539,10,0.999
COMPLETED,0.91,0.0,1,1131,10,0.999
COMPLETED,0.91,0.0,4263,846,5,0.999
COMPLETED,0.91,0.0,3239,2573,5,0.001
COMPLETED,0.91,0.0,5000,818,5,0.999
COMPLETED,0.91,0.0,1034,5000,9,0.001
COMPLETED,0.91,0.0,3220,690,5,0.001
COMPLETED,0.91,0.0,4624,389,5,0.997372661507571
COMPLETED,0.91,0.0,5000,683,5,0.999
COMPLETED,0.91,0.0,3101,792,5,0.0895912369396554
COMPLETED,0.91,0.0,3894,3741,5,0.0951395352948249
COMPLETED,0.91,0.0,415,3151,5,0.0925106786918252
COMPLETED,0.91,0.0,2245,2860,6,0.0876093943522613
COMPLETED,0.91,0.0,1515,2009,5,0.0981180219570034
COMPLETED,0.91,0.0,1678,3028,6,0.0931484083730147
COMPLETED,0.91,0.0,2775,4770,5,0.0860852248506426
COMPLETED,0.91,0.0,2428,4231,5,0.0901658456527395
COMPLETED,0.91,0.0,1542,4742,6,0.0906204174207159
COMPLETED,0.92,4.0,2444,52,5,0.0946053710931923
COMPLETED,0.91,0.0,5000,3339,6,0.0909582764059213
COMPLETED,0.91,0.0,5000,1657,5,0.0918274078293275
COMPLETED,0.91,0.0,2858,2806,5,0.0920554027792875
COMPLETED,0.91,0.0,1,1324,5,0.0841182763575603
COMPLETED,0.91,0.0,588,4084,6,0.0886379997226816
COMPLETED,0.91,0.0,4687,4588,6,0.083904116864587
COMPLETED,0.91,0.0,2263,1358,5,0.1026762636047292
COMPLETED,0.91,0.0,3227,3660,6,0.096214481785088
COMPLETED,0.91,0.0,1238,1261,5,0.0971733732714289
COMPLETED,0.91,0.0,2168,894,6,0.088805975215351
COMPLETED,0.91,0.0,3708,2240,5,0.0937174617069029
COMPLETED,0.91,0.0,1,4433,5,0.0892090169430691
COMPLETED,0.91,0.0,1565,2233,5,0.0911167989154509
COMPLETED,0.91,0.0,5000,3916,10,0.6698949403583719
COMPLETED,0.91,0.0,1,3870,8,0.999
COMPLETED,0.91,0.0,3228,4308,6,0.0886429120105865
COMPLETED,0.91,0.0,5000,3953,5,0.0871914913983128
COMPLETED,0.91,0.0,4781,1792,6,0.0934409811291554
COMPLETED,0.91,0.0,2635,1462,5,0.0863440765473654
COMPLETED,0.91,0.0,609,329,6,0.0891477614753092
COMPLETED,0.91,0.0,4293,481,6,0.0882297271240255
COMPLETED,0.91,0.0,3368,538,1,0.999
COMPLETED,0.91,0.0,3775,487,6,0.0777286389925555
COMPLETED,0.91,0.0,3014,304,6,0.0884716962429821
COMPLETED,0.91,0.0,3641,361,6,0.0865662700770945
COMPLETED,0.91,3.0,1982,196,6,0.0896404643423004
COMPLETED,0.91,0.0,1,2689,8,0.9242037191682596
COMPLETED,0.91,9.0,1127,46,5,0.0818032539470752
COMPLETED,0.91,0.0,3497,546,3,0.999
COMPLETED,0.91,0.0,1,916,10,0.001
COMPLETED,0.91,0.0,767,297,5,0.0784012413097264
COMPLETED,0.91,0.0,3255,425,6,0.0885594439228295
COMPLETED,0.91,0.0,4202,547,6,0.0888350369344303
COMPLETED,0.91,0.0,1,3300,1,0.6657128855676253
COMPLETED,0.91,0.0,3518,493,6,0.0968663272533082
COMPLETED,0.91,0.0,5000,1269,1,0.999
COMPLETED,0.91,2.0,290,80,6,0.0861487225340353
COMPLETED,0.91,0.0,3585,336,5,0.076923002737414
COMPLETED,0.91,0.0,2442,393,6,0.0881267322910011
COMPLETED,0.91,1.0,1742,253,6,0.0893652042841779
COMPLETED,0.91,0.0,1,839,10,0.2345225071087912
COMPLETED,0.91,0.0,3349,548,9,0.999
COMPLETED,0.91,0.0,2713,351,5,0.0770965520961364
COMPLETED,0.91,0.0,5000,3082,1,0.001
COMPLETED,0.91,0.0,1,5000,1,0.999
COMPLETED,0.91,0.0,1,2663,2,0.001
COMPLETED,0.91,0.0,1,2534,9,0.999
COMPLETED,0.91,0.0,1,3146,8,0.001
COMPLETED,0.91,0.0,1,805,10,0.5996484302861947
COMPLETED,0.91,3.0,5000,212,10,0.999
COMPLETED,0.91,6.0,5000,92,10,0.999
COMPLETED,0.91,0.0,5000,287,10,0.999
COMPLETED,0.91,3.0,5000,160,10,0.999
COMPLETED,0.91,0.0,1,128,10,0.999
COMPLETED,0.91,2.0,5000,224,1,0.001
COMPLETED,0.91,10.0,4104,35,10,0.001
COMPLETED,0.91,0.0,5000,345,10,0.999
COMPLETED,0.91,3.0,1,186,10,0.001
COMPLETED,0.91,3.0,5000,191,10,0.001
COMPLETED,0.91,3.0,1,45,10,0.001
COMPLETED,0.91,1.0,5000,249,10,0.001
COMPLETED,0.91,0.0,5000,368,10,0.001
COMPLETED,0.91,23.0,5000,29,10,0.999
COMPLETED,0.91,8.0,4805,78,1,0.001
COMPLETED,0.91,2.0,5000,184,1,0.999
COMPLETED,0.91,0.0,1,388,10,0.999
COMPLETED,0.91,0.0,5000,296,1,0.001
COMPLETED,0.91,1.0,1,241,10,0.999
COMPLETED,0.91,1.0,5000,260,1,0.999
COMPLETED,0.92,5.0,5000,131,10,0.001
COMPLETED,0.91,0.0,1,4567,10,0.999
COMPLETED,0.91,0.0,1,1901,10,0.001
COMPLETED,0.91,4.0,5000,156,1,0.001
COMPLETED,0.91,0.0,1,3796,1,0.999
COMPLETED,0.91,0.0,5000,4655,10,0.999
COMPLETED,0.91,0.0,5000,1844,10,0.999
COMPLETED,0.91,0.0,5000,4517,1,0.999
COMPLETED,0.91,0.0,5000,301,10,0.001
COMPLETED,0.91,0.0,1,2326,1,0.999
COMPLETED,0.92,7.0,5000,87,10,0.001
COMPLETED,0.91,0.0,5000,2885,10,0.999
COMPLETED,0.91,0.0,1,104,1,0.001
COMPLETED,0.91,0.0,1,1968,10,0.999
COMPLETED,0.91,2.0,1,109,10,0.001
COMPLETED,0.91,0.0,1,4625,1,0.001
COMPLETED,0.91,0.0,1,5000,10,0.001
COMPLETED,0.91,0.0,1,2193,10,0.999
COMPLETED,0.91,0.0,1,4228,10,0.999
COMPLETED,0.91,0.0,1,4208,1,0.999
COMPLETED,0.91,0.0,5000,4644,1,0.001
COMPLETED,0.91,0.0,2074,5000,10,0.999
COMPLETED,0.91,0.0,5000,3607,1,0.999
COMPLETED,0.91,0.0,5000,2007,10,0.001
COMPLETED,0.91,0.0,1,1791,1,0.999
COMPLETED,0.91,0.0,5000,2228,1,0.999
COMPLETED,0.91,0.0,5000,2887,1,0.999
COMPLETED,0.91,2.0,1,227,1,0.001
COMPLETED,0.91,0.0,5000,5000,10,0.001
COMPLETED,0.91,0.0,1,2728,10,0.001
COMPLETED,0.91,0.0,5000,4188,10,0.999
COMPLETED,0.91,0.0,5000,2418,10,0.999
COMPLETED,0.91,0.0,5000,1507,10,0.999
COMPLETED,0.91,2.0,5000,218,10,0.001
COMPLETED,0.91,0.0,1,1415,10,0.999
COMPLETED,0.91,0.0,1,4013,1,0.001
COMPLETED,0.91,0.0,1,1502,1,0.999
COMPLETED,0.91,0.0,1,3439,1,0.001
COMPLETED,0.91,0.0,1,4892,10,0.999
COMPLETED,0.91,0.0,1,1201,1,0.8521683472963805
COMPLETED,0.91,0.0,5000,415,10,0.001
COMPLETED,0.91,0.0,5000,1567,1,0.999
COMPLETED,0.91,5.0,5000,160,10,0.001
COMPLETED,0.91,0.0,5000,273,10,0.001
COMPLETED,0.91,0.0,5000,330,10,0.001
COMPLETED,0.91,0.0,5000,3551,10,0.001
COMPLETED,0.91,0.0,1,3294,10,0.999
COMPLETED,0.91,0.0,5000,3471,10,0.999
COMPLETED,0.91,0.0,1,2818,1,0.999
COMPLETED,0.91,0.0,1,1636,10,0.001
COMPLETED,0.91,0.0,5000,2610,10,0.999
COMPLETED,0.91,0.0,1,4249,10,0.001
COMPLETED,0.91,0.0,1,1624,1,0.001
COMPLETED,0.91,0.0,5000,3923,1,0.001
COMPLETED,0.91,0.0,5000,4137,1,0.999
COMPLETED,0.91,0.0,5000,3513,1,0.001
COMPLETED,0.91,0.0,1,4848,1,0.999
COMPLETED,0.91,0.0,1,2988,1,0.999
COMPLETED,0.91,0.0,1,3631,1,0.001
COMPLETED,0.92,6.0,5000,109,10,0.001
COMPLETED,0.91,0.0,5000,3070,10,0.001
COMPLETED,0.91,0.0,5000,1292,1,0.001
COMPLETED,0.91,0.0,5000,1318,10,0.001
COMPLETED,0.91,0.0,5000,1213,10,0.999
COMPLETED,0.91,9.0,5000,24,10,0.001
COMPLETED,0.91,0.0,5000,2011,1,0.001
COMPLETED,0.91,8.0,4355,26,10,0.001
COMPLETED,0.91,0.0,5000,2320,10,0.001
COMPLETED,0.91,0.0,5000,3197,10,0.999
COMPLETED,0.91,0.0,5000,4897,1,0.999
COMPLETED,0.91,0.0,5000,3718,10,0.999
COMPLETED,0.91,0.0,1,3994,10,0.001
COMPLETED,0.91,0.0,5000,4436,10,0.001
COMPLETED,0.91,0.0,5000,2633,1,0.001
COMPLETED,0.91,0.0,1,1277,1,0.001
COMPLETED,0.91,0.0,5000,4857,1,0.001
COMPLETED,0.91,0.0,1,1066,10,0.001
COMPLETED,0.91,0.0,1,3786,10,0.001
COMPLETED,0.91,0.0,5000,2502,1,0.999
COMPLETED,0.91,0.0,1,1692,10,0.999
COMPLETED,0.91,0.0,1,3052,10,0.999
COMPLETED,0.92,6.0,5000,120,10,0.001
COMPLETED,0.91,0.0,1,2461,10,0.001
COMPLETED,0.91,3.0,5000,188,1,0.001
COMPLETED,0.91,0.0,1,3994,1,0.999
COMPLETED,0.91,1.0,1,261,10,0.001
COMPLETED,0.91,0.0,1,2154,1,0.001
COMPLETED,0.91,11.0,5000,65,10,0.001
COMPLETED,0.91,0.0,5000,1906,1,0.999
COMPLETED,0.91,0.0,3861,3289,1,0.001
COMPLETED,0.91,0.0,5000,4228,10,0.001
COMPLETED,0.91,0.0,5000,4435,1,0.001
COMPLETED,0.91,0.0,5000,4818,10,0.999
COMPLETED,0.92,6.0,5000,98,10,0.001
COMPLETED,0.91,0.0,3581,4432,10,0.999
COMPLETED,0.91,0.0,5000,3190,1,0.999
COMPLETED,0.91,0.0,1,4699,1,0.999
COMPLETED,0.91,0.0,5000,1512,10,0.001
COMPLETED,0.91,0.0,5000,4699,1,0.999
COMPLETED,0.91,0.0,1,4376,10,0.999
COMPLETED,0.91,0.0,5000,413,10,0.999
COMPLETED,0.91,0.0,5000,3257,10,0.001
COMPLETED,0.91,0.0,5000,2781,10,0.001
COMPLETED,0.91,0.0,1604,2861,1,0.001
COMPLETED,0.91,0.0,783,3141,1,0.999
COMPLETED,0.91,0.0,1,2952,10,0.001
COMPLETED,0.91,0.0,5000,364,1,0.001
COMPLETED,0.91,0.0,5000,3406,1,0.001
COMPLETED,0.91,2.0,5000,233,10,0.001
COMPLETED,0.91,0.0,1,3544,10,0.001
COMPLETED,0.91,0.0,5000,3752,1,0.001
COMPLETED,0.91,0.0,5000,1735,1,0.999
COMPLETED,0.91,0.0,432,4645,10,0.001
COMPLETED,0.91,0.0,5000,5000,10,0.999
COMPLETED,0.91,0.0,5000,347,10,0.001
COMPLETED,0.91,0.0,5000,2130,10,0.001
COMPLETED,0.91,0.0,5000,3840,1,0.999
COMPLETED,0.91,0.0,1,3303,1,0.001
COMPLETED,0.91,0.0,1,2897,10,0.999
COMPLETED,0.91,0.0,1,2366,1,0.001
COMPLETED,0.91,1.0,5000,261,10,0.001
COMPLETED,0.91,0.0,1,4019,10,0.999
COMPLETED,0.91,4.0,4629,166,10,0.001
COMPLETED,0.91,0.0,1,4465,1,0.001
COMPLETED,0.91,0.0,4838,2224,10,0.999
COMPLETED,0.91,0.0,3260,1808,1,0.001
COMPLETED,0.91,0.0,1,5000,1,0.001
COMPLETED,0.91,0.0,5000,2215,1,0.001
COMPLETED,0.91,0.0,5000,1026,10,0.999
COMPLETED,0.91,0.0,5000,4021,10,0.999
COMPLETED,0.91,5.0,5000,145,10,0.001
COMPLETED,0.91,7.0,4381,33,1,0.001
COMPLETED,0.91,0.0,5000,325,1,0.001
COMPLETED,0.91,1.0,1,75,10,0.001
COMPLETED,0.91,0.0,5000,4312,1,0.999
COMPLETED,0.91,0.0,1,5000,10,0.999
COMPLETED,0.91,3.0,5000,205,10,0.001
COMPLETED,0.91,0.0,2090,1323,10,0.999
COMPLETED,0.91,0.0,1,1942,1,0.001
COMPLETED,0.92,7.0,5000,119,1,0.001
COMPLETED,0.91,0.0,1,2617,1,0.999
COMPLETED,0.91,0.0,1375,3769,10,0.999
COMPLETED,0.91,0.0,5000,4582,10,0.001
COMPLETED,0.91,0.0,1,1335,1,0.999
COMPLETED,0.91,6.0,1,13,10,0.001
COMPLETED,0.91,4.0,1,144,10,0.001
COMPLETED,0.91,0.0,4194,4811,10,0.001
COMPLETED,0.91,0.0,1,3410,1,0.999
COMPLETED,0.91,9.0,3303,15,1,0.001
COMPLETED,0.91,1.0,5000,258,1,0.001
COMPLETED,0.91,0.0,5000,1682,10,0.999
COMPLETED,0.91,0.0,1,4443,1,0.999
COMPLETED,0.91,0.0,1,4453,10,0.001
COMPLETED,0.92,7.0,5000,101,1,0.001
COMPLETED,0.91,11.0,5000,65,1,0.001
COMPLETED,0.91,0.0,5000,386,1,0.999
COMPLETED,0.91,0.0,5000,1496,1,0.001
COMPLETED,0.91,2.0,5000,206,1,0.001
COMPLETED,0.91,4.0,5000,137,1,0.001
COMPLETED,0.91,8.0,5000,7,1,0.001
COMPLETED,0.91,3.0,5000,197,1,0.001
COMPLETED,0.91,0.0,2205,4293,1,0.999
COMPLETED,0.91,0.0,2851,2677,10,0.999
COMPLETED,0.91,0.0,5000,3354,1,0.999
COMPLETED,0.92,11.0,5000,45,1,0.001
COMPLETED,0.91,0.0,5000,1420,1,0.999
COMPLETED,0.91,0.0,1,2132,10,0.001
COMPLETED,0.91,0.0,4920,313,10,0.001
COMPLETED,0.91,4.0,5000,176,10,0.001
COMPLETED,0.91,0.0,4891,5000,1,0.001
COMPLETED,0.91,0.0,1,1547,10,0.999
COMPLETED,0.8599999999999999,8.0,4713,30,10,0.001
COMPLETED,0.91,0.0,5000,395,1,0.001
COMPLETED,0.91,0.0,350,1042,1,0.999
COMPLETED,0.91,0.0,1,181,1,0.999
COMPLETED,0.91,0.0,1,315,1,0.999
COMPLETED,0.91,0.0,1,739,1,0.999
COMPLETED,0.91,0.0,1,712,1,0.001
COMPLETED,0.91,0.0,1510,334,1,0.001
COMPLETED,0.91,0.0,1,897,1,0.001
COMPLETED,0.91,0.0,1,4806,1,0.001
COMPLETED,0.91,0.0,5000,1075,1,0.001
COMPLETED,0.91,0.0,5000,4103,1,0.001
COMPLETED,0.91,3.0,5000,140,1,0.4916351176539126
COMPLETED,0.91,0.0,5000,867,1,0.999
COMPLETED,0.91,0.0,5000,904,1,0.001
COMPLETED,0.91,0.0,1,334,1,0.001
COMPLETED,0.91,0.0,246,874,1,0.999
COMPLETED,0.91,0.0,5000,448,1,0.999
COMPLETED,0.91,0.0,5000,4425,10,0.999
COMPLETED,0.91,0.0,5000,2812,1,0.001
COMPLETED,0.91,0.0,5000,5000,1,0.999
COMPLETED,0.91,4.0,1890,140,1,0.999
COMPLETED,0.91,0.0,1,101,1,0.999
COMPLETED,0.91,11.0,1200,18,10,0.3484270910642422
COMPLETED,0.91,0.0,1,1115,1,0.001
COMPLETED,0.91,6.0,2864,174,5,0.001
COMPLETED,0.91,0.0,1,1952,5,0.999
COMPLETED,0.91,0.0,3089,1067,10,0.001
COMPLETED,0.91,0.0,1,533,10,0.001
COMPLETED,0.91,5.0,5000,186,6,0.001
COMPLETED,0.92,6.0,5000,94,1,0.999
COMPLETED,0.91,0.0,2700,403,1,0.999
COMPLETED,0.91,0.0,5000,2404,1,0.001
COMPLETED,0.92,6.0,5000,102,4,0.001
COMPLETED,0.91,0.0,1,375,10,0.001
COMPLETED,0.91,0.0,5000,1153,1,0.999
COMPLETED,0.91,3.0,1,212,6,0.001
COMPLETED,0.91,3.0,5000,211,10,0.4198014699086794
COMPLETED,0.91,0.0,1,664,10,0.001
COMPLETED,0.91,0.0,3540,2345,1,0.999
COMPLETED,0.91,3.0,2772,138,1,0.001
COMPLETED,0.91,0.0,5000,432,1,0.001
COMPLETED,0.91,0.0,3151,749,1,0.999
COMPLETED,0.91,0.0,1732,5000,10,0.001
COMPLETED,0.91,0.0,3238,1504,1,0.999
COMPLETED,0.91,0.0,2448,793,1,0.001
COMPLETED,0.91,0.0,1,466,1,0.001
COMPLETED,0.91,1.0,2642,190,9,0.999
COMPLETED,0.91,0.0,5000,1184,1,0.001
COMPLETED,0.91,0.0,5000,2557,10,0.001
COMPLETED,0.91,0.0,5000,1862,1,0.001
COMPLETED,0.91,0.0,1,3226,10,0.001
COMPLETED,0.91,0.0,1,1981,1,0.999
COMPLETED,0.91,4.0,2324,39,1,0.999
COMPLETED,0.92,16.0,5000,40,1,0.999
COMPLETED,0.91,3.0,5000,138,1,0.999
COMPLETED,0.91,0.0,2531,1138,1,0.001
COMPLETED,0.91,0.0,5000,780,10,0.999
COMPLETED,0.91,0.0,5000,876,10,0.001
COMPLETED,0.91,28.0,5000,17,1,0.999
COMPLETED,0.91,0.0,5000,382,1,0.4929486553389231
COMPLETED,0.91,0.0,5000,5000,1,0.001
COMPLETED,0.91,0.0,5000,313,1,0.999
COMPLETED,0.91,0.0,3699,378,1,0.001
COMPLETED,0.91,0.0,1574,1730,1,0.999
COMPLETED,0.91,0.0,1,5000,6,0.001
COMPLETED,0.91,0.0,1,4203,1,0.001
COMPLETED,0.89,1.0,1,50,1,0.999
COMPLETED,0.91,0.0,5000,4833,1,0.999
COMPLETED,0.91,0.0,2737,338,1,0.001
COMPLETED,0.91,3.0,5000,176,6,0.999
COMPLETED,0.92,5.0,1996,127,10,0.999
COMPLETED,0.91,0.0,5000,308,6,0.4522368302285053
COMPLETED,0.91,0.0,5000,4845,10,0.001
COMPLETED,0.91,1.0,5000,250,4,0.999
COMPLETED,0.91,0.0,3683,1777,1,0.999
COMPLETED,0.91,0.0,5000,2117,3,0.001
COMPLETED,0.91,0.0,5000,1840,5,0.999
COMPLETED,0.91,0.0,5000,410,1,0.999
COMPLETED,0.91,0.0,2634,5000,1,0.999
COMPLETED,0.91,0.0,5000,925,10,0.999
COMPLETED,0.91,0.0,3590,652,10,0.999
COMPLETED,0.91,0.0,5000,4717,10,0.2662902538049591
COMPLETED,0.91,0.0,5000,540,10,0.7715497580895951
COMPLETED,0.91,0.0,5000,1236,10,0.001
COMPLETED,0.91,0.0,5000,562,1,0.001
COMPLETED,0.91,0.0,2658,331,10,0.001
COMPLETED,0.91,0.0,5000,3039,10,0.999
COMPLETED,0.91,0.0,5000,2629,1,0.999
COMPLETED,0.91,0.0,5000,652,1,0.5480677083238183
COMPLETED,0.91,0.0,5000,3153,1,0.001
COMPLETED,0.91,0.0,5000,2949,10,0.001
COMPLETED,0.91,0.0,5000,2693,1,0.001
COMPLETED,0.91,0.0,1,4815,10,0.999
COMPLETED,0.91,0.0,5000,2129,10,0.999
COMPLETED,0.91,0.0,5000,2126,1,0.999
COMPLETED,0.91,0.0,5000,2928,1,0.001
COMPLETED,0.91,3.0,3594,157,10,0.999
COMPLETED,0.91,0.0,1,407,1,0.3975556433971983
COMPLETED,0.91,0.0,5000,4338,10,0.001
COMPLETED,0.91,0.0,1,4331,1,0.001
COMPLETED,0.91,0.0,5000,665,1,0.999
COMPLETED,0.91,0.0,5000,1420,1,0.001
COMPLETED,0.91,0.0,1,1178,10,0.001
COMPLETED,0.91,0.0,5000,4198,1,0.001
COMPLETED,0.91,0.0,5000,3007,1,0.999
COMPLETED,0.91,0.0,1,3724,1,0.001
COMPLETED,0.91,0.0,5000,4780,1,0.001
COMPLETED,0.91,0.0,5000,982,10,0.001
COMPLETED,0.91,0.0,1729,326,6,0.3428826658725738
COMPLETED,0.91,0.0,4322,2868,1,0.5058401824627071
COMPLETED,0.91,0.0,3632,1686,9,0.0601270190067589
COMPLETED,0.91,0.0,1175,4144,4,0.8504892017822712
COMPLETED,0.91,0.0,277,2114,2,0.8869963662363589
COMPLETED,0.91,0.0,2733,4656,8,0.2096883932184427
COMPLETED,0.91,0.0,4675,838,5,0.7333764913007615
COMPLETED,0.91,0.0,2081,3295,9,0.4261763131860643
COMPLETED,0.91,0.0,2188,1437,4,0.1841174466926604
COMPLETED,0.91,0.0,4801,3983,10,0.9686320903301238
COMPLETED,0.91,0.0,2841,301,3,0.4624912736918777
COMPLETED,0.91,0.0,404,2755,7,0.6273978919200599
COMPLETED,0.91,0.0,755,1038,9,0.6015928711351007
COMPLETED,0.91,0.0,3192,3584,3,0.3002404663823545
COMPLETED,0.91,0.0,3903,2265,6,0.7596024142969399
COMPLETED,0.91,0.0,1290,4720,2,0.080345101699233
COMPLETED,0.91,0.0,1517,2426,10,0.7107978443540632
COMPLETED,0.91,0.0,3915,4967,5,0.3786544676553457
COMPLETED,0.91,0.0,3376,1148,7,0.9309407539591192
COMPLETED,0.91,0.0,802,3607,3,0.2204049342218786
COMPLETED,0.91,0.0,5000,3472,1,0.999
COMPLETED,0.91,0.0,5000,1145,10,0.001
COMPLETED,0.91,0.0,5000,799,1,0.5741862526893641
COMPLETED,0.91,0.0,1,1518,10,0.001
COMPLETED,0.91,0.0,5000,1727,1,0.001
COMPLETED,0.91,0.0,5000,573,10,0.001
COMPLETED,0.91,0.0,5000,2552,1,0.001
COMPLETED,0.91,0.0,5000,1881,10,0.001
COMPLETED,0.91,0.0,1,4913,1,0.001
COMPLETED,0.91,0.0,4897,344,10,0.5636485296396696
COMPLETED,0.91,0.0,5000,559,10,0.999
COMPLETED,0.91,0.0,5000,3745,1,0.999
COMPLETED,0.91,0.0,1,4721,6,0.999
COMPLETED,0.91,0.0,5000,532,1,0.4993755850151443
COMPLETED,0.91,0.0,497,662,1,0.999
COMPLETED,0.91,0.0,5000,1559,1,0.001
COMPLETED,0.91,0.0,5000,1341,10,0.999
COMPLETED,0.91,0.0,5000,4023,1,0.001
COMPLETED,0.91,0.0,1,1903,1,0.999
COMPLETED,0.91,0.0,1,589,1,0.001
COMPLETED,0.91,0.0,5000,792,10,0.3480707079326016
COMPLETED,0.91,0.0,5000,748,1,0.999
COMPLETED,0.91,0.0,1,818,10,0.999
COMPLETED,0.91,0.0,5000,593,1,0.999
COMPLETED,0.91,0.0,3327,656,1,0.001
COMPLETED,0.91,0.0,5000,658,1,0.001
COMPLETED,0.91,0.0,5000,3824,10,0.001
COMPLETED,0.91,0.0,5000,4461,1,0.639889418527838
COMPLETED,0.91,0.0,2654,5000,1,0.001
COMPLETED,0.91,0.0,5000,1617,10,0.6473907894590728
COMPLETED,0.91,0.0,5000,1137,1,0.3980892627395017
COMPLETED,0.91,0.0,1,481,1,0.999
COMPLETED,0.91,0.0,1,4848,10,0.001
COMPLETED,0.91,0.0,3363,986,1,0.001
COMPLETED,0.91,0.0,177,938,1,0.318161230086162
COMPLETED,0.91,0.0,5000,4608,1,0.999
COMPLETED,0.91,0.0,1,96,6,0.999
COMPLETED,0.91,0.0,5000,1628,10,0.001
COMPLETED,0.91,0.0,4944,1247,10,0.4952454859813005
COMPLETED,0.91,0.0,1456,1741,1,0.001
COMPLETED,0.91,0.0,5000,316,1,0.50413413230072
COMPLETED,0.91,0.0,1,4875,10,0.3805511617954135
COMPLETED,0.91,0.0,3515,2964,10,0.001
COMPLETED,0.91,0.0,2395,3422,10,0.001
COMPLETED,0.91,0.0,5000,1419,10,0.001
COMPLETED,0.91,0.0,5000,1976,1,0.999
COMPLETED,0.91,0.0,5000,950,1,0.999
COMPLETED,0.91,0.0,5000,992,1,0.001
COMPLETED,0.91,0.0,3200,5000,10,0.001
COMPLETED,0.91,0.0,1747,4918,1,0.001
COMPLETED,0.91,0.0,5000,4575,1,0.001
COMPLETED,0.91,0.0,5000,1330,1,0.999
COMPLETED,0.91,0.0,5000,723,10,0.001
COMPLETED,0.91,0.0,5000,4818,1,0.4344453071555444
COMPLETED,0.91,0.0,5000,1048,1,0.5780697924984828
COMPLETED,0.91,0.0,2267,4528,10,0.001
COMPLETED,0.91,0.0,5000,4042,1,0.999
COMPLETED,0.91,0.0,5000,3672,1,0.001
COMPLETED,0.91,0.0,2817,3888,1,0.999
COMPLETED,0.91,0.0,5000,4048,10,0.001
COMPLETED,0.91,0.0,5000,4933,1,0.001
COMPLETED,0.91,0.0,5000,4659,10,0.001
COMPLETED,0.91,0.0,1,4637,10,0.999
COMPLETED,0.91,0.0,1,3660,1,0.999
COMPLETED,0.91,0.0,381,451,10,0.6711393883011953
COMPLETED,0.91,0.0,1,1291,10,0.001
COMPLETED,0.91,0.0,5000,1633,1,0.3467297971963879
COMPLETED,0.91,0.0,5000,504,1,0.999
COMPLETED,0.91,0.0,1823,1294,1,0.6916848318968459
COMPLETED,0.91,0.0,5000,4524,10,0.4837913294981892
COMPLETED,0.91,0.0,155,523,10,0.999
COMPLETED,0.91,0.0,5000,4105,10,0.424414323805738
COMPLETED,0.91,0.0,1,4161,10,0.001
COMPLETED,0.91,0.0,5000,629,10,0.4571694299238004
COMPLETED,0.91,0.0,1,2515,1,0.5419907435851385
COMPLETED,0.91,0.0,1,2226,1,0.001
COMPLETED,0.91,0.0,1,784,1,0.0225969046529802
COMPLETED,0.91,0.0,1,1224,10,0.999
COMPLETED,0.91,0.0,2514,407,10,0.999
COMPLETED,0.91,0.0,4034,897,5,0.7949436048461938
COMPLETED,0.91,0.0,5000,4378,10,0.4023261340211219
COMPLETED,0.91,0.0,4815,3125,1,0.3343737186461573
COMPLETED,0.91,0.0,5000,848,1,0.001
COMPLETED,0.91,0.0,5000,1924,1,0.001
COMPLETED,0.91,0.0,5000,3625,1,0.001
COMPLETED,0.91,0.0,5000,1516,1,0.4900210851166035
COMPLETED,0.91,4.0,1222,140,10,0.001
COMPLETED,0.91,0.0,5000,1151,10,0.5358306367091251
COMPLETED,0.91,0.0,1,1264,10,0.999
COMPLETED,0.91,0.0,5000,2066,10,0.001
COMPLETED,0.91,0.0,1,1807,1,0.001
COMPLETED,0.91,0.0,5000,5000,8,0.999
COMPLETED,0.91,0.0,1,927,10,0.999
COMPLETED,0.91,0.0,1,4772,4,0.001
COMPLETED,0.91,0.0,4272,1390,1,0.2568752965793607
COMPLETED,0.91,0.0,1,3888,1,0.001
COMPLETED,0.91,0.0,3980,723,1,0.6191519885348027
COMPLETED,0.91,0.0,3763,4132,1,0.001
COMPLETED,0.91,0.0,3196,568,1,0.5576248864067809
COMPLETED,0.91,0.0,5000,921,1,0.2986352908697636
COMPLETED,0.91,0.0,5000,1008,1,0.9810223013068992
COMPLETED,0.91,0.0,5000,2734,1,0.999
COMPLETED,0.91,0.0,5000,611,1,0.001
COMPLETED,0.91,0.0,1783,1600,1,0.001
COMPLETED,0.91,0.0,5000,1643,1,0.999
COMPLETED,0.91,0.0,5000,4939,10,0.5484420737453188
COMPLETED,0.91,0.0,5000,2360,1,0.999
COMPLETED,0.91,0.0,334,4928,10,0.7489376305829771
COMPLETED,0.91,0.0,1,4538,10,0.001
COMPLETED,0.91,0.0,2866,925,8,0.999
COMPLETED,0.91,0.0,5000,472,10,0.5029959318588164
COMPLETED,0.91,0.0,5000,2823,1,0.999
COMPLETED,0.91,0.0,5000,2328,1,0.001
COMPLETED,0.91,0.0,5000,3316,10,0.999
COMPLETED,0.91,0.0,4552,3449,10,0.4500549629033687
COMPLETED,0.91,0.0,1,560,1,0.999
COMPLETED,0.91,0.0,1,4739,10,0.999
COMPLETED,0.91,0.0,3672,1806,10,0.001
COMPLETED,0.91,0.0,4505,4299,1,0.6679445321553323
COMPLETED,0.91,0.0,1,4684,1,0.001
COMPLETED,0.91,0.0,1,2434,10,0.999
COMPLETED,0.91,0.0,2566,339,10,0.999
COMPLETED,0.91,0.0,1,2762,1,0.001
COMPLETED,0.91,0.0,1,1424,1,0.001
COMPLETED,0.91,0.0,5000,718,10,0.4087531142666947
COMPLETED,0.91,0.0,370,4123,1,0.9291401827857612
COMPLETED,0.91,0.0,2648,637,1,0.5288014175118047
COMPLETED,0.91,0.0,4641,1446,1,0.6015189632567667
COMPLETED,0.91,0.0,3709,2146,1,0.001
COMPLETED,0.91,0.0,1,1040,10,0.999
COMPLETED,0.91,0.0,3349,361,10,0.4145847500536846
COMPLETED,0.91,0.0,4643,1110,10,0.2181051132479588
COMPLETED,0.91,0.0,1,3069,10,0.001
COMPLETED,0.91,0.0,4780,5000,1,0.4894763214443954
COMPLETED,0.91,0.0,4377,2508,10,0.001
COMPLETED,0.91,0.0,5000,468,10,0.999
COMPLETED,0.91,0.0,2734,4860,1,0.999
COMPLETED,0.91,0.0,1,4795,1,0.4414950564323523
COMPLETED,0.91,0.0,5000,275,6,0.001
COMPLETED,0.91,0.0,5000,344,1,0.2517549824025208
COMPLETED,0.91,0.0,4918,1964,1,0.2418347411475131
COMPLETED,0.91,0.0,5000,3082,1,0.999
COMPLETED,0.91,0.0,1,4589,1,0.6533517244865948
COMPLETED,0.91,0.0,4906,1838,1,0.6142441403815754
COMPLETED,0.91,0.0,5000,3334,1,0.001
COMPLETED,0.91,0.0,1497,387,1,0.001
COMPLETED,0.91,0.0,1810,374,1,0.261480778706558
COMPLETED,0.91,0.0,5000,4524,10,0.999
COMPLETED,0.91,0.0,2684,3270,10,0.001
COMPLETED,0.91,1.0,1,53,7,0.001
COMPLETED,0.91,0.0,1,1596,1,0.999
COMPLETED,0.91,0.0,3795,4939,10,0.999
COMPLETED,0.91,0.0,1,415,1,0.001
COMPLETED,0.91,0.0,3815,1839,10,0.6833537093558293
COMPLETED,0.91,0.0,3177,1461,10,0.999
COMPLETED,0.91,3.0,3701,196,1,0.001
COMPLETED,0.91,0.0,2938,2195,10,0.999
COMPLETED,0.91,0.0,4028,2316,1,0.3270327881200689
COMPLETED,0.91,0.0,5000,3539,10,0.7466521194628237
COMPLETED,0.91,0.0,2880,2510,1,0.4476977598847598
COMPLETED,0.91,0.0,93,3415,10,0.999
COMPLETED,0.91,0.0,2778,492,10,0.999
COMPLETED,0.91,0.0,703,1219,10,0.3840734523101229
COMPLETED,0.91,0.0,1,4484,10,0.999
COMPLETED,0.91,0.0,4394,2666,10,0.001
COMPLETED,0.91,0.0,4519,4760,10,0.999
COMPLETED,0.91,1.0,1,34,8,0.999
COMPLETED,0.91,0.0,4971,2394,1,0.4828362787333096
COMPLETED,0.91,0.0,3822,2742,1,0.4491259499105911
COMPLETED,0.91,0.0,5000,4205,1,0.5474767668415098
COMPLETED,0.91,0.0,5000,2144,10,0.5236324607338485
COMPLETED,0.91,0.0,1,2558,10,0.001
COMPLETED,0.91,0.0,2859,1891,10,0.5130609514972657
COMPLETED,0.91,0.0,2827,1640,1,0.999
COMPLETED,0.91,0.0,4546,2602,1,0.5035047032713035
COMPLETED,0.91,0.0,3275,1219,4,0.001
COMPLETED,0.91,0.0,1,2013,10,0.001
COMPLETED,0.91,0.0,3120,2913,10,0.999
COMPLETED,0.91,0.0,2516,4424,1,0.001
COMPLETED,0.91,0.0,2465,4747,1,0.999
COMPLETED,0.91,0.0,2246,2058,1,0.999
COMPLETED,0.91,0.0,5000,1705,1,0.6060475369214219
COMPLETED,0.91,0.0,2164,1865,1,0.999
COMPLETED,0.91,0.0,167,2277,10,0.278041196812315
COMPLETED,0.91,0.0,4529,2078,1,0.5151567937677919
COMPLETED,0.91,0.0,11,2984,1,0.3747651517573145
COMPLETED,0.91,0.0,2423,576,1,0.001
COMPLETED,0.91,0.0,1,3705,10,0.999
COMPLETED,0.91,0.0,1,4308,1,0.999
COMPLETED,0.91,0.0,5000,2658,4,0.4879627645993827
COMPLETED,0.91,0.0,2523,2628,10,0.5402396220362696
COMPLETED,0.91,0.0,1,3168,10,0.999
COMPLETED,0.91,0.0,1436,4336,10,0.1734114282549529
COMPLETED,0.91,0.0,228,1376,10,0.6799194376649313
COMPLETED,0.91,1.0,23,4387,10,0.5799446986467011
COMPLETED,0.91,0.0,5000,3284,1,0.5892679065120178
COMPLETED,0.91,0.0,2850,3143,10,0.001
COMPLETED,0.91,0.0,2687,3827,1,0.5346030968904758
COMPLETED,0.91,0.0,3894,3936,10,0.001
COMPLETED,0.91,0.0,1,2163,1,0.543244981508225
COMPLETED,0.91,0.0,1332,5000,1,0.5374288439180237
COMPLETED,0.91,0.0,5000,3918,1,0.999
COMPLETED,0.91,0.0,3067,2551,10,0.999
COMPLETED,0.91,0.0,2384,643,1,0.999
COMPLETED,0.91,0.0,3010,3525,1,0.001
COMPLETED,0.91,0.0,3063,4496,1,0.001
COMPLETED,0.91,0.0,2260,728,1,0.2819771418837963
COMPLETED,0.91,0.0,1,3134,1,0.6565930889370833
COMPLETED,0.91,0.0,3070,2415,1,0.001
COMPLETED,0.91,0.0,2472,2081,1,0.001
COMPLETED,0.91,0.0,4751,3822,1,0.333528324113763
COMPLETED,0.91,0.0,4912,2473,10,0.6217528498895716
COMPLETED,0.91,0.0,1,997,1,0.001
COMPLETED,0.91,0.0,1,358,1,0.5313421781432743
COMPLETED,0.91,0.0,1,2092,10,0.4542978260901656
COMPLETED,0.91,0.0,3630,3558,10,0.999
COMPLETED,0.91,0.0,5000,3609,10,0.001
COMPLETED,0.91,0.0,2056,3715,1,0.5762270587775635
