Status,ACCURACY,RUNTIME,REQLABELS,recent_samples_size,n_samples,const,max_depth,threshold
COMPLETED,0.7299999999999999,1.0,0.5799999999999998,4717,2859,1.697794358894229,2,0.7941090203523636
COMPLETED,0.7299999999999999,1.0,0.1499999999999999,2363,4184,2.574710616947152,6,0.354815328978002
COMPLETED,0.7299999999999999,2669.0,0.6199999999999999,3356,2235,7.901883540740237,20,0.682781017517671
COMPLETED,0.7299999999999999,12.0,0.19,3109,4840,6.0812089024782185,17,0.5822404158525168
COMPLETED,0.7399999999999999,4526.0,0.3699999999999999,1486,1632,0.6270955489976332,9,0.3800031456146389
COMPLETED,0.7299999999999999,9.0,0.05,437,3510,9.423698937561364,12,0.0192094816770404
COMPLETED,0.75,34.0,0.95,3856,469,4.788490503593349,4,0.9387478381469844
COMPLETED,0.7299999999999999,2.0,0.54,4375,3977,9.031181471888905,8,0.1567341062836349
COMPLETED,0.7299999999999999,51.0,0.2099999999999999,1691,2812,5.533877968938089,5,0.7115189147200435
COMPLETED,0.7399999999999999,11.0,1.0,1922,201,8.604372590164655,1,0.5535406042002141
COMPLETED,0.7299999999999999,12946.0,0.07,1098,4579,2.4027805280052124,19,0.9060501144751906
COMPLETED,0.7299999999999999,1445.0,0.89,4593,1528,7.14159645087924,7,0.1102871486302465
COMPLETED,0.7299999999999999,7.0,0.28,4512,4447,3.8104631872111927,13,0.6363155775535851
COMPLETED,0.7299999999999999,72.0,0.33,1051,1405,9.14629460786097,3,0.3395526172854006
COMPLETED,0.7299999999999999,32.0,0.99,3686,71,5.0275627754423775,10,0.7783214045297354
COMPLETED,0.7299999999999999,323.0,0.33,2664,2622,8.17678979158774,6,0.985822055775672
COMPLETED,0.7299999999999999,1.0,0.0,23,3795,7.335441981770099,3,0.4266286014001816
COMPLETED,0.7299999999999999,4429.0,0.75,4104,1993,1.892199428307824,13,0.5976631433665752
COMPLETED,0.7299999999999999,94.0,0.4799999999999999,3917,3641,6.7891216929191724,19,0.3068525290675461
COMPLETED,0.7399999999999999,178.0,0.44,542,589,1.5010537567269056,7,0.7273908799607307
COMPLETED,0.7299999999999999,8.0,0.08,1289,4963,7.788143707451411,14,0.8733936374466866
COMPLETED,0.7299999999999999,1.0,0.7099999999999999,2867,1765,3.0064167318735278,2,0.1721563579142093
COMPLETED,0.7299999999999999,1.0,0.2,3246,4375,1.1363039419986307,5,0.0638221845496445
COMPLETED,0.7299999999999999,554.0,0.11,925,3039,4.66925222606212,9,0.5065497851520777
COMPLETED,0.7299999999999999,7.0,0.3,4883,4068,5.34660923667159,13,0.9609404989741742
COMPLETED,0.7299999999999999,1.0,0.16,836,2266,0.1353903024755418,3,0.0092248122934252
COMPLETED,0.7399999999999999,837.0,0.97,3198,947,4.137117997854949,6,0.5767409148439764
COMPLETED,0.7299999999999999,5.0,0.3699999999999999,2956,3552,2.189269489308819,10,0.6572378135118633
COMPLETED,0.7299999999999999,1.0,0.04,589,4721,3.2263107710350307,3,0.2267156817987561
COMPLETED,0.7299999999999999,12668.0,0.91,4006,1679,8.486352947418577,13,0.8032029538955539
COMPLETED,0.7299999999999999,4745.0,0.04,93,894,8.094053482558577,9,0.9312632077746092
COMPLETED,0.7299999999999999,4852.0,0.11,1855,4023,1.799317039261572,12,0.543065741367638
COMPLETED,0.7299999999999999,1.0,0.51,2770,2065,6.470999793529511,4,0.496781191965565
COMPLETED,0.7399999999999999,1.0,0.22,3617,4612,9.541880800476296,1,0.2693619634769857
COMPLETED,0.7299999999999999,2.0,0.1199999999999999,945,3290,6.2040919841099536,7,0.8329183009024709
COMPLETED,0.75,657.0,0.98,4442,238,0.8401585173355415,19,0.1307064194306731
COMPLETED,0.7299999999999999,2.0,0.5799999999999998,4659,3159,7.584082673388535,4,0.6236931873299181
COMPLETED,0.75,30.0,0.99,1205,118,2.873311432905495,12,0.4204813002813607
COMPLETED,0.7299999999999999,3.0,0.13,2032,4489,6.589780800155364,10,0.0557283229362219
COMPLETED,0.7299999999999999,370.0,0.4,1623,1883,9.739384368238039,7,0.2113310249634087
COMPLETED,0.7399999999999999,38.0,0.96,4267,705,5.772843736075797,2,0.6413282534759491
COMPLETED,0.7299999999999999,2.0,0.23,3769,4853,0.5634312659380957,8,0.4501942827422171
COMPLETED,0.7299999999999999,1.0,0.1799999999999999,1437,3673,3.9440357771134007,1,0.8841504435837269
COMPLETED,0.7299999999999999,892.0,0.4199999999999999,3405,3085,7.450867927024141,11,0.1776591678000986
COMPLETED,0.7299999999999999,76.0,0.8599999999999999,2449,1126,2.0736987844379615,5,0.8486683210004121
COMPLETED,0.7299999999999999,13.0,0.05,766,4250,8.287781520230695,18,0.7373779659401625
COMPLETED,0.7399999999999999,2526.0,0.5899999999999999,4768,2458,3.7318632503682743,8,0.2846622699648141
COMPLETED,0.7299999999999999,14.0,0.3,4814,4747,8.68820308447629,18,0.0080155012737959
COMPLETED,0.7199999999999999,1969.0,0.1799999999999999,729,1706,3.351273856061511,8,0.9597121526151896
COMPLETED,0.7299999999999999,17.0,0.3099999999999999,2481,3584,7.070584869954736,15,0.5643236592151225
COMPLETED,0.75,6.0,0.99,3364,376,2.474424301973544,1,0.3922954650986939
COMPLETED,0.7299999999999999,1.0,0.3699999999999999,2986,2942,4.324318834182807,5,0.373870458394289
COMPLETED,0.7299999999999999,2.0,0.02,345,4119,0.1630097016924992,8,0.8044158935267478
COMPLETED,0.7399999999999999,49.0,0.3699999999999999,220,285,5.997357399630361,4,0.1001653337161988
COMPLETED,0.7299999999999999,11.0,0.1,1592,4663,4.716863864246757,16,0.4882442902643233
COMPLETED,0.7299999999999999,8289.0,0.63,2545,1465,9.494727653107606,10,0.5345478750057518
COMPLETED,0.7299999999999999,1.0,0.22,3568,4050,6.365571089890786,7,0.6994079663287847
COMPLETED,0.7299999999999999,13.0,0.1499999999999999,1247,2718,7.82843305128161,2,0.1358282659985124
COMPLETED,0.7299999999999999,3738.0,0.54,4395,2558,5.804126908537,9,0.4075730481501668
COMPLETED,0.7299999999999999,1.0,0.25,2041,3878,9.922925491482019,4,0.975515590634197
COMPLETED,0.7299999999999999,3959.0,0.68,3659,1930,4.596867063085549,12,0.054991211021319
COMPLETED,0.7199999999999999,10843.0,0.17,2806,4520,1.4182723482558504,15,0.2120529680922627
COMPLETED,0.7399999999999999,2.0,0.67,1808,1313,6.871271206339822,1,0.7573565472569316
COMPLETED,0.7299999999999999,12069.0,0.02,135,3187,3.0812618491696195,19,0.6542328769955784
COMPLETED,0.7399999999999999,40.0,0.98,4179,144,7.712704838262872,7,0.3272608257345855
COMPLETED,0.7299999999999999,1.0,0.25,4052,4282,3.4698970565460625,3,0.5186612763479352
COMPLETED,0.7299999999999999,2.0,0.17,1369,3111,1.9646008319258688,6,0.084727496901527
COMPLETED,0.7299999999999999,28.0,0.39,3161,3724,9.064128257812,16,0.8533067852016538
COMPLETED,0.7399999999999999,797.0,1.0,2244,526,3.8932277590539304,10,0.1822785966619849
COMPLETED,0.7299999999999999,7.0,0.05,795,4900,5.1030229511605585,13,0.2936865395568311
COMPLETED,0.7299999999999999,2.0,0.91,4915,1848,0.3603652970958501,3,0.746383200192824
COMPLETED,0.7399999999999999,2.0,0.6099999999999999,4962,3459,4.913744448823855,7,0.236875537648797
COMPLETED,0.7199999999999999,1.0,0.14,2334,4793,0.91195000291802,2,0.6761925017703324
COMPLETED,0.7199999999999999,4.0,0.17,2825,4152,8.012497646532019,11,0.3865880327504128
COMPLETED,0.7399999999999999,2.0,0.25,1320,2204,2.76223084634915,5,0.5888138817846775
COMPLETED,0.7399999999999999,6354.0,0.88,3964,1030,1.7251037425175308,9,0.0301686340291053
COMPLETED,0.7299999999999999,1.0,0.25,4072,4548,6.934551971865819,4,0.8119158860128372
COMPLETED,0.7399999999999999,6.0,0.22,1740,3372,8.557538910368457,10,0.2571077444143593
COMPLETED,0.75,41.0,0.99,2701,174,3.15453612208087,16,0.7088297882396727
COMPLETED,0.7199999999999999,1147.0,0.82,2147,802,5.428148832056672,6,0.4777642224561423
COMPLETED,0.7299999999999999,4248.0,0.07,1088,3931,4.211353197115473,13,0.1251437867153435
COMPLETED,0.7299999999999999,2.0,0.79,4466,2139,8.765851826317606,3,0.9209181737639008
COMPLETED,0.7299999999999999,279.0,0.28,1139,1967,7.366405761157163,8,0.6292548627015203
COMPLETED,0.7399999999999999,562.0,0.94,3501,642,8.360640883863903,5,0.1903876121900975
COMPLETED,0.7299999999999999,1.0,0.33,2654,3232,5.308762321422808,1,0.0455679242815822
COMPLETED,0.7099999999999999,114.0,1.0,1659,24,0.4808069558739662,15,0.9962899736836552
COMPLETED,0.7299999999999999,2.0,0.02,286,4395,9.275217131479641,8,0.6047390270046888
COMPLETED,0.7299999999999999,5367.0,0.4799999999999999,3888,2992,9.823824929581953,14,0.7242295543756336
COMPLETED,0.7299999999999999,1.0,0.1499999999999999,396,1200,4.4075864654826,2,0.3036797822788357
COMPLETED,0.7299999999999999,7155.0,0.0899999999999999,1533,4324,5.700000911077485,20,0.1577869687490165
COMPLETED,0.7299999999999999,2.0,0.57,3072,2366,1.026915203780867,6,0.8590128270778805
COMPLETED,0.7299999999999999,2.0,0.2099999999999999,3314,4936,2.955918608347885,9,0.9051532823070884
COMPLETED,0.7299999999999999,1.0,0.08,642,3609,1.2976683203121646,4,0.4624480928424745
COMPLETED,0.75,1893.0,1.0,4764,557,6.66508354222402,12,0.5097262795232236
COMPLETED,0.7299999999999999,1.0,0.5899999999999999,4736,4001,3.1161099914312365,5,0.3983468608241528
COMPLETED,0.7299999999999999,1003.0,0.1199999999999999,651,2042,7.673202448497528,11,0.5693814027905463
COMPLETED,0.7299999999999999,1926.0,0.3,2403,2671,1.4591000265143812,8,0.9536799186356366
COMPLETED,0.7299999999999999,27.0,0.38,3064,3307,9.965097324942239,19,0.2330396639555692
COMPLETED,0.75,77.0,0.99,1561,256,4.55980600305088,7,0.8105015528630464
COMPLETED,0.7299999999999999,10.0,0.0299999999999999,423,4632,5.842513629556634,15,0.6645593069363385
COMPLETED,0.7399999999999999,2.0,0.89,3879,1434,1.1780100396778435,1,0.367796346668154
COMPLETED,0.7299999999999999,9.0,0.53,4298,2912,5.137528400987386,6,0.5367807742208242
COMPLETED,0.7299999999999999,2.0,0.1,1670,4092,9.10529862850532,2,0.0979135106969624
COMPLETED,0.7299999999999999,1247.0,0.22,3490,4699,2.0064299729513007,12,0.8392641811352222
COMPLETED,0.7399999999999999,15.0,0.47,1907,1658,7.225114294217901,4,0.138026901602745
COMPLETED,0.75,10559.0,0.96,4549,325,8.218147236963734,10,0.6971980210561304
COMPLETED,0.75,6.0,0.99,1059,498,5.569993970773184,2,0.968942630328238
COMPLETED,0.7299999999999999,16.0,0.13,2120,4869,4.363019584394992,19,0.616371745955199
COMPLETED,0.7299999999999999,573.0,0.91,3737,1817,8.906571220385842,7,0.414134475717321
COMPLETED,0.7199999999999999,2.0,0.17,2728,4233,7.105118983023801,9,0.3207221290394663
COMPLETED,0.7299999999999999,1.0,0.01,56,3064,8.729344903674908,5,0.7638760970775038
COMPLETED,0.7299999999999999,11.0,0.25,3974,4472,7.870557149920613,16,0.8778045113012195
COMPLETED,0.7199999999999999,11690.0,0.1199999999999999,474,1264,2.6117843696391208,10,0.0820415454562753
COMPLETED,0.7299999999999999,1554.0,0.16,1291,3136,6.404005433984102,13,0.4428966429773718
COMPLETED,0.7399999999999999,12.0,0.99,2837,93,1.5734564268169924,3,0.5213585225902497
COMPLETED,0.7299999999999999,1.0,0.6,3239,2528,4.75166438343469,3,0.7436629851367323
COMPLETED,0.7299999999999999,1.0,0.11,873,3850,0.7511863979669288,6,0.1850177206508815
COMPLETED,0.7299999999999999,5314.0,0.6,4883,2790,9.235381156703456,11,0.3465192782282829
COMPLETED,0.7399999999999999,229.0,0.4,805,832,4.0534573784181855,5,0.6735103648286312
COMPLETED,0.7199999999999999,9288.0,0.14,2256,3959,5.272922438429669,17,0.7848611422199756
COMPLETED,0.7299999999999999,8397.0,0.39,3131,2166,0.521758804266341,9,0.2395765983946621
COMPLETED,0.7299999999999999,1.0,0.1799999999999999,2904,4596,3.6222309677144513,7,0.0274446193408221
COMPLETED,0.7299999999999999,1.0,0.07,584,3423,2.1155813314719127,1,0.5915492061413825
COMPLETED,0.75,358.0,0.98,4042,225,7.404916242569686,15,0.388337319092825
COMPLETED,0.7199999999999999,1.0,0.0299999999999999,142,2253,6.700151808501222,6,0.2505309696048498
COMPLETED,0.7299999999999999,31.0,0.8399999999999999,2779,1077,7.542671849940904,2,0.8184734990764408
COMPLETED,0.7299999999999999,1.0,0.45,3649,3488,5.6628735288819305,3,0.9143832767009736
COMPLETED,0.7299999999999999,3.0,0.0599999999999999,1010,4824,9.780393794546836,10,0.484287571908906
COMPLETED,0.7299999999999999,1.0,0.2899999999999999,4639,4984,6.5075307139549405,1,0.1926243259087205
COMPLETED,0.7299999999999999,3.0,0.2399999999999999,1954,3660,7.969037922753021,8,0.6270068541858345
COMPLETED,0.7399999999999999,4616.0,0.39,1581,1230,6.1679624608233565,8,0.6069338629767299
COMPLETED,0.7299999999999999,4.0,0.01,209,4352,4.877608341745102,11,0.9950698660574852
COMPLETED,0.7299999999999999,2.0,0.79,4250,2393,9.666495559129864,5,0.0433541793767362
COMPLETED,0.7299999999999999,5.0,0.47,3810,3261,4.173910556504503,10,0.8650604082997888
COMPLETED,0.7399999999999999,107.0,1.0,317,53,8.8079472244652,16,0.162848526827991
COMPLETED,0.7299999999999999,1.0,0.0899999999999999,1455,4426,0.0113241497110575,4,0.2976437337957322
COMPLETED,0.7299999999999999,15.0,0.4199999999999999,3392,3818,8.517655238020234,14,0.514822101213038
COMPLETED,0.7199999999999999,1.0,0.6099999999999999,2473,2016,3.18930812702328,2,0.4685375518109649
COMPLETED,0.7399999999999999,1660.0,0.96,4842,689,2.3135463234223423,7,0.8990829702131449
COMPLETED,0.7399999999999999,20.0,0.5899999999999999,4796,3391,7.29918239366729,16,0.684465710112825
COMPLETED,0.75,70.0,0.98,756,193,1.932960393289104,10,0.3574936588518321
COMPLETED,0.7199999999999999,5.0,0.1499999999999999,2442,4569,8.137373261176979,12,0.2461462572589516
COMPLETED,0.7299999999999999,23.0,0.95,3434,1518,3.590037108732388,4,0.7914498364236205
COMPLETED,0.7299999999999999,1.0,0.38,3030,3907,0.3916061265543103,2,0.9413842902742326
COMPLETED,0.7299999999999999,2433.0,0.26,1408,2115,5.065882708686405,14,0.0208599106613546
COMPLETED,0.7299999999999999,184.0,0.04,359,2744,3.7734879120327527,6,0.3773782262261957
COMPLETED,0.7299999999999999,11.0,0.27,4296,4773,4.633259044078179,15,0.2654028359614312
COMPLETED,0.7099999999999999,1.0,0.05,172,1565,9.891012686857952,1,0.7180994965974241
COMPLETED,0.7299999999999999,7415.0,0.92,2535,400,5.923309209866449,8,0.1501346154734492
COMPLETED,0.7299999999999999,1714.0,0.44,3542,2847,7.744827132262291,9,0.1169096082542091
COMPLETED,0.7199999999999999,1.0,0.07,1176,4174,6.751880011621863,5,0.5469068497791886
COMPLETED,0.7299999999999999,2.0,0.27,4434,4305,9.380430097193456,6,0.7761722533721476
COMPLETED,0.7299999999999999,1.0,0.26,2101,2971,6.043919598107227,3,0.3416902208328246
COMPLETED,0.7299999999999999,12709.0,0.17,2742,3633,2.5387650580368937,13,0.5964657666124403
COMPLETED,0.7399999999999999,34.0,0.97,1864,581,7.942939500584269,3,0.4244375724960118
COMPLETED,0.7299999999999999,8380.0,0.01,101,4952,1.6580636409819125,16,0.0362972715925425
COMPLETED,0.7399999999999999,5146.0,0.94,4182,1754,6.318799402038567,10,0.987993922933936
COMPLETED,0.7299999999999999,2.0,0.7399999999999999,3995,2610,2.359168995202519,4,0.1660212141312658
COMPLETED,0.7299999999999999,3.0,0.17,1367,3786,3.397563688551076,9,0.7335373334120959
COMPLETED,0.7299999999999999,4159.0,0.55,2945,1984,8.646582548158241,17,0.3120129445046186
COMPLETED,0.7299999999999999,5315.0,0.2,3168,4380,5.497589717593045,19,0.4541529343742877
COMPLETED,0.7199999999999999,695.0,0.68,2210,1338,0.2778648032983765,7,0.5004565191157162
COMPLETED,0.7299999999999999,17.0,0.1,847,3209,8.991793492972851,15,0.8959064163565635
COMPLETED,0.7299999999999999,195.0,0.0,4852,2,4.278428610871545,1,0.0699343743901699
COMPLETED,0.7299999999999999,747.0,0.3099999999999999,4961,4678,0.9956799244498834,10,0.5706095706932247
COMPLETED,0.7299999999999999,1.0,0.28,2276,3359,4.5273117480753,4,0.015375065376982
COMPLETED,0.75,3976.0,0.98,3276,307,9.699462534107267,12,0.9660971147790552
COMPLETED,0.7299999999999999,12095.0,0.3599999999999999,2879,2698,6.628358069343493,13,0.7980690689627081
COMPLETED,0.7399999999999999,44.0,0.6199999999999999,1259,906,1.3292668536240235,3,0.2206186012588441
COMPLETED,0.7199999999999999,4267.0,0.0299999999999999,511,4032,7.626063623437659,20,0.3665718073770403
COMPLETED,0.7299999999999999,2.0,0.7299999999999999,3928,2074,2.8358306677611544,6,0.6633461888488382
COMPLETED,0.7399999999999999,1.0,0.51,4132,3560,8.328456197491846,1,0.4946282411757856
COMPLETED,0.7299999999999999,2.0,0.11,1777,4731,7.4858694055257375,7,0.9333970116898416
COMPLETED,0.7299999999999999,8378.0,0.23,3695,4138,3.982269161893055,17,0.1295052281729877
COMPLETED,0.7299999999999999,4.0,0.4,2151,2336,9.307153589331545,9,0.8307310865018516
COMPLETED,0.7299999999999999,9713.0,0.13,1023,2963,0.6057561003956943,11,0.6920874172355979
COMPLETED,0.7399999999999999,345.0,0.99,4520,1015,5.189547501561233,5,0.2715376451388001
COMPLETED,0.7299999999999999,843.0,0.35,1127,1138,8.442959936916829,6,0.0623127044457942
COMPLETED,0.7399999999999999,7848.0,0.1199999999999999,1953,4259,2.23154662619438,14,0.4148716471176594
COMPLETED,0.7299999999999999,1.0,0.64,3454,2467,6.98138597759232,2,0.6170974961519241
COMPLETED,0.7299999999999999,1.0,0.16,2581,4920,8.880181975262238,4,0.6479468985963612
COMPLETED,0.7299999999999999,5716.0,0.4199999999999999,1701,1869,4.101048678551801,12,0.3200002453960478
COMPLETED,0.7199999999999999,4.0,0.0299999999999999,262,3742,5.381563054850326,9,0.2046934560388326
COMPLETED,0.7299999999999999,9.0,0.4799999999999999,3847,3902,6.242640627305024,11,0.0910505867768078
COMPLETED,0.7299999999999999,1.0,0.11,464,1953,0.7971093912422657,5,0.8868249738253652
COMPLETED,0.7399999999999999,6770.0,0.8399999999999999,3101,773,4.959629047509283,8,0.4475313001107424
COMPLETED,0.7299999999999999,3.0,0.41,3327,3167,1.8403070121873168,8,0.2873025365956127
COMPLETED,0.75,15.0,1.0,2371,126,6.435274358634838,18,0.7390245804209262
COMPLETED,0.7299999999999999,1.0,0.04,688,4499,2.7159829936828466,1,0.8460472161155193
COMPLETED,0.7299999999999999,1.0,0.2899999999999999,4702,4509,5.709327695431188,6,0.3700975054204463
COMPLETED,0.7299999999999999,1.0,0.2899999999999999,2379,3177,9.714411988710983,3,0.808446775348857
COMPLETED,0.7399999999999999,73.0,0.99,3340,135,4.497091359839775,13,0.23195593412593
COMPLETED,0.7399999999999999,188.0,0.8399999999999999,1507,763,6.614637539610268,4,0.9557039347440004
COMPLETED,0.7399999999999999,1210.0,0.95,3835,1944,7.647711932908744,10,0.3960762106645852
COMPLETED,0.7399999999999999,2.0,0.54,4352,3732,3.688215027125552,5,0.695627637160942
COMPLETED,0.7399999999999999,1645.0,0.2399999999999999,273,534,8.351354924608954,11,0.274118714466691
COMPLETED,0.7299999999999999,3.0,0.11,1714,4911,2.069128226524219,9,0.1398379710055887
COMPLETED,0.7299999999999999,13232.0,0.64,2589,1858,7.475783240810968,17,0.8420534216035157
COMPLETED,0.7299999999999999,17.0,0.2099999999999999,3446,4269,9.325775477613325,19,0.9221201160252092
COMPLETED,0.7299999999999999,98.0,0.3599999999999999,1941,2477,3.948414408639073,7,0.0961330837290734
COMPLETED,0.7299999999999999,4676.0,0.14,1115,3106,5.16299775904324,15,0.4920321740824729
COMPLETED,0.7399999999999999,4.0,1.0,4574,1148,0.607268994372338,1,0.538320292610675
COMPLETED,0.7299999999999999,11423.0,0.56,4527,2953,8.471354854701087,17,0.2160769496038556
COMPLETED,0.7299999999999999,7242.0,0.32,1035,1005,3.2600227016294374,9,0.7613650625552982
COMPLETED,0.7299999999999999,5.0,0.13,2163,4128,6.964590192997829,12,0.6504668243322521
COMPLETED,0.7399999999999999,2.0,0.69,3703,2327,2.2623642304958778,4,0.3234797827415168
COMPLETED,0.7299999999999999,1.0,0.17,2684,4741,4.064138896740042,2,0.4113466554637998
COMPLETED,0.7299999999999999,1.0,0.0,3,3570,0.1015651530055329,6,0.9714840544722974
COMPLETED,0.7299999999999999,1.0,0.1,518,2084,6.219147142567673,1,0.1863106681928038
COMPLETED,0.7399999999999999,2715.0,0.95,2891,916,9.595784765315242,8,0.7426109610442072
COMPLETED,0.7299999999999999,2.0,0.4,3264,3349,6.417287755078637,8,0.5224408322051167
COMPLETED,0.7399999999999999,8285.0,0.96,2269,298,1.8723535041101276,18,0.4449499854054301
COMPLETED,0.7299999999999999,1.0,0.0599999999999999,907,4669,8.078808818909339,5,0.080718565205112
COMPLETED,0.7399999999999999,12466.0,0.91,4949,1470,2.715064857326448,11,0.8755028692297637
COMPLETED,0.7099999999999999,96.0,1.0,859,11,7.271426373778843,6,0.592601527661085
COMPLETED,0.7299999999999999,3337.0,0.14,2222,4390,3.559820259168744,14,0.9456859237737952
COMPLETED,0.7299999999999999,20.0,0.8699999999999999,3175,1348,8.152309566820971,2,0.0261516123134642
COMPLETED,0.7299999999999999,2.0,0.3599999999999999,2938,3776,5.052158640281298,4,0.2409004709273576
COMPLETED,0.7299999999999999,6283.0,0.08,608,2601,9.210196996976622,10,0.672427400873974
COMPLETED,0.7299999999999999,4.0,0.26,4194,4943,9.913905416857453,11,0.5599951884895563
COMPLETED,0.7299999999999999,182.0,0.0299999999999999,108,1744,4.625647975473665,5,0.4815297397505491
COMPLETED,0.7299999999999999,28.0,0.23,1872,3623,5.913236119613052,17,0.1211358067858964
COMPLETED,0.7399999999999999,541.0,0.94,2754,572,1.131701070423238,9,0.9168947276212274
COMPLETED,0.7299999999999999,471.0,0.45,3596,2980,3.01121152983699,8,0.815931539563462
COMPLETED,0.7299999999999999,1.0,0.0599999999999999,966,4315,1.5444685021238402,1,0.2533195631690323
COMPLETED,0.7299999999999999,3.0,0.2899999999999999,4683,4164,4.822539893113078,10,0.0415437643136829
COMPLETED,0.7299999999999999,2558.0,0.22,1183,2216,9.408811866017988,16,0.9922808040454985
COMPLETED,0.7299999999999999,1.0,0.25,2008,2838,0.6998411722667515,3,0.6085033545903861
COMPLETED,0.7299999999999999,12.0,0.3099999999999999,2522,3451,7.956078347158619,13,0.3287084800228476
COMPLETED,0.75,130.0,0.97,1605,409,2.501849353605881,3,0.6254673952814191
COMPLETED,0.7299999999999999,16.0,0.01,164,4783,6.298953356781044,20,0.7718699134830385
COMPLETED,0.7399999999999999,134.0,0.81,4285,1575,1.66385814168863,6,0.1944044554494321
COMPLETED,0.7299999999999999,1.0,0.47,3785,2753,7.156464599840343,1,0.9011369744166732
COMPLETED,0.7299999999999999,2.0,0.1799999999999999,1421,3917,8.658470977086575,7,0.4662369284275919
COMPLETED,0.7299999999999999,4994.0,0.6,2429,1508,5.479587655628101,9,0.2999139675572514
COMPLETED,0.7299999999999999,10.0,0.0899999999999999,744,3381,4.277497400053777,12,0.161795721989125
COMPLETED,0.7399999999999999,15.0,1.0,4789,183,9.016502828119325,4,0.8630365706477314
COMPLETED,0.7399999999999999,9.0,0.4799999999999999,712,699,9.241163104437293,1,0.3759951656851917
COMPLETED,0.7299999999999999,81.0,0.63,3381,2026,5.236012060631066,7,0.9425283457711338
COMPLETED,0.7299999999999999,2.0,0.19,3006,4417,8.433506747478619,9,0.790335828507319
COMPLETED,0.7199999999999999,1.0,0.04,325,3251,7.400346532074734,5,0.3588464487418532
COMPLETED,0.7299999999999999,63.0,1.0,3822,43,2.143975653269328,12,0.6867966710682957
COMPLETED,0.7299999999999999,11.0,0.26,4243,4342,6.699233076157981,16,0.4710617028716951
COMPLETED,0.7299999999999999,9486.0,0.02,196,2384,1.2828050696179267,10,0.5495081162713467
COMPLETED,0.7299999999999999,4311.0,0.19,1569,3013,7.574718937850559,13,0.9098377603515982
COMPLETED,0.7299999999999999,2.0,0.91,2569,1220,2.901825119692832,3,0.1140598041769117
COMPLETED,0.7199999999999999,1.0,0.44,3586,3670,1.0812005815748125,2,0.1529540150575339
COMPLETED,0.7299999999999999,1.0,0.08,1230,4994,4.422260173736141,6,0.7155283817853778
COMPLETED,0.7299999999999999,1.0,0.27,4380,4815,1.78911445224192,5,0.9895954251475632
COMPLETED,0.7299999999999999,9545.0,0.25,997,1607,6.501115790944547,11,0.038869806619361
COMPLETED,0.7299999999999999,2.0,0.25,2056,3478,2.786706172849052,8,0.422597303180024
COMPLETED,0.7399999999999999,3318.0,0.57,1830,1087,0.8873590735951438,8,0.3435613705255091
COMPLETED,0.7299999999999999,9.0,0.01,155,4211,9.669259466739371,15,0.1970937009006738
COMPLETED,0.7299999999999999,2.0,0.77,4157,2263,4.849846995224246,1,0.7745401235949247
COMPLETED,0.7399999999999999,2.0,0.5,4030,3433,8.809460714428685,7,0.067601978348568
COMPLETED,0.7399999999999999,314.0,0.99,576,234,4.147361409973354,19,0.8945522062517702
COMPLETED,0.7399999999999999,1.0,0.0899999999999999,1391,4606,5.432756341154688,2,0.5025406155139208
COMPLETED,0.7299999999999999,3800.0,0.19,3143,3948,3.179222558295354,12,0.3108693723268806
COMPLETED,0.7199999999999999,1.0,0.4199999999999999,2263,2157,8.552739512131549,4,0.7314227135498077
COMPLETED,0.7299999999999999,1.0,0.2399999999999999,3954,4303,4.717993436248042,2,0.6137405889611691
COMPLETED,0.75,10886.0,0.97,3370,301,7.441986251719298,16,0.7792421721499412
COMPLETED,0.7299999999999999,381.0,0.04,294,3119,0.5213188262917101,8,0.2358015941027551
COMPLETED,0.7399999999999999,1119.0,0.47,1091,804,2.6755534998215738,6,0.0765890249293297
COMPLETED,0.7299999999999999,29.0,0.3599999999999999,2897,3630,9.674394731499255,19,0.9092202671412378
COMPLETED,0.7299999999999999,2.0,0.78,4741,2089,1.95142698043678,5,0.6966956851426512
COMPLETED,0.7299999999999999,7.0,0.1,1587,4888,5.088349755083211,13,0.2892354033570736
COMPLETED,0.7399999999999999,334.0,0.55,4427,2774,5.876879292531871,7,0.4756874474138021
COMPLETED,0.7299999999999999,5523.0,0.64,2584,1820,3.134001125345007,11,0.1386546439677476
COMPLETED,0.7299999999999999,1.0,0.1,778,4023,8.902420963568611,4,0.8463016176633535
COMPLETED,0.7299999999999999,1.0,0.11,608,2410,6.672366035832093,1,0.9660730194598436
COMPLETED,0.7299999999999999,10117.0,0.23,3684,4602,0.9819686232004315,14,0.0481177163533866
COMPLETED,0.7399999999999999,8286.0,0.8499999999999999,4268,1108,8.725099521770142,10,0.3386110186092555
COMPLETED,0.7199999999999999,3290.0,0.2899999999999999,2383,3291,4.240636191169732,17,0.675457861289382
COMPLETED,0.7199999999999999,433.0,0.9,2278,941,6.193947468558327,5,0.193384477276355
COMPLETED,0.7299999999999999,4729.0,0.52,4201,3143,1.7730514241587367,12,0.791449935875833
COMPLETED,0.7299999999999999,2.0,0.65,3476,2262,9.183434002916329,6,0.5635724306628108
COMPLETED,0.7299999999999999,8898.0,0.02,361,4434,3.468722040547989,18,0.4213838384039699
COMPLETED,0.7199999999999999,3.0,0.33,2679,3858,6.3364242229564125,9,0.7459642135985196
COMPLETED,0.7299999999999999,46.0,0.1799999999999999,1490,2629,8.423896906623616,3,0.1179541697129607
COMPLETED,0.7399999999999999,1105.0,0.45,1804,1922,4.384456039167941,9,0.8341558080185205
COMPLETED,0.7299999999999999,14.0,0.3099999999999999,4998,4740,7.65314263952151,18,0.1810097472276538
COMPLETED,0.7399999999999999,3.0,0.98,2993,656,0.222596354519017,1,0.4556685321833938
COMPLETED,0.7299999999999999,14.0,0.14,1147,3463,7.128614497841337,14,0.5593752266336232
COMPLETED,0.7299999999999999,29.0,0.1499999999999999,48,156,9.97433754220698,12,0.6262492049243301
COMPLETED,0.7299999999999999,1.0,0.39,3163,2954,2.9901455926345664,3,0.359560079710558
COMPLETED,0.7299999999999999,1.0,0.1199999999999999,1964,4157,2.230040781624615,7,0.9792402851190418
COMPLETED,0.75,14.0,1.0,1935,206,3.407873031714,3,0.3051080842819064
COMPLETED,0.7299999999999999,5029.0,0.47,3761,3014,8.942036665332502,14,0.7089648424852639
COMPLETED,0.7299999999999999,6538.0,0.76,3251,1434,1.35579271010682,9,0.9330648143459112
COMPLETED,0.7199999999999999,358.0,0.01,116,4252,5.684022261694073,16,0.081129968335852
COMPLETED,0.7299999999999999,2495.0,0.22,1196,2171,8.450474288031458,18,0.2342453844714909
COMPLETED,0.7299999999999999,1.0,0.19,3101,4997,4.200457877825945,7,0.750707309892401
COMPLETED,0.7299999999999999,2.0,0.22,1795,3677,1.175578981407918,5,0.3804964992273598
COMPLETED,0.7299999999999999,810.0,0.3699999999999999,1480,1735,7.2484900436168545,7,0.6673820553645491
COMPLETED,0.7399999999999999,22.0,0.95,2787,531,7.973193515514955,3,0.0476637941487133
COMPLETED,0.7299999999999999,6628.0,0.11,882,2734,4.992504519881681,11,0.9381414510533213
COMPLETED,0.7299999999999999,2.0,0.44,3564,3391,5.20314709252678,1,0.1437988812252879
COMPLETED,0.7299999999999999,3.0,0.14,2248,4658,9.400408116287553,10,0.5222785577960312
COMPLETED,0.7299999999999999,1.0,0.27,4336,4510,6.932039701076225,4,0.883837923835963
COMPLETED,0.7399999999999999,102.0,0.99,3641,118,5.611172554910184,20,0.281934037387371
COMPLETED,0.7299999999999999,1.0,0.01,59,3539,0.2554692287612706,7,0.5943605370838195
COMPLETED,0.7299999999999999,3876.0,0.39,1591,1967,8.039221780387683,15,0.7700464227776974
COMPLETED,0.7299999999999999,1.0,0.28,4570,4211,2.693270857009105,3,0.0843508527837693
COMPLETED,0.7299999999999999,59.0,0.92,4282,1783,2.3190244203014294,4,0.2425260331407189
COMPLETED,0.7299999999999999,5.0,0.1199999999999999,1946,4539,6.972000134667383,11,0.9280977507401256
COMPLETED,0.7299999999999999,2945.0,0.2899999999999999,942,1132,4.7354641107562925,8,0.6895818051826209
COMPLETED,0.7299999999999999,1856.0,0.56,3018,2192,4.027169916672633,13,0.5360539142489433
COMPLETED,0.7299999999999999,1.0,0.08,682,3811,9.305155897307207,5,0.3483839821163565
COMPLETED,0.7299999999999999,5.0,0.4899999999999999,3944,3158,6.733095716925337,10,0.8286687924452126
COMPLETED,0.75,200.0,0.92,4906,888,8.278813743451611,6,0.9867564028054476
COMPLETED,0.7199999999999999,1.0,0.1,316,1559,5.684163855130785,1,0.4437004194762557
COMPLETED,0.7299999999999999,7061.0,0.2,3295,4940,0.963077665483579,14,0.6312469899691641
COMPLETED,0.7299999999999999,6285.0,0.7399999999999999,3255,1346,8.910005566632375,9,0.12209218294546
COMPLETED,0.7199999999999999,13.0,0.04,587,4840,4.266739073927515,17,0.8086405510138719
COMPLETED,0.7399999999999999,346.0,0.65,1516,749,6.503327544680797,4,0.5715542598236351
COMPLETED,0.7399999999999999,6306.0,0.5899999999999999,4787,2919,1.850286290386692,11,0.2602242142632603
COMPLETED,0.75,3673.0,0.99,3902,502,3.161929441304877,14,0.4178227390907705
COMPLETED,0.7199999999999999,1.0,0.3099999999999999,2488,3331,8.50796497619059,2,0.7292761611621826
COMPLETED,0.7299999999999999,2.0,0.3599999999999999,2898,3911,6.079930976314471,7,0.2177743441984057
COMPLETED,0.7299999999999999,2.0,0.98,2628,993,0.4944095453983173,1,0.8669469191767275
COMPLETED,0.7199999999999999,170.0,0.53,2140,1570,3.079287037452683,6,0.3263581537697464
COMPLETED,0.7299999999999999,15.0,0.26,4162,4439,7.810083640734666,19,0.5129316652268171
COMPLETED,0.7299999999999999,2339.0,0.82,4529,2179,7.201743256839924,17,0.6706177600510417
COMPLETED,0.7299999999999999,299.0,0.1199999999999999,1861,4311,1.933614302603528,10,0.4839239578898996
COMPLETED,0.7399999999999999,769.0,0.47,251,257,9.773818951504303,12,0.1513492885474115
COMPLETED,0.7299999999999999,1.0,0.44,3522,3712,4.495917582376861,5,0.9627775486409664
COMPLETED,0.7299999999999999,783.0,0.8499999999999999,3451,1926,1.355765629954636,8,0.400162021709606
COMPLETED,0.7299999999999999,5845.0,0.01,161,4096,6.7017047267192975,20,0.7116073481850325
COMPLETED,0.7099999999999999,1159.0,1.0,1790,3,3.7801414998369287,2,0.917969292975962
COMPLETED,0.7399999999999999,18.0,0.55,4439,3497,9.135856512915343,15,0.2312930330801755
COMPLETED,0.7199999999999999,1.0,0.25,2060,2754,1.229560899463482,3,0.763690765555948
COMPLETED,0.7299999999999999,12904.0,0.2899999999999999,1152,1825,8.290438848630524,16,0.6201588880643248
COMPLETED,0.7299999999999999,2.0,0.16,2547,4654,3.637455889299512,9,0.3088369306642562
COMPLETED,0.7399999999999999,904.0,0.99,2827,403,7.89471800023783,5,0.653200687577948
COMPLETED,0.7299999999999999,1258.0,0.1,785,3272,2.626494917329401,12,0.4664988046921789
COMPLETED,0.7299999999999999,7.0,0.45,2417,2307,5.331200062029064,10,0.1651197142153978
COMPLETED,0.7299999999999999,1.0,0.0899999999999999,1435,4898,9.678113465905188,6,0.0109363709278404
COMPLETED,0.7299999999999999,1.0,0.39,3174,2978,7.096891794395634,1,0.5617880414072423
COMPLETED,0.7099999999999999,1441.0,0.05,407,2878,7.509292424131186,9,0.879493124358356
COMPLETED,0.7299999999999999,2.0,0.3099999999999999,4996,4725,5.091630997897126,4,0.4222334605138748
COMPLETED,0.7299999999999999,2.0,0.7399999999999999,4006,2446,9.91706938994769,2,0.2684153503645211
COMPLETED,0.7199999999999999,6131.0,0.14,2297,4026,4.561267306916417,15,0.5808337581828236
COMPLETED,0.7399999999999999,1804.0,0.46,743,616,7.482930659588427,7,0.7877152301780879
COMPLETED,0.7299999999999999,1.0,0.0599999999999999,1032,4481,1.5849038627306,1,0.1275762772262096
COMPLETED,0.7299999999999999,275.0,0.54,4373,2653,4.175883626822383,6,0.6759612056668847
COMPLETED,0.7399999999999999,287.0,0.97,4631,216,0.8344237177483737,10,0.522291578600183
COMPLETED,0.7299999999999999,24.0,0.2099999999999999,1671,3597,6.112317879159935,17,0.3346135434359311
COMPLETED,0.7299999999999999,1.0,0.02,120,2065,3.4077128602499145,5,0.0356423006989061
COMPLETED,0.7299999999999999,6.0,0.23,3722,4270,8.675848873205483,12,0.8460858556237071
COMPLETED,0.7299999999999999,2.0,0.91,3675,1844,3.4512885314067825,2,0.7058088454939425
COMPLETED,0.7299999999999999,8.0,0.01,89,4639,8.182445874350146,14,0.3944792702402919
COMPLETED,0.7399999999999999,3.0,0.63,1701,1190,1.0250848071258511,6,0.2256456233952194
COMPLETED,0.7299999999999999,53.0,1.0,4322,61,9.245146056572906,17,0.7541068774349987
COMPLETED,0.7399999999999999,4.0,0.25,1990,3443,3.9674528544750074,9,0.0674382279571145
COMPLETED,0.7299999999999999,4608.0,0.26,1061,1908,6.82686180546321,13,0.2991628626231104
COMPLETED,0.7199999999999999,1.0,0.17,2790,4113,1.5589445569282396,5,0.6106157995164394
COMPLETED,0.7399999999999999,5408.0,0.81,3047,790,6.909504134817049,8,0.4606089249365031
COMPLETED,0.7299999999999999,45.0,0.7199999999999999,2326,1463,9.474858271240256,4,0.9704965451229364
COMPLETED,0.7299999999999999,6.0,0.25,4055,4883,4.831953710170463,12,0.1591926040127873
COMPLETED,0.7299999999999999,1.0,0.17,1363,3868,5.517291152230465,3,0.8124452469032257
COMPLETED,0.7299999999999999,2.0,0.4199999999999999,3414,3218,8.099117787634954,7,0.3652674107477069
COMPLETED,0.75,1034.0,0.99,3143,562,2.0276937312241645,12,0.8891902727484702
COMPLETED,0.7299999999999999,1.0,0.0599999999999999,479,3430,7.295523947055453,5,0.2034942361656576
COMPLETED,0.7299999999999999,5.0,0.5899999999999999,4755,4008,9.713795105079187,10,0.7442050656862556
COMPLETED,0.7399999999999999,415.0,0.88,3784,1289,5.277741141052918,6,0.5865190006047487
COMPLETED,0.7399999999999999,3.0,0.57,835,690,7.713711301731877,1,0.1077874739672988
COMPLETED,0.7299999999999999,4174.0,0.47,2520,2081,8.567874989128672,20,0.1373648026809096
COMPLETED,0.7299999999999999,1.0,0.07,1102,4252,3.2215264121536165,8,0.9478159754592924
COMPLETED,0.7299999999999999,27.0,0.98,2109,162,5.986035260638222,15,0.6859027276616543
COMPLETED,0.7299999999999999,1.0,0.51,4130,3655,0.6299285724563524,2,0.4982323103509843
COMPLETED,0.7399999999999999,47.0,0.8699999999999999,4408,1090,4.363214071664029,3,0.3406338152661919
COMPLETED,0.7299999999999999,8250.0,0.22,1743,2597,9.006186593858525,11,0.5281808560658247
COMPLETED,0.7199999999999999,3834.0,0.05,209,1670,1.788101842658594,9,0.8520140439998358
COMPLETED,0.7299999999999999,11.0,0.22,3481,4500,6.440826478942298,16,0.0416826711706817
COMPLETED,0.7299999999999999,1.0,0.0299999999999999,280,2695,4.862986381911673,1,0.2918815934360027
COMPLETED,0.7399999999999999,1.0,0.28,4479,4597,2.4257967949025327,7,0.7798405026849358
COMPLETED,0.7299999999999999,1259.0,0.76,4211,2023,2.5644520164765416,10,0.934147676059976
COMPLETED,0.7299999999999999,13.0,0.13,2170,4154,7.832381128874608,18,0.2484444882124662
COMPLETED,0.7399999999999999,14.0,0.99,1182,103,0.1498414468923583,4,0.3831739414669573
COMPLETED,0.7299999999999999,10.0,0.32,2581,3558,5.427522636130453,12,0.695592819591984
COMPLETED,0.7299999999999999,2.0,0.0599999999999999,905,4997,5.8129063907228415,9,0.5456055389568208
COMPLETED,0.7299999999999999,10484.0,0.93,2457,905,3.731694148413837,11,0.8382440849207342
COMPLETED,0.7299999999999999,1.0,0.4799999999999999,3855,3075,8.384365257629193,3,0.0279198559205979
COMPLETED,0.75,81.0,0.98,4836,347,6.60549717807863,2,0.1820785462129861
COMPLETED,0.7299999999999999,3.0,0.1,559,2248,9.1983072177656,8,0.637053969334811
COMPLETED,0.7299999999999999,2.0,0.6199999999999999,3324,2347,6.208654458952137,5,0.802719114234671
COMPLETED,0.7299999999999999,11115.0,0.02,366,3966,0.9310578439719976,13,0.1160433357991278
COMPLETED,0.7399999999999999,1090.0,1.0,1273,520,8.613497400164604,10,0.2542125975638627
COMPLETED,0.7299999999999999,1.0,0.28,2265,2936,6.37574805878848,6,0.4080055788345635
COMPLETED,0.7299999999999999,1.0,0.1799999999999999,2987,4785,8.803175977294332,1,0.8945332685057072
COMPLETED,0.7399999999999999,136.0,0.97,2700,276,4.623420763328672,7,0.0498733499776572
COMPLETED,0.7299999999999999,30.0,0.1199999999999999,990,3696,9.979534696475604,20,0.8612939996533095
COMPLETED,0.7299999999999999,2.0,0.35,1899,2123,2.0403676242502407,3,0.5072550779357553
COMPLETED,0.7299999999999999,10.0,0.26,4251,4367,7.386709105256946,15,0.3205536653567105
COMPLETED,0.7299999999999999,1.0,0.1,1640,4385,2.950487287123688,4,0.6609528750739991
COMPLETED,0.7299999999999999,2767.0,0.45,3614,2555,0.3888008164837956,8,0.1417750593740493
COMPLETED,0.7299999999999999,5.0,0.0,25,3846,3.0222417470235374,10,0.2205009892582893
COMPLETED,0.7299999999999999,2.0,0.57,4577,3250,0.5954151978669688,5,0.7070284409876912
COMPLETED,0.75,4.0,0.93,4229,831,4.395517825032584,1,0.6152201274428517
COMPLETED,0.7299999999999999,468.0,0.3099999999999999,1007,1412,1.9900544428918507,6,0.0667133728303015
COMPLETED,0.7299999999999999,14.0,0.17,2717,4905,7.336329117498361,18,0.7533898650910705
COMPLETED,0.7299999999999999,205.0,1.0,3004,39,1.751111509500071,15,0.1619017185289412
COMPLETED,0.7299999999999999,1.0,0.08,652,3494,6.482279561582022,3,0.9731982853040098
COMPLETED,0.7299999999999999,1.0,0.2399999999999999,3952,4071,9.043365854846314,7,0.454020231662318
COMPLETED,0.7399999999999999,1149.0,0.97,4856,1812,5.945955406183376,8,0.3621167339850216
COMPLETED,0.7299999999999999,1.0,0.14,383,1212,8.529627794216385,4,0.8194982240013778
COMPLETED,0.7399999999999999,905.0,0.8699999999999999,3226,1039,6.86764790432714,7,0.7473928557839244
COMPLETED,0.7399999999999999,2.0,0.38,1528,1711,9.282877722865901,1,0.1964193591326475
COMPLETED,0.7299999999999999,1794.0,0.3,4819,4468,3.9267841650191695,14,0.8821227849218994
COMPLETED,0.7199999999999999,1.0,0.1499999999999999,2440,4284,5.707056715502405,4,0.1051247618086636
COMPLETED,0.7299999999999999,15.0,0.22,3542,4988,0.006121584999375,18,0.4039755465388297
COMPLETED,0.75,31.0,0.98,1157,446,5.748652406618931,3,0.9382190814055502
COMPLETED,0.7399999999999999,7589.0,0.91,4345,1606,7.6131009654738016,10,0.155995319481939
COMPLETED,0.7299999999999999,770.0,0.6,4853,2606,7.2747306365845725,7,0.0794234826937317
COMPLETED,0.7299999999999999,1.0,0.07,572,3781,9.218494949730113,5,0.7639868747591972
COMPLETED,0.7299999999999999,8.0,0.32,2554,3170,9.668713337920606,11,0.9206855373792348
COMPLETED,0.7199999999999999,275.0,0.08,248,1480,3.9267964199986314,6,0.4878129771724343
COMPLETED,0.7299999999999999,17.0,0.13,2023,4505,6.494583095346577,18,0.2359380081482231
COMPLETED,0.75,35.0,0.98,4569,296,2.0818806966906407,3,0.6694179109334945
COMPLETED,0.7299999999999999,1.0,0.25,4061,4229,3.032443942926824,2,0.5961629857458173
COMPLETED,0.7299999999999999,1136.0,0.1,834,3059,1.1082053879844025,9,0.308980884488672
COMPLETED,0.7299999999999999,38.0,0.4199999999999999,3376,2825,4.196287534389644,5,0.1640911831520497
COMPLETED,0.7299999999999999,2.0,0.0899999999999999,1438,4146,2.2927648861268537,8,0.9931418501473964
COMPLETED,0.7299999999999999,12.0,0.27,4414,4582,8.18141911939159,15,0.3541481050141155
COMPLETED,0.75,14.0,1.0,2181,61,2.5969541775900873,10,0.8026268439590931
COMPLETED,0.7299999999999999,2.0,0.8399999999999999,2712,1406,0.7703811413524672,2,0.102515356965363
COMPLETED,0.7199999999999999,3.0,0.38,3033,4018,6.125535209751688,8,0.645747600287199
COMPLETED,0.7299999999999999,1.0,0.46,2463,2683,8.009532174309715,1,0.4484727454259991
COMPLETED,0.7399999999999999,48.0,0.4299999999999999,1720,1837,7.102905078147538,4,0.2547588541768491
COMPLETED,0.75,1488.0,0.98,1073,249,8.186233240365983,16,0.3965072988271713
COMPLETED,0.7299999999999999,1.0,0.3699999999999999,2953,3310,1.1931689929692075,5,0.6235380753390491
COMPLETED,0.7299999999999999,2.0,0.0899999999999999,1415,4573,4.223401862693951,9,0.1781956139635294
COMPLETED,0.7299999999999999,1.0,0.38,2034,2472,1.387826788741164,6,0.0308437779210507
COMPLETED,0.7299999999999999,10.0,0.2399999999999999,3942,4285,9.241450770524331,15,0.9888314016498624
COMPLETED,0.7399999999999999,2.0,0.9,3582,1207,3.169462156264112,2,0.7081456555407494
COMPLETED,0.7299999999999999,10441.0,0.0,8,1783,2.7411702357791365,13,0.5507690522838384
COMPLETED,0.7299999999999999,1.0,0.2,3156,4973,5.359673352083192,7,0.467934850955382
COMPLETED,0.7199999999999999,1.0,0.3099999999999999,2478,3708,9.831165168727747,1,0.7690798541605472
COMPLETED,0.7399999999999999,235.0,0.8499999999999999,1849,810,7.039828354304657,4,0.9359238814208656
COMPLETED,0.7299999999999999,504.0,0.47,2538,2075,7.760417077164166,10,0.3638350795358419
COMPLETED,0.7199999999999999,11517.0,0.04,629,4061,0.3813493699179962,12,0.6552356945499777
COMPLETED,0.7299999999999999,1.0,0.2099999999999999,840,1926,5.124433126638644,2,0.1321656176112592
COMPLETED,0.7399999999999999,2508.0,0.95,4800,662,9.441469086145982,7,0.5756364348214119
COMPLETED,0.7399999999999999,4.0,0.52,4176,3545,7.4282454491211105,9,0.7249351046197116
COMPLETED,0.7299999999999999,1.0,0.01,206,4809,7.996933906426654,5,0.0456112036537379
COMPLETED,0.7299999999999999,12662.0,0.17,552,1043,0.8059067716579885,10,0.7878065152261406
COMPLETED,0.7299999999999999,4900.0,0.46,3703,2827,8.576542155731468,11,0.2000791438538581
COMPLETED,0.7399999999999999,2.0,0.7099999999999999,3810,2308,3.9857230080841113,3,0.480764826759696
COMPLETED,0.7299999999999999,13.0,0.1199999999999999,1930,4140,6.604534100589343,17,0.5071174955591559
COMPLETED,0.7299999999999999,1.0,0.27,4443,4425,1.6267822471689433,1,0.319770848179236
COMPLETED,0.7399999999999999,54.0,0.99,3086,81,5.7849364208700145,14,0.1014577802792191
COMPLETED,0.7299999999999999,2.0,0.1499999999999999,1176,3160,3.5554453898100182,8,0.8860562379658222
COMPLETED,0.7299999999999999,106.0,0.3599999999999999,1150,1446,1.8812966498704624,5,0.2835181215219199
COMPLETED,0.7299999999999999,12.0,0.19,3030,4685,9.969205629873088,16,0.6977803862579167
COMPLETED,0.7399999999999999,16.0,0.99,4485,181,2.607630220282823,8,0.9784672012459485
COMPLETED,0.7399999999999999,10.0,0.17,1335,3372,5.534102832911537,12,0.0028298770245164
COMPLETED,0.7299999999999999,2.0,0.4799999999999999,3866,3084,0.5148142910720781,6,0.8135747461281717
COMPLETED,0.7199999999999999,1.0,0.0299999999999999,522,4350,4.98964793631807,3,0.3856662613134831
COMPLETED,0.7299999999999999,399.0,0.2,243,586,6.546391719441861,8,0.6249632692281156
COMPLETED,0.7299999999999999,2.0,0.92,4124,1850,8.322215786878951,2,0.0743030098676681
COMPLETED,0.7299999999999999,1.0,0.5899999999999999,4753,3947,6.038061280246825,3,0.2197032812032848
COMPLETED,0.7299999999999999,1.0,0.4899999999999999,2638,2539,6.779265895743856,2,0.9616768840514124
COMPLETED,0.7299999999999999,2.0,0.2099999999999999,1725,3804,8.714275534655897,6,0.2687517423611134
COMPLETED,0.7199999999999999,3393.0,0.5799999999999998,2349,1682,5.6471255636559805,9,0.4316973525695502
COMPLETED,0.7299999999999999,6.0,0.26,4258,4762,3.7353662934107703,12,0.5807896069772541
COMPLETED,0.7399999999999999,716.0,0.99,3272,417,8.830885277401654,5,0.8614755891691893
COMPLETED,0.7199999999999999,10.0,0.0599999999999999,322,2263,9.576533040000125,11,0.893142807604745
COMPLETED,0.7299999999999999,115.0,0.2099999999999999,3471,4180,2.275804860595614,10,0.118366213241592
COMPLETED,0.7299999999999999,1.0,0.27,2168,2917,2.8380607015313575,4,0.6748317622095346
COMPLETED,0.7299999999999999,1.0,0.23,3759,4425,0.4852609145492315,6,0.5390699085500091
COMPLETED,0.7399999999999999,23.0,0.99,2501,47,8.579123542370274,15,0.7567445006817579
COMPLETED,0.7199999999999999,1.0,0.28,2255,3700,3.915801719903015,1,0.2948337533585727
COMPLETED,0.7399999999999999,95.0,0.8,1840,999,2.0368171723168342,3,0.3991994934547692
COMPLETED,0.7299999999999999,8880.0,0.4199999999999999,3386,2738,5.458665006699973,12,0.9234724514093248
COMPLETED,0.7299999999999999,154.0,0.8,4633,2129,3.6041743729533624,8,0.6539640929847955
COMPLETED,0.7299999999999999,14.0,0.04,592,4137,8.902322271872311,18,0.1802456056885421
COMPLETED,0.7199999999999999,6976.0,0.07,77,466,3.122847892749123,11,0.5728886194527149
COMPLETED,0.7299999999999999,2.0,0.5799999999999998,4700,3300,9.386167690468952,5,0.0953940710686147
COMPLETED,0.7299999999999999,4.0,0.08,1320,4826,5.941518703189679,10,0.8486094583030789
COMPLETED,0.7299999999999999,3.0,0.4,2165,2372,7.820417112052442,8,0.9525797968506812
COMPLETED,0.7399999999999999,203.0,0.92,4332,753,6.267015557958745,3,0.2087964221257716
COMPLETED,0.7299999999999999,10755.0,0.2899999999999999,776,834,9.794245553133075,9,0.2698007326964289
COMPLETED,0.7299999999999999,1.0,0.54,2904,2292,5.738347673041746,4,0.522076654933393
COMPLETED,0.7299999999999999,5567.0,0.13,2029,3955,1.7686498657641931,12,0.0601662793941795
COMPLETED,0.7299999999999999,1.0,0.22,3633,4907,7.607939169987105,1,0.6591394569259136
COMPLETED,0.75,1971.0,0.96,4876,546,0.8302493793377653,20,0.8861340188905596
COMPLETED,0.7199999999999999,1.0,0.0299999999999999,213,3220,6.665176180928945,6,0.4124161413200199
COMPLETED,0.7199999999999999,1.0,0.11,455,1893,0.2582945323279127,2,0.8381958738341928
COMPLETED,0.7299999999999999,8.0,0.28,4458,4373,7.234767642112449,14,0.3607007157243788
COMPLETED,0.7299999999999999,1137.0,0.8399999999999999,3211,1236,4.3281480217129,7,0.0930197814796119
COMPLETED,0.7399999999999999,562.0,0.99,2392,283,5.050740312654526,16,0.6886740416362882
COMPLETED,0.7299999999999999,5.0,0.33,2676,3463,2.458775568556972,10,0.2305398461557924
COMPLETED,0.7399999999999999,14031.0,0.88,3934,1595,9.105036180111581,12,0.4424886992964893
COMPLETED,0.7299999999999999,1.0,0.07,1136,4662,3.387430338440463,4,0.9823649844061584
COMPLETED,0.7399999999999999,23.0,1.0,1211,109,1.3761620318125931,7,0.1692930673733353
COMPLETED,0.7299999999999999,1.0,0.69,2791,1767,2.9466135961385445,1,0.9149628498051317
COMPLETED,0.7299999999999999,12.0,0.1499999999999999,2454,4480,9.563017641488463,15,0.3789883445333689
COMPLETED,0.7299999999999999,1213.0,0.2899999999999999,1578,2094,6.442349355698564,12,0.3033502032235264
COMPLETED,0.7299999999999999,1.0,0.2,3198,4143,1.0677243691980836,4,0.7769483403302729
COMPLETED,0.7299999999999999,2648.0,0.04,326,2734,4.495323383494281,9,0.0256193533670157
COMPLETED,0.7299999999999999,89.0,0.08,254,1563,8.714742900088428,5,0.7225820067171007
COMPLETED,0.7299999999999999,4.0,0.3099999999999999,4971,4703,3.7795678997496145,11,0.2022054600398987
COMPLETED,0.7399999999999999,7402.0,0.97,3714,315,7.159629671781325,10,0.4698256299123168
COMPLETED,0.7299999999999999,2.0,0.3599999999999999,2877,3094,9.038585332630202,7,0.3332420444469899
COMPLETED,0.7299999999999999,1.0,0.08,633,3780,5.595800592196174,2,0.5794864297993481
COMPLETED,0.7299999999999999,4.0,0.53,4262,4017,8.356449029027484,9,0.8971178614161908
COMPLETED,0.7299999999999999,8.0,0.25,2055,2857,7.410667962595823,3,0.1434063191767782
COMPLETED,0.75,5.0,0.96,1337,552,9.280011566263623,1,0.0399313734769821
COMPLETED,0.7299999999999999,6567.0,0.44,3576,3185,3.211839297879487,15,0.5135298823677003
COMPLETED,0.7399999999999999,347.0,0.89,4834,1326,5.227284336177632,6,0.7832210692781953
COMPLETED,0.7299999999999999,11098.0,0.0,79,4940,2.2828460074691104,20,0.2588243184145539
COMPLETED,0.7299999999999999,2.0,0.8499999999999999,4587,2654,1.6326965319188311,3,0.4685487053301185
COMPLETED,0.7299999999999999,5124.0,0.6199999999999999,3335,2013,9.931075583624654,19,0.2356454531997442
COMPLETED,0.7299999999999999,50.0,0.11,1754,4223,2.563291834963485,8,0.7132637944929302
COMPLETED,0.7299999999999999,7111.0,0.56,2278,1686,0.6937095571896061,10,0.6084178898204117
COMPLETED,0.7299999999999999,11.0,0.16,2655,4560,6.8011003486681725,16,0.0684230613913387
COMPLETED,0.7399999999999999,16.0,0.99,3898,190,4.761775086045265,5,0.3541337337046861
COMPLETED,0.7299999999999999,8.0,0.13,1035,3567,7.745431975097395,11,0.8121436529569328
COMPLETED,0.7299999999999999,54.0,0.4,1073,1082,4.5767561668623244,3,0.6383964766096323
COMPLETED,0.7199999999999999,172.0,0.4899999999999999,2617,2042,1.152280142248608,7,0.3863815597333014
COMPLETED,0.7199999999999999,1813.0,0.14,2316,4214,6.362116871207953,18,0.9068693999424576
COMPLETED,0.7299999999999999,3.0,0.2,3295,4512,3.022558495406061,10,0.3114291683826595
COMPLETED,0.7299999999999999,97.0,0.99,4547,121,6.0414832690786575,11,0.0185302147008478
COMPLETED,0.7199999999999999,1.0,0.07,541,3616,1.4466953891692682,5,0.5584130432084202
COMPLETED,0.7299999999999999,865.0,0.02,119,2444,5.3537996223755195,8,0.1947515715546906
COMPLETED,0.7399999999999999,144.0,0.95,3536,683,8.802148514601402,3,0.9401881971042602
COMPLETED,0.7299999999999999,4605.0,0.17,1376,3083,3.7093276002984497,13,0.4782693746332078
COMPLETED,0.7299999999999999,1.0,0.3699999999999999,2976,3371,6.9316320460755385,1,0.864778539352119
COMPLETED,0.7299999999999999,2.0,0.05,846,4755,8.483774894581174,6,0.1132144399229437
COMPLETED,0.7299999999999999,1.0,0.25,4087,4987,5.1555484822420405,5,0.4277390067297965
COMPLETED,0.7299999999999999,4.0,0.2399999999999999,1918,3139,9.20530529527739,9,0.6722019036710262
COMPLETED,0.7399999999999999,1013.0,0.67,1553,915,7.324871624306776,7,0.5052384519632905
COMPLETED,0.7399999999999999,2.0,0.82,4930,2212,8.276216805281118,2,0.2507001480422914
COMPLETED,0.7199999999999999,5720.0,0.02,296,4025,4.237679910182022,14,0.7905835565328598
COMPLETED,0.75,150.0,0.93,366,196,7.5174340886473665,19,0.46005880362913
COMPLETED,0.7399999999999999,2.0,0.55,4410,3540,4.993946072370745,7,0.996165080294013
COMPLETED,0.7299999999999999,1.0,0.1,1619,4588,0.9204689643550664,1,0.2431759626436978
COMPLETED,0.7199999999999999,1.0,0.6199999999999999,2491,1966,2.8009697024701166,4,0.0766079087667167
COMPLETED,0.7299999999999999,6.0,0.17,2754,4290,9.68907442755811,12,0.6008724197894335
COMPLETED,0.7299999999999999,1.0,0.25,3975,4071,3.5343516181595622,2,0.0114602833241224
COMPLETED,0.7199999999999999,354.0,0.2899999999999999,2352,2804,1.9602001861361784,7,0.7649145975280554
COMPLETED,0.7199999999999999,57.0,1.0,1665,39,3.830688363911584,10,0.9310177113823592
COMPLETED,0.7299999999999999,22.0,0.4,3248,3727,8.658797922431491,16,0.3910144360214471
COMPLETED,0.7399999999999999,2.0,0.91,4496,1838,0.4043480924526229,4,0.1874712931718677
COMPLETED,0.7299999999999999,6.0,0.0299999999999999,418,4399,7.1081474249809995,12,0.6454898972976952
COMPLETED,0.7299999999999999,171.0,0.6099999999999999,4913,3011,6.4986560973692695,9,0.5647792033273726
COMPLETED,0.7299999999999999,1.0,0.1799999999999999,1419,3868,8.047704582185485,4,0.3198073582947253
COMPLETED,0.7399999999999999,8.0,0.6199999999999999,1988,1476,6.177436006937176,2,0.4872814348395914
