Status,ACCURACY,RUNTIME,recent_samples_size,n_reference_samples,n_recent_samples,threshold,stability_offset
FAILED,,,2330,76,1611,0.0104259143229573,9.999e-13
FAILED,,,3297,4877,4797,0.6560223903637379,0.5
FAILED,,,4726,1799,858,0.4446128479819744,0.01
FAILED,,,907,3249,2736,0.8572812450882046,9.999999999e-07
FAILED,,,445,2180,4055,0.9895036335438488,0.0001
FAILED,,,3930,2927,2040,0.3440480264499783,0.4
FAILED,,,2815,946,3556,0.5553129002526402,0.9
FAILED,,,1555,3949,351,0.1427929713577032,1e-08
FAILED,,,1629,1431,3342,0.2848930743839591,0.5999999999999999
FAILED,,,2751,3505,252,0.8849389945995063,1e-10
FAILED,,,4180,445,4112,0.2327537369858473,9.999999999e-07
FAILED,,,205,4621,2295,0.5667272453811019,0.2
FAILED,,,990,728,1074,0.7150250820219516,0.2
FAILED,,,4632,4357,2833,0.115142873160541,0.0001
FAILED,,,3517,2398,1551,0.7671682339236139,1e-09
FAILED,,,2100,2519,4544,0.4333508078753948,0.8
FAILED,,,1994,2256,70,0.5299779463913292,9.99999999e-08
FAILED,,,3626,2681,3212,0.1798404011260718,0.1
FAILED,,,4389,871,2384,0.9524731366764752,0.5
FAILED,,,1236,4195,4336,0.3694003742244094,9.999e-13
FAILED,,,154,607,3095,0.4699402100145816,1e-08
FAILED,,,4228,4478,1124,0.8202414666339753,0.9
FAILED,,,2525,1269,4530,0.0474488342329859,0.4
FAILED,,,1852,3648,1252,0.6306776790320873,0.001
FAILED,,,1290,1127,4903,0.8003155234213918,0.1
FAILED,,,3078,3827,1817,0.4041152527313679,1e-05
FAILED,,,3841,1999,2567,0.744273703513667,9.9999e-12
FAILED,,,531,3050,715,0.0820091110225766,0.5999999999999999
FAILED,,,703,1677,2015,0.1996140244454145,0.6999999999999998
FAILED,,,4932,3430,3768,0.5959551640823483,1e-09
RUNNING,,,3229,199,596,0.2556520447209477,1e-05
RUNNING,,,2400,4696,3623,0.9180651054233312,0.2999999999999999
RUNNING,,,2486,1749,4161,0.6409256839323789,1e-08
RUNNING,,,3141,3199,2247,0.0566952828560024,0.9
RUNNING,,,4881,127,3387,0.8412056537661701,0.4
RUNNING,,,751,4926,208,0.4918601496387273,0.001
RUNNING,,,600,1055,1429,0.3591181094311177,9.99999999e-08
RUNNING,,,3775,4057,4667,0.9432609553821384,0.01
RUNNING,,,2971,2071,948,0.1588343399651348,0.5999999999999999
RUNNING,,,1399,2819,2959,0.5080998882316053,9.999e-13
RUNNING,,,1784,379,890,0.9312389014679938,0.8
RUNNING,,,2595,4553,2704,0.269766008073464,1e-10
RUNNING,,,4336,1497,1642,0.6140051002446562,0.0001
RUNNING,,,49,3573,4765,0.2166477709133177,0.2
RUNNING,,,1146,2484,3447,0.0688086692206561,0.1
RUNNING,,,4476,2606,460,0.730186393354088,9.999999999e-07
RUNNING,,,3672,642,3944,0.3860462849475443,1e-10
RUNNING,,,1945,4270,2151,0.7833008160106837,0.5999999999999999
RUNNING,,,2151,803,2600,0.1334915042836219,0.001
RUNNING,,,3469,4129,682,0.5451246837917714,0.4
RUNNING,,,4546,2323,4933,0.3220802066270261,0.9
RUNNING,,,1079,2747,1787,0.9685901930648833,1e-09
RUNNING,,,312,1356,488,0.8665560664050281,9.9999e-12
RUNNING,,,4070,3733,3731,0.4548277176357805,0.5
RUNNING,,,2682,520,1903,0.6779711785651743,0.01
RUNNING,,,1695,4392,3880,0.0313583938591182,9.99999999e-08
RUNNING,,,1447,1950,2431,0.4191705238390713,0.2999999999999999
RUNNING,,,2921,2999,4289,0.7540579144153743,0.0001
FAILED,,,3998,1177,116,0.0980347159896045,1e-09
FAILED,,,374,3877,3166,0.6970448088813573,0.6999999999999998
RUNNING,,,2302,1087,664,0.6798204264640808,0.001
RUNNING,,,3418,3840,3284,0.3432441988307982,0.2
RUNNING,,,4961,1413,2363,0.9639389980509876,0.5
RUNNING,,,760,3660,4709,0.0591675124261528,1e-09
RUNNING,,,560,2068,2545,0.1493417880125343,1e-10
RUNNING,,,3897,3024,228,0.8738713203649968,0.9
RUNNING,,,2902,432,4284,0.4967831782214343,0.2
FAILED,,,1556,4475,1615,0.5264185015168041,9.99999999e-08
FAILED,,,1818,1699,3899,0.7731404591817409,0.01
FAILED,,,2620,3243,1533,0.250415307611227,0.0001
FAILED,,,4164,806,3098,0.6216063648257404,1e-09
FAILED,,,274,4262,459,0.4019836730137467,0.5999999999999999
FAILED,,,1025,171,1957,0.3060074259918182,0.8
FAILED,,,4676,4917,4645,0.7176892097480594,9.9999e-12
FAILED,,,3679,2334,1195,0.0911048133280128,9.999999999e-07
FAILED,,,2022,2587,3531,0.9325880079083144,0.4
FAILED,,,2130,2431,1380,0.4517272623814642,1e-09
FAILED,,,3559,2803,4049,0.5407523685824126,0.5
FAILED,,,4476,73,619,0.1676578406356274,0.1
FAILED,,,1212,4702,2936,0.8248788889106363,0.001
FAILED,,,88,669,4475,0.9822402982860804,9.99999999e-08
FAILED,,,4362,4087,2129,0.010159376816824,0.2999999999999999
FAILED,,,2742,1836,3674,0.6347792630121111,0.8
FAILED,,,1709,3417,1054,0.357593770051375,9.9999e-12
FAILED,,,1365,569,3141,0.1089111724328249,0.6999999999999998
FAILED,,,3105,4650,804,0.8830849311687052,1e-08
FAILED,,,4024,1931,4879,0.2604865348096936,1e-05
FAILED,,,446,2849,2191,0.7315590532384812,0.01
FAILED,,,872,1316,68,0.5760707212556153,0.4
FAILED,,,4836,3444,2707,0.4158378123492002,1e-05
FAILED,,,3214,1184,1768,0.7909615706745535,9.999e-13
FAILED,,,2494,4056,4133,0.200927935026586,0.8
FAILED,,,2351,1519,2983,0.372730365185067,9.99999999e-08
FAILED,,,3193,3725,339,0.6508301678784191,0.2
FAILED,,,4697,986,3783,0.0262711910512298,0.9
FAILED,,,847,3779,1412,0.9973159840516747,1e-10
FAILED,,,336,391,1154,0.8409902309793978,1e-10
FAILED,,,3946,4394,3496,0.1827339985668659,0.5
FAILED,,,2990,2114,1917,0.5558894433174281,0.1
FAILED,,,1293,3110,4610,0.4677776876464486,0.001
RUNNING,,,1574,876,2476,0.2170392770953476,0.2999999999999999
RUNNING,,,2728,4373,4828,0.8060377286057919,9.999999999e-07
RUNNING,,,4233,1624,778,0.4309748870842158,9.999e-13
RUNNING,,,69,3127,3403,0.5921211465205997,0.8
RUNNING,,,1132,2238,4327,0.7466956483721732,0.5999999999999999
RUNNING,,,4431,2532,1653,0.2765374396760016,1e-08
RUNNING,,,3473,262,2588,0.899196745403111,0.0001
RUNNING,,,2090,4968,266,0.1239868581984192,0.1
RUNNING,,,1885,124,4999,0.5112812966573982,9.9999e-12
RUNNING,,,3666,4793,2307,0.4807328830808401,0.9
RUNNING,,,4544,2376,3262,0.8577601158563047,0.2999999999999999
RUNNING,,,1007,2707,920,0.1342654925212264,9.999999999e-07
RUNNING,,,196,1721,1803,0.0430558283161371,0.001
RUNNING,,,4118,3342,4174,0.9488631821610034,0.1
RUNNING,,,2537,779,103,0.3281074661370366,0.5
RUNNING,,,1777,4158,2747,0.6637696591578423,1e-09
RUNNING,,,1414,2017,501,0.9164763237982988,0.6999999999999998
RUNNING,,,2881,2895,2822,0.0760289974380284,9.999e-13
RUNNING,,,3760,488,1262,0.7025524770542979,9.999999999e-07
RUNNING,,,534,4609,3935,0.2899566586855799,0.4
RUNNING,,,648,1123,3636,0.3868464681543409,0.01
RUNNING,,,4884,3955,1011,0.6055560696851461,1e-05
RUNNING,,,3302,1381,4437,0.234304103102535,1e-08
RUNNING,,,2230,3550,2086,0.758064163690433,0.6999999999999998
RUNNING,,,2226,2169,4652,0.0686696963720023,0.2999999999999999
RUNNING,,,3337,3048,2027,0.9081428910996764,9.99999999e-08
RUNNING,,,4880,328,3578,0.2835496004708111,1e-10
FAILED,,,683,4449,1227,0.6932211166899651,0.9
FAILED,,,480,963,1516,0.5992703617587685,0.5
FAILED,,,3822,3796,3838,0.377637409845367,1e-10
FAILED,,,2826,1535,403,0.7508271646797657,0.001
FAILED,,,1476,3702,3076,0.2260920206923037,0.2
FAILED,,,1742,282,163,0.4743481932487338,9.999999999e-07
FAILED,,,2541,4949,2533,0.501973252724856,0.2999999999999999
FAILED,,,4083,2220,1588,0.1268838267903774,0.8
FAILED,,,199,2553,4232,0.849403363008052,9.999e-13
FAILED,,,945,1566,3359,0.9416028667185457,1e-08
FAILED,,,4599,3187,666,0.0348213775232434,0.5999999999999999
FAILED,,,3604,936,4746,0.6575072713810951,0.01
FAILED,,,1940,4316,2405,0.3189207724928855,0.0001
RUNNING,,,2055,722,2686,0.799782477222383,0.9
RUNNING,,,3477,4217,12,0.2078606753293424,9.9999e-12
RUNNING,,,4396,1781,4072,0.5848536909669637,9.99999999e-08
RUNNING,,,1136,3285,1750,0.4227323481310159,0.2999999999999999
RUNNING,,,7,2396,836,0.2691476820670068,0.1
RUNNING,,,4287,2689,3187,0.7383317591305822,0.0001
RUNNING,,,2666,106,2262,0.1176102565266192,1e-09
RUNNING,,,1629,4814,4886,0.889895841581747,0.5
RUNNING,,,1289,1358,2170,0.6436003089789301,9.999e-13
RUNNING,,,3025,3566,4511,0.364526370935142,0.6999999999999998
FAILED,,,3943,1139,1057,0.9910231397319584,0.4
FAILED,,,371,3931,3750,0.0170540408641099,1e-05
FAILED,,,792,543,3998,0.1763188521917909,0.0001
FAILED,,,4759,4547,1354,0.8316517305038869,0.01
FAILED,,,3138,1954,2923,0.4604264784585684,0.6999999999999998
FAILED,,,2413,2950,552,0.5475631470121443,1e-08
FAILED,,,2432,413,1709,0.874759112605825,0.2
FAILED,,,3269,4496,4348,0.101559485502541,0.001
FAILED,,,4773,2089,284,0.7222200787384063,1e-10
FAILED,,,927,3006,2649,0.2540718624591827,0.5
RUNNING,,,411,1473,4782,0.4066211399044841,0.9
RUNNING,,,4027,3602,2445,0.5697773991934953,9.9999e-12
RUNNING,,,3069,1029,3394,0.192723466752097,9.99999999e-08
RUNNING,,,1368,3900,706,0.7837321857996284,0.2
FAILED,,,1654,2272,3460,0.5314519387856125,0.0001
FAILED,,,2804,2643,1114,0.4453501866851001,0.01
FAILED,,,4307,225,4533,0.8165145219266414,0.5999999999999999
FAILED,,,150,4855,1914,0.1602685607690364,1e-08
FAILED,,,1209,822,365,0.0019173118881881,9.9999e-12
FAILED,,,4512,4239,3033,0.9749723687078804,0.8
FAILED,,,3555,1676,1479,0.3484146905429661,0.4
FAILED,,,2165,3258,3796,0.628524489371106,9.999999999e-07
FAILED,,,1967,1852,941,0.2412290917094797,0.5999999999999999
FAILED,,,3741,3395,3629,0.7668775936625897,1e-09
FAILED,,,4621,645,2054,0.3937487481962889,0.001
FAILED,,,1087,4103,4390,0.6143465234078466,0.1
FAILED,,,271,11,2883,0.7093329346422105,0.2999999999999999
FAILED,,,4199,4757,517,0.2986252825185656,9.99999999e-08
FAILED,,,2617,2486,3958,0.9232794899512082,9.9999e-12
FAILED,,,1853,2741,1318,0.0847205975204706,0.9
RUNNING,,,1494,1243,4185,0.335032590445131,1e-08
RUNNING,,,2957,3998,1868,0.6725829534288496,0.5999999999999999
RUNNING,,,3835,1259,2799,0.0499579763747751,0.01
RUNNING,,,615,3504,131,0.9576537678670138,1e-05
RUNNING,,,724,1912,2305,0.864540434025228,1e-05
RUNNING,,,4964,2870,4924,0.1429342557732015,0.4
RUNNING,,,3383,590,878,0.5180845910757779,0.6999999999999998
RUNNING,,,2306,4632,3224,0.4894243548978119,9.999e-13
RUNNING,,,2341,1613,2232,0.618081726366654,0.9
RUNNING,,,3379,3155,4915,0.40497624399513,1e-10
RUNNING,,,5000,885,846,0.7784324991572648,9.99999999e-08
RUNNING,,,721,4342,3178,0.2446825697869062,0.2999999999999999
RUNNING,,,599,250,4102,0.0883415735717862,0.2
RUNNING,,,3858,4996,1721,0.9348800932727754,0.001
FAILED,,,2941,2247,2675,0.3100507625769823,1e-10
FAILED,,,1517,2502,22,0.713144262228161,0.5
FAILED,,,1857,1014,2894,0.96187628852576,9.999e-13
FAILED,,,2581,3769,582,0.0616728233341127,0.8
FAILED,,,4203,1488,4007,0.6846252063661814,0.2999999999999999
FAILED,,,235,3734,1343,0.3389733899403363,9.999999999e-07
RUNNING,,,1064,2142,1086,0.4935326783917844,0.0001
RUNNING,,,4637,3100,3720,0.5301725158151239,0.1
RUNNING,,,3718,360,2161,0.1548470535315573,0.5999999999999999
RUNNING,,,1983,4402,4521,0.868839112771675,1e-08
RUNNING,,,2169,496,413,0.2659151979591697,0.2999999999999999
FAILED,,,3520,4579,3067,0.7265710879378021,9.999999999e-07
FAILED,,,4515,2006,1487,0.1056135452669113,9.9999e-12
FAILED,,,1173,2923,3867,0.8869146258123219,0.9
FAILED,,,127,1390,3568,0.7956897184643894,0.5
FAILED,,,4323,3519,1236,0.1967013981714844,1e-09
FAILED,,,2781,1112,4682,0.5739609141368419,0.0001
FAILED,,,1670,3983,1998,0.4184187738597393,0.1
FAILED,,,1404,2345,4756,0.1716245451085269,1e-05
FAILED,,,3066,2715,2395,0.8203782134260981,0.4
FAILED,,,4063,152,3330,0.4489169250316917,0.6999999999999998
FAILED,,,407,4782,696,0.5431201045494526,9.999e-13
FAILED,,,912,748,1579,0.6399947006180882,1e-08
FAILED,,,4797,4166,4242,0.3519052745196968,0.6999999999999998
FAILED,,,3253,1749,191,0.9786685324907302,0.01
FAILED,,,2455,3332,2504,0.0132276281435042,0.0001
RUNNING,,,4080,955,8,0.686758688688278,0.01
RUNNING,,,466,4436,4446,0.2180918030962347,1e-05
RUNNING,,,1737,2197,2327,0.994853587238118,9.999e-13
RUNNING,,,3123,3198,2908,0.4011924144811928,0.5999999999999999
RUNNING,,,3700,1336,4042,0.35704314683564,0.8
RUNNING,,,2390,2962,883,0.7616255929619073,1e-08
RUNNING,,,1043,97,3627,0.0413873473610728,0.0001
RUNNING,,,4734,4204,1767,0.5704769033007324,0.4
RUNNING,,,4469,2014,3383,0.82592460661754,9.99999999e-08
RUNNING,,,703,3533,1542,0.2965921270307153,0.1
RUNNING,,,2125,776,4267,0.510033467888832,0.5
RUNNING,,,3359,4775,1128,0.1056940048951655,9.9999e-12
RUNNING,,,2681,383,1944,0.1536643641032278,1e-10
RUNNING,,,1533,3757,2506,0.7470811558198183,0.8
RUNNING,,,26,1625,406,0.4615225264206528,0.2999999999999999
RUNNING,,,3877,2519,4825,0.9304337326381356,0.001
RUNNING,,,4056,1858,1333,0.0214125080499798,0.6999999999999998
RUNNING,,,168,2751,3281,0.6148255503252149,9.999e-13
FAILED,,,1400,620,1005,0.329263115717098,9.999999999e-07
FAILED,,,2512,3994,4077,0.7981704535223543,0.01
RUNNING,,,3168,852,2706,0.9427159024197608,0.4
RUNNING,,,1975,4851,2056,0.4133796733915806,0.0001
RUNNING,,,823,2094,4957,0.6268172090407461,1e-08
RUNNING,,,4631,3613,587,0.2224738776348531,0.8
RUNNING,,,4914,174,4558,0.4737011934034526,9.9999e-12
RUNNING,,,1187,4280,207,0.8782875079419464,0.5
RUNNING,,,2257,1416,3089,0.1580530675500631,0.1
RUNNING,,,3530,3042,2459,0.687146372931078,9.99999999e-08
RUNNING,,,2930,2429,780,0.554373582471162,0.001
RUNNING,,,1587,3431,3832,0.085710566220805,0.2
FAILED,,,587,1191,1576,0.8624761555716395,0.9
FAILED,,,4244,4672,3505,0.2688187322560697,1e-09
FAILED,,,4351,2269,4322,0.2420356761068105,0.4
FAILED,,,500,3279,1222,0.6466185888219624,0.0001
FAILED,,,1694,1027,3321,0.4253879554979503,1e-09
FAILED,,,2843,4518,1441,0.9544770485665648,0.6999999999999998
FAILED,,,3501,13,390,0.7861657405421137,0.5999999999999999
FAILED,,,2266,4129,4692,0.3174984004441648,9.999e-13
FAILED,,,1158,1251,1968,0.5952677968628703,1e-05
FAILED,,,4923,2887,2646,0.0016070832591503,0.01
RUNNING,,,4582,702,2191,0.2569760576020926,0.001
RUNNING,,,892,4691,2890,0.850393312189728,0.2999999999999999
RUNNING,,,1926,1940,146,0.0658270705137401,0.9
RUNNING,,,3236,3449,4467,0.5347378101423382,1e-10
RUNNING,,,2639,1707,3723,0.70702582362853,9.9999e-12
RUNNING,,,1254,2591,1824,0.1776928848884999,0.5
RUNNING,,,295,465,3943,0.8901266134697943,0.2
FAILED,,,3909,3830,823,0.4857876059114932,9.999999999e-07
FAILED,,,3789,545,2992,0.5899032534360885,0.8
FAILED,,,133,3910,2401,0.0605665689725428,1e-08
RUNNING,,,1445,1784,4657,0.7730117168985307,1e-05
FAILED,,,2789,2668,267,0.3686688446458429,0.2999999999999999
FAILED,,,3369,2176,1712,0.3898103355541825,0.01
FAILED,,,2095,3685,3523,0.983223844418302,9.999999999e-07
FAILED,,,713,934,642,0.1986690220870077,9.999e-13
FAILED,,,4440,4923,3811,0.6675758970212191,0.6999999999999998
FAILED,,,4802,1488,1021,0.9188820012491196,1e-09
FAILED,,,994,3123,4210,0.4502185258455574,0.9
FAILED,,,2458,245,1310,0.7279765029195696,0.2
FAILED,,,3651,4362,3141,0.1343195350393652,0.001
RUNNING,,,2976,1107,4902,0.1247950886692851,9.99999999e-08
RUNNING,,,1864,4598,493,0.5293818660788236,0.1
RUNNING,,,320,2345,2768,0.3081398134101182,0.5999999999999999
RUNNING,,,4207,3356,2158,0.8372326522022485,1e-10
RUNNING,,,4159,1320,2552,0.4423804432395845,0.0001
RUNNING,,,388,2820,1902,0.9110472182258964,0.4
RUNNING,,,1815,64,4803,0.1264809765499085,0.6999999999999998
RUNNING,,,3045,4082,433,0.7201421957798301,1e-08
RUNNING,,,3622,1076,1487,0.5216213227380067,9.999e-13
RUNNING,,,2468,4470,3435,0.1170388561636209,0.5999999999999999
RUNNING,,,965,2339,1159,0.8294725847449153,0.01
RUNNING,,,4811,3213,4230,0.30038310502097,9.999999999e-07
RUNNING,,,4391,398,934,0.0527332135997712,0.2999999999999999
RUNNING,,,782,3898,3986,0.5820656467135996,0.001
RUNNING,,,2046,1660,1730,0.3608350133895874,1e-09
RUNNING,,,3437,2642,3659,0.7651745860595255,0.9
FAILED,,,2760,1892,4404,0.9754680877961218,0.5
FAILED,,,1454,3498,54,0.382051219863817,9.9999e-12
FAILED,,,104,635,2935,0.6598206162825226,9.99999999e-08
FAILED,,,3799,4761,2305,0.1909094305131584,0.2
FAILED,,,3978,866,3883,0.8582275003585964,1e-08
FAILED,,,246,4992,724,0.2648144971206784,0.8
FAILED,,,1322,2129,3468,0.5425724741946905,0.4
FAILED,,,2591,3735,1608,0.073665034148842,1e-05
FAILED,,,3246,1735,166,0.1854494743067771,9.999999999e-07
FAILED,,,1897,2717,4605,0.7147857721149921,0.01
FAILED,,,902,478,2485,0.4935437194462865,0.5999999999999999
FAILED,,,4553,3980,3067,0.8978870378397406,9.999e-13
FAILED,,,4991,2414,2103,0.6544556006900965,0.9
FAILED,,,1109,3288,2665,0.2498693883921951,1e-09
FAILED,,,2335,1158,565,0.9623145363181828,0.001
FAILED,,,3452,4551,4983,0.4332211918998509,0.2999999999999999
FAILED,,,2852,295,3224,0.3252578730471432,0.1
FAILED,,,1664,4314,1384,0.7939209023099392,9.99999999e-08
FAILED,,,509,1558,4109,0.0093660799786448,1e-10
FAILED,,,4321,3057,969,0.6030234345141798,0.5
FAILED,,,4273,145,1870,0.8861221403926611,1e-05
FAILED,,,577,4154,3682,0.4815391886401921,0.1
FAILED,,,1616,1402,801,0.6949805294983089,0.5999999999999999
FAILED,,,2920,2891,3970,0.1658915386702865,9.999e-13
RUNNING,,,3578,2264,2834,0.0934667076393961,1e-08
RUNNING,,,2188,3129,2243,0.5621339789573103,0.6999999999999998
RUNNING,,,1235,1002,4498,0.2765753495581448,0.4
RUNNING,,,4845,4385,109,0.8702360761743038,0.0001
RUNNING,,,4660,1576,4743,0.6226630696784705,0.2
RUNNING,,,814,2568,334,0.0292457128502428,9.99999999e-08
RUNNING,,,2005,314,2609,0.8060074969921261,9.9999e-12
RUNNING,,,3158,3824,1999,0.337096796400845,0.5
RUNNING,,,2561,707,1180,0.4211386422272771,0.8
RUNNING,,,1332,4843,4368,0.950471567954868,1e-10
RUNNING,,,217,1964,1468,0.2302333223540335,0.001
RUNNING,,,3988,3580,3299,0.6345723986923694,0.2999999999999999
RUNNING,,,3868,2045,544,0.2887535369396209,9.9999e-12
RUNNING,,,55,3661,4846,0.8180903310794382,0.6999999999999998
RUNNING,,,1523,782,2121,0.097855890687555,0.01
RUNNING,,,2711,4918,2800,0.5021987164672465,9.999999999e-07
FAILED,,,3290,551,4168,0.739321116246283,1e-05
RUNNING,,,2174,4062,1068,0.1459076278302818,0.4
RUNNING,,,635,1808,3167,0.9226732171811164,0.8
RUNNING,,,4518,2799,1287,0.4537662660311907,1e-08
RUNNING,,,4724,1239,3570,0.2102580034416168,0.5
RUNNING,,,1073,4623,1670,0.6789215253181755,1e-10
RUNNING,,,2381,2496,3789,0.3933590907100588,9.99999999e-08
RUNNING,,,3729,3360,669,0.9870159489139914,0.1
RUNNING,,,3054,1483,2345,0.753870284339413,0.2
RUNNING,,,1786,2972,3043,0.3492835831455886,0.0001
RUNNING,,,397,220,299,0.5627211187947541,1e-09
RUNNING,,,4130,4229,4621,0.0336282595545053,0.9
RUNNING,,,4109,1920,2467,0.5133511806838214,1e-09
RUNNING,,,419,3468,3078,0.1068152142670005,0.6999999999999998
RUNNING,,,1765,682,177,0.8212095809429883,0.4
RUNNING,,,3075,4711,4586,0.2901675531435757,0.0001
RUNNING,,,3747,445,3457,0.4683125230558216,9.999999999e-07
RUNNING,,,2362,3848,1626,0.935026749966666,0.01
RUNNING,,,1092,1688,3902,0.1524211463853716,0.5999999999999999
RUNNING,,,4706,2611,713,0.7441288657728583,9.999e-13
RUNNING,,,4501,1046,4125,0.9953731051478534,0.9
RUNNING,,,650,4498,956,0.403908785291016,1e-10
RUNNING,,,2158,2289,3211,0.6797175436150282,0.001
FAILED,,,3307,3261,1399,0.2127598576880991,0.2999999999999999
RUNNING,,,2735,1271,578,0.0463537584859877,0.2
RUNNING,,,1500,2867,4968,0.5776396914422512,9.999999999e-07
RUNNING,,,78,33,2087,0.3544484200235455,9.9999e-12
RUNNING,,,3843,4111,2678,0.7607405407689511,0.5
RUNNING,,,4006,265,1136,0.1636247429810464,1e-05
RUNNING,,,199,4342,4256,0.6949069302137941,0.2999999999999999
RUNNING,,,1350,1508,1512,0.4717270781397819,0.8
RUNNING,,,2542,3105,3412,0.8780153341908008,1e-08
RUNNING,,,3137,2364,4778,0.8626263284124434,9.999e-13
RUNNING,,,2025,3336,456,0.2711582628320902,0.5999999999999999
RUNNING,,,794,1127,2575,0.5469784405007958,0.01
RUNNING,,,4681,4579,1877,0.08001688987948,9.999999999e-07
RUNNING,,,4867,1763,2956,0.3354477290753274,0.2999999999999999
RUNNING,,,1212,2686,2277,0.8021658206805586,0.001
FAILED,,,2212,526,4376,0.0195487977545708,1e-09
FAILED,,,3556,3929,75,0.6112602628655732,0.9
FAILED,,,2905,914,1758,0.630504147933796,0.5999999999999999
FAILED,,,1632,4942,3638,0.2239720462113618,1e-10
FAILED,,,561,2157,913,0.9383549935426562,9.99999999e-08
FAILED,,,4288,3705,4014,0.4073167114667594,0.1
RUNNING,,,4298,757,3190,0.0687262400668114,9.999e-13
RUNNING,,,532,4795,1262,0.5354400078244507,0.5999999999999999
RUNNING,,,1642,1994,4143,0.251826791966334,0.1
RUNNING,,,2876,3552,1091,0.843534966789186,1e-05
RUNNING,,,3468,1607,2147,0.8973503741826862,0.0001
RUNNING,,,2320,2539,2777,0.4908148706369102,0.4
RUNNING,,,1124,363,521,0.7062016250360758,0.6999999999999998
RUNNING,,,4975,3777,4871,0.1751591306477785,1e-08
RUNNING,,,4535,2217,279,0.4264483112692832,0.5
RUNNING,,,921,3179,4649,0.9577337887901812,9.9999e-12
RUNNING,,,1878,974,2373,0.235550129648298,9.99999999e-08
FAILED,,,3264,4416,3022,0.6418427095469086,0.2
FAILED,,,2611,117,3761,0.5996781344190238,0.2999999999999999
FAILED,,,1301,4185,690,0.0082142811510711,0.001
FAILED,,,267,1355,3590,0.7830306517519056,1e-10
FAILED,,,3958,2941,1642,0.3160725029539316,0.8
FAILED,,,3814,1435,4517,0.7320327236782759,9.999999999e-07
FAILED,,,87,3023,98,0.1405651209689676,0.01
FAILED,,,1471,192,2823,0.9153776863608508,0.6999999999999998
FAILED,,,2744,4260,2261,0.4484156691506505,9.9999e-12
FAILED,,,3414,1211,812,0.309820661759004,1e-08
FAILED,,,2071,4653,3952,0.8411023898385463,0.8
FAILED,,,757,2448,1852,0.118914925487712,0.4
FAILED,,,4414,3410,3693,0.5252036369740963,1e-05
FAILED,,,4833,601,1452,0.7805894754379987,0.1
FAILED,,,945,4014,3313,0.3740578403044492,9.99999999e-08
FAILED,,,2489,1838,1193,0.5894483999125659,1e-10
FAILED,,,3601,2771,4353,0.0584096549656242,0.5
FAILED,,,3026,2076,2596,0.2009475800916552,0.9
FAILED,,,1833,3633,2015,0.6676652162615209,1e-09
FAILED,,,370,832,4759,0.3840558056123554,0.0001
FAILED,,,4178,4870,321,0.9757677298765628,0.2
RUNNING,,,4187,333,4936,0.366281234037131,0.5999999999999999
FAILED,,,341,3805,615,0.7728171837236733,9.999e-13
FAILED,,,1843,1595,2734,0.0506335245817899,1e-05
FAILED,,,2996,2547,2036,0.5816756323147564,0.1
FAILED,,,3669,1984,977,0.6598453343398869,0.4
FAILED,,,2440,3561,4097,0.1931310014706104,0.0001
FAILED,,,1013,726,1353,0.9679473720714448,1e-08
FAILED,,,4784,4822,3253,0.3762397028747945,0.6999999999999998
RUNNING,,,4424,1383,1599,0.1327914016041904,9.9999e-12
RUNNING,,,728,2912,3479,0.7242556415274739,0.5
RUNNING,,,2081,125,755,0.4406424256693571,0.1
RUNNING,,,3385,4173,3855,0.907600128326565,9.99999999e-08
RUNNING,,,2813,983,3114,0.8332853353340178,0.001
RUNNING,,,1422,4406,2436,0.3019993521869182,0.2999999999999999
RUNNING,,,156,2244,4535,0.5173861065860837,0.8
RUNNING,,,3766,3148,233,0.1110940917991101,1e-10
RUNNING,,,3928,2477,3611,0.9655066753588616,0.01
RUNNING,,,277,3380,1780,0.4342245606239885,9.999999999e-07
RUNNING,,,1272,1219,4055,0.6496151202321052,9.9999e-12
FAILED,,,2620,4642,867,0.2433268548864871,0.6999999999999998
FAILED,,,3215,202,2313,0.016030502859503,0.8
FAILED,,,1947,4250,2923,0.6074986111950129,1e-08
FAILED,,,872,1463,24,0.3238892005458474,1e-05
RUNNING,,,4604,2992,4433,0.7908506526444106,0.4
RUNNING,,,4946,802,424,0.5432176848296076,9.99999999e-08
RUNNING,,,1134,4899,4814,0.0764996025189757,0.1
RUNNING,,,2291,2064,1933,0.851312167910859,0.5
FAILED,,,3478,3641,2524,0.2596006303019821,9.9999e-12
RUNNING,,,2827,1827,4278,0.498635823296383,1e-09
RUNNING,,,1711,2780,1109,0.9051680235415696,0.9
RUNNING,,,483,570,3365,0.1829805591907352,0.2
RUNNING,,,4366,4041,1553,0.7140187985114753,0.0001
RUNNING,,,4219,1679,658,0.8099382629673927,0.6999999999999998
RUNNING,,,610,2622,3798,0.343224422711879,1e-09
RUNNING,,,1564,418,1698,0.6190331810358912,0.0001
FAILED,,,2955,3880,3539,0.0273250155076384,0.4
FAILED,,,3546,654,4670,0.2317887159194797,0.01
FAILED,,,2241,4741,252,0.638324176710099,1e-05
FAILED,,,1202,1912,2976,0.4151329052913934,9.999e-13
FAILED,,,4897,3479,2415,0.9461754982024432,0.5999999999999999
FAILED,,,4613,43,2750,0.7026840997338295,1e-10
FAILED,,,843,4101,2169,0.1713986129183322,0.9
FAILED,,,1956,1301,4913,0.88579297959432,0.2999999999999999
FAILED,,,3186,2839,475,0.4795004721935838,0.001
FAILED,,,2533,2319,1299,0.2789797192588448,9.999999999e-07
FAILED,,,1379,3232,3159,0.870443474004045,0.2
FAILED,,,190,1057,1039,0.0878378704227507,0.5
FAILED,,,4036,4490,4199,0.5547960619758814,9.9999e-12
FAILED,,,3892,1137,1988,0.3961326865088194,0.2999999999999999
FAILED,,,10,4570,2618,0.9876003059484064,1e-05
FAILED,,,1549,2395,362,0.2049832830224186,1e-08
FAILED,,,2667,3308,4712,0.6719452202990651,0.8
FAILED,,,3337,1537,3349,0.5698193057533353,0.6999999999999998
RUNNING,,,2149,3076,1420,0.0385376836322247,9.999e-13
RUNNING,,,680,276,4302,0.7529206309635192,9.999999999e-07
RUNNING,,,4492,4334,1250,0.3466318692862987,0.01
RUNNING,,,4755,2148,3920,0.0990419391840696,0.001
RUNNING,,,1023,3715,849,0.5055736542511731,0.2
RUNNING,,,2410,886,3749,0.2823938021771609,0.9
RUNNING,,,3679,4974,1801,0.813432530393824,1e-09
RUNNING,,,3104,498,120,0.9272092474624514,1e-10
RUNNING,,,1755,3960,4490,0.4604916614834219,0.5999999999999999
RUNNING,,,448,1756,2215,0.7363118391521275,0.1
RUNNING,,,4099,2698,2864,0.144599808929488,9.99999999e-08
RUNNING,,,4084,1743,3806,0.9475748735535888,9.999e-13
RUNNING,,,433,2715,647,0.4162927123457193,0.5999999999999999
RUNNING,,,1741,500,3548,0.6394801488127559,0.01
FAILED,,,3090,3952,1687,0.2331919262222945,1e-05
RUNNING,,,3684,894,243,0.0262881499771028,0.0001
RUNNING,,,2416,4971,4682,0.6177561820968985,0.4
RUNNING,,,1027,2131,2406,0.3419436483066529,0.6999999999999998
RUNNING,,,4759,3728,2987,0.8089051729030907,1e-09
RUNNING,,,4478,293,2182,0.5572947560586035,0.5
RUNNING,,,665,4321,2744,0.0905766309928149,9.9999e-12
RUNNING,,,2133,1530,488,0.8731860695257782,9.999999999e-07
RUNNING,,,3321,3078,4907,0.2814745783898979,0.2
RUNNING,,,2670,2393,3146,0.4766390377841889,0.2999999999999999
RUNNING,,,1554,3315,1305,0.8831711655315012,0.001
RUNNING,,,15,1149,4185,0.1687805743217468,1e-09
RUNNING,,,3898,4553,1045,0.6998188898582011,0.9
RUNNING,,,4031,1074,2632,0.3443757605273276,9.999999999e-07
RUNNING,,,184,4477,1982,0.7509117529690265,0.01
RUNNING,,,1375,2311,4726,0.0365249706860631,0.6999999999999998
RUNNING,,,2528,3234,356,0.5675670319460331,9.999e-13
RUNNING,,,3201,1299,1407,0.6740746306572108,1e-08
RUNNING,,,1972,2847,3355,0.207360370285809,0.8
FAILED,,,856,56,1236,0.9899736177455633,0.2999999999999999
FAILED,,,4627,4084,4308,0.3982658723331987,1e-05
FAILED,,,4893,1900,857,0.1429576177485287,0.1
RUNNING,,,1197,3497,3909,0.7344219041448086,9.99999999e-08
RUNNING,,,2236,657,1809,0.458605561427772,1e-10
RUNNING,,,3541,4733,3738,0.9255632213298232,0.5999999999999999
RUNNING,,,2968,425,4481,0.8152011894695461,0.9
RUNNING,,,1578,3877,131,0.2839152825381606,1e-09
RUNNING,,,625,1662,2855,0.5070989100784064,0.001
RUNNING,,,4235,2634,2225,0.1008068227935582,0.2999999999999999
RUNNING,,,4362,582,621,0.3791003026291728,1e-08
RUNNING,,,479,4024,4923,0.9705678793136028,0.6999999999999998
RUNNING,,,1705,1825,2042,0.1957477295286953,0.4
RUNNING,,,2822,2787,2720,0.6627097132783382,0.0001
FAILED,,,3492,2056,4091,0.5791756276935339,1e-05
FAILED,,,2304,3643,991,0.0478939330745488,0.1
RUNNING,,,1149,819,3247,0.7700737535469234,0.5999999999999999
FAILED,,,4961,4887,1367,0.3637850680854171,9.999e-13
FAILED,,,4598,1446,3490,0.1121320299264043,0.8
FAILED,,,867,3004,1590,0.5186636985205114,1e-10
FAILED,,,1942,209,3866,0.3032807233054191,0.001
FAILED,,,3211,4247,746,0.8343194942772388,0.2999999999999999
RUNNING,,,2636,1222,2425,0.906201349688694,0.2
RUNNING,,,1287,4635,3123,0.4394836874939501,9.99999999e-08
FAILED,,,292,2465,222,0.7231007420215755,9.9999e-12
FAILED,,,3942,3397,4543,0.1313887842968106,0.5
FAILED,,,3751,2227,1791,0.7890825865641236,1e-05
FAILED,,,142,3160,3603,0.3223687927816062,0.4
FAILED,,,1407,990,878,0.6059744242466986,0.8
FAILED,,,2797,4403,4047,0.0142662159632891,1e-08
FAILED,,,3390,128,2913,0.2449701149463653,9.9999e-12
FAILED,,,2084,4166,2322,0.6515056519526988,0.6999999999999998
FAILED,,,734,1371,4422,0.4361112536750733,0.01
FAILED,,,4429,2929,32,0.9671537740882487,9.999999999e-07
FAILED,,,4769,738,4820,0.7118880813326686,0.2
FAILED,,,998,4805,411,0.1806026372723281,0.0001
RUNNING,,,2426,1981,2530,0.9027938808072358,1e-09
RUNNING,,,3655,3568,1920,0.4965013269335031,0.9
RUNNING,,,3002,1588,1103,0.2618559081237762,0.5
RUNNING,,,1848,2549,4292,0.8533197353668511,1e-10
RUNNING,,,345,350,1547,0.0785110086444765,9.99999999e-08
RUNNING,,,4191,3793,3378,0.545469123981893,0.1
RUNNING,,,4162,830,1253,0.1727860586512833,0.8
RUNNING,,,355,4878,3201,0.7040681994110346,1e-08
RUNNING,,,1819,2088,1082,0.4886852241959422,0.0001
RUNNING,,,3012,3616,4154,0.8949735230021179,0.4
RUNNING,,,3606,1855,2785,0.8455474436525255,0.1
RUNNING,,,2494,2759,2136,0.2540793018564581,1e-05
RUNNING,,,949,594,4880,0.5376963563840836,9.999e-13
RUNNING,,,4837,4016,510,0.0707348782606422,0.5999999999999999
RUNNING,,,4400,2455,4635,0.3145474832095205,1e-10
RUNNING,,,744,3408,285,0.781265532059595,0.8
FAILED,,,2055,1194,3009,0.0064453822746872,0.2999999999999999
FAILED,,,3399,4666,2379,0.598156893858686,0.001
FAILED,,,2749,180,703,0.6437285698018969,9.99999999e-08
FAILED,,,1475,4277,3755,0.2371963955815881,0.2
FAILED,,,93,1438,1656,0.9593762160539628,0.5
RUNNING,,,3820,3015,3584,0.42833801019378,9.9999e-12
RUNNING,,,3952,1362,84,0.5264841752965003,0.4
RUNNING,,,262,2939,4523,0.1199482516348362,0.0001
FAILED,,,1296,100,2248,0.8421394951697438,1e-08
FAILED,,,2607,4197,2829,0.3110974208973348,0.8
RUNNING,,,3279,961,3965,0.4472599368486553,0.6999999999999998
RUNNING,,,1893,4433,806,0.9139742362573742,9.9999e-12
RUNNING,,,935,2219,3706,0.1391655095349997,9.999999999e-07
RUNNING,,,4549,3171,1846,0.7308731527067721,0.01
RUNNING,,,4971,361,3304,0.9783855286724864,0.0001
RUNNING,,,1120,3784,1463,0.3869212552886456,0.2
RUNNING,,,2314,1619,4344,0.670526886753738,0.9
RUNNING,,,3463,2522,1204,0.203569158071652,1e-09
RUNNING,,,2891,2011,2024,0.0556672955267131,1e-10
RUNNING,,,1656,3540,2585,0.5869533046986907,0.5
FAILED,,,547,750,329,0.3715589064210653,0.1
FAILED,,,4313,4798,4748,0.7778509546685964,9.99999999e-08
FAILED,,,4284,2159,3071,0.7422419329211116,0.5999999999999999
FAILED,,,557,3697,2481,0.1507742874566465,9.999e-13
FAILED,,,1627,902,4580,0.93338372598961,1e-05
FAILED,,,2900,4959,191,0.4664217552524059,0.01
RUNNING,,,3570,509,1632,0.2916919761747122,0.4
RUNNING,,,2226,3942,3444,0.82297363175638,0.0001
FAILED,,,1227,1771,719,0.1085830405466258,1e-09
FAILED,,,4883,2684,3888,0.5148718282487244,0.6999999999999998
RUNNING,,,4676,1120,945,0.7587288985606283,9.9999e-12
RUNNING,,,788,4582,4133,0.3521972169540822,0.5
RUNNING,,,2021,2381,1389,0.5753846534211188,0.2
RUNNING,,,3132,3324,3220,0.0443459512293338,9.999999999e-07
RUNNING,,,2557,1520,4979,0.2151342402230948,0.001
RUNNING,,,1365,3088,569,0.6818518001772463,0.2999999999999999
RUNNING,,,213,262,2689,0.4060392663870006,0.9
RUNNING,,,4021,4349,2079,0.9977512631490826,1e-10
RUNNING,,,3830,26,4245,0.0827605561390519,0.01
RUNNING,,,64,4113,1144,0.5494743703696877,9.999999999e-07
RUNNING,,,1485,1288,3401,0.273658027652651,9.999e-13
RUNNING,,,2719,2855,1521,0.8653661597203463,0.6999999999999998
RUNNING,,,3311,2301,467,0.8753983663320541,0.8
RUNNING,,,2163,3244,4769,0.4688629390019923,1e-08
RUNNING,,,656,1043,1888,0.692046566542238,1e-05
RUNNING,,,4507,4505,2566,0.1610039996560662,0.2999999999999999
RUNNING,,,4691,1691,2271,0.4084718507733196,9.99999999e-08
RUNNING,,,1076,2604,2969,0.9397573710493742,0.1
RUNNING,,,2348,433,69,0.2253705887664109,0.5999999999999999
FAILED,,,3733,3866,4390,0.6316631221920251,1e-10
RUNNING,,,3080,665,3644,0.6099786556642502,1e-09
RUNNING,,,1770,4723,1745,0.0185148748941719,0.9
RUNNING,,,423,1927,4020,0.8011281223539262,0.2
RUNNING,,,4113,3465,900,0.3341698973402381,0.001
RUNNING,,,4134,228,3688,0.8674925716407595,0.4
RUNNING,,,403,4227,1857,0.2740794959049671,0.0001
RUNNING,,,1790,1466,3976,0.5596343461200594,1e-08
RUNNING,,,3059,2985,788,0.0907269822899252,0.8
RUNNING,,,3714,2484,2237,0.1685085790269076,0.5999999999999999
FAILED,,,2365,3377,2847,0.697844834079966,9.999e-13
FAILED,,,1059,1242,102,0.4843996545523405,1e-05
FAILED,,,4709,4615,4512,0.8887430194187909,0.01
FAILED,,,4522,1805,345,0.6334173653442413,0.001
FAILED,,,639,2806,4735,0.2288310768306255,0.2999999999999999
RUNNING,,,2179,563,2010,0.9490731016155332,0.9
FAILED,,,3296,4045,2601,0.4199798296950757,1e-10
FAILED,,,2697,799,4357,0.3383785393033176,9.9999e-12
FAILED,,,1509,4906,1188,0.8070415220931171,0.5
RUNNING,,,40,2038,3288,0.0302835766207426,0.1
RUNNING,,,3852,3664,1477,0.6239409739114344,9.99999999e-08
RUNNING,,,3461,3335,609,0.1792146171331405,0.9
RUNNING,,,533,1903,4316,0.8416654074024408,0.001
RUNNING,,,1365,4191,1289,0.3965208131745457,1e-10
RUNNING,,,4682,573,2544,0.6224113040789961,0.2
RUNNING,,,4104,4967,4713,0.6621899109538644,0.4
RUNNING,,,2353,1047,987,0.3266445036437362,1e-09
FAILED,,,761,2549,3430,0.8794995525032281,9.999999999e-07
FAILED,,,2745,1439,2117,0.1073862363398075,0.5999999999999999
RUNNING,,,3060,4060,3694,0.280330939291045,0.0001
FAILED,,,1070,79,2478,0.7405502796005456,0.6999999999999998
FAILED,,,2039,3515,4449,0.0610111789181828,0.01
RUNNING,,,3793,2348,626,0.9579202245101331,9.999e-13
FAILED,,,4993,3031,1631,0.7633062284644692,1e-09
RUNNING,,,1679,1582,2827,0.2255293758418411,0.2999999999999999
RUNNING,,,224,4514,268,0.5439899182468652,0.5
RUNNING,,,3145,875,4031,0.4428951567709445,9.999999999e-07
FAILED,,,3285,4571,2260,0.9072761808689684,0.1
RUNNING,,,47,667,3448,0.072787820091471,9.9999e-12
RUNNING,,,1812,2926,887,0.6275910764485597,0.001
FAILED,,,4818,1838,4662,0.3544205947816371,0.8
FAILED,,,3966,3693,3084,0.423322356281802,0.6999999999999998
RUNNING,,,1903,2321,1838,0.5868378025721758,1e-05
RUNNING,,,1250,3774,3809,0.1436416537836193,1e-08
RUNNING,,,2923,213,16,0.8684673650488257,0.4
RUNNING,,,2612,2747,4093,0.5093915466126054,9.999e-13
RUNNING,,,936,1392,357,0.4706717405226081,0.01
RUNNING,,,2213,4701,2800,0.7910823939591645,0.8
RUNNING,,,4281,1162,1497,0.190930466979742,0.0001
RUNNING,,,4503,4228,1249,0.0254377220254391,9.99999999e-08
RUNNING,,,1503,385,4926,0.9847217230033128,0.5
RUNNING,,,361,3211,1900,0.3071329712942242,0.2
RUNNING,,,3596,2179,3183,0.7049772372469306,1e-10
RUNNING,,,3685,4112,4526,0.8568987305015325,0.5999999999999999
RUNNING,,,446,496,713,0.1320577166080474,9.999999999e-07
RUNNING,,,1413,3413,3622,0.5752692721243948,1e-08
RUNNING,,,4419,1981,2396,0.4117385529484599,0.4
RUNNING,,,4367,2627,193,0.373801644898951,0.2
RUNNING,,,2305,1518,3948,0.6469568239375949,1e-10
RUNNING,,,848,4888,1700,0.092168736366555,0.001
RUNNING,,,2521,970,2907,0.9266418242584912,0.9
RUNNING,,,2835,3592,1359,0.6934083647578954,9.99999999e-08
FAILED,,,1159,2427,2623,0.2955487961769103,0.5999999999999999
FAILED,,,1989,3981,534,0.97315295461379,0.2999999999999999
FAILED,,,4058,2,4231,0.0138536807503551,1e-09
RUNNING,,,4729,4436,3358,0.2103112791553139,9.999e-13
RUNNING,,,1729,797,2035,0.8104479035064577,0.01
RUNNING,,,135,3109,4790,0.4900524188559502,0.6999999999999998
RUNNING,,,3371,1661,1074,0.5287569520603865,1e-05
RUNNING,,,3237,2847,2718,0.1189702330008149,0.4
RUNNING,,,310,1761,1425,0.8910683655068277,1e-08
RUNNING,,,1588,4648,4180,0.3382286044042557,9.999999999e-07
RUNNING,,,4905,746,434,0.6737588577996939,0.6999999999999998
RUNNING,,,3879,3852,1979,0.6030458540171385,0.9
RUNNING,,,2127,292,3253,0.3771401794552802,0.0001
FAILED,,,987,3614,1164,0.8222998234983533,9.9999e-12
FAILED,,,2971,2244,4851,0.1598338839616626,0.1
FAILED,,,2661,4779,804,0.45447891549021,1e-10
FAILED,,,671,1241,4587,0.5555584933087229,0.2
RUNNING,,,2438,2668,2340,0.2371132386606186,0.5
RUNNING,,,4193,1315,3517,0.7748749373685568,9.99999999e-08
RUNNING,,,4591,3132,3896,0.9385545365065336,0.0001
RUNNING,,,1277,2101,93,0.0416303072571754,0.8
RUNNING,,,625,4305,3002,0.7211844577547162,0.01
RUNNING,,,3547,464,1766,0.2609499635305255,9.9999e-12
RUNNING,,,3571,4851,2890,0.5469711256511509,9.999999999e-07
FAILED,,,560,1007,1568,0.4614852829612791,0.5999999999999999
FAILED,,,1294,2586,4008,0.768236178735271,0.2999999999999999
RUNNING,,,4538,1558,291,0.2460682448986917,1e-08
RUNNING,,,4180,3372,2454,0.032674962695688,1e-10
RUNNING,,,2492,2022,3718,0.9451929270736872,0.2
RUNNING,,,646,4074,689,0.2539444177020341,0.9
RUNNING,,,2723,534,4386,0.7297726767975837,0.001
RUNNING,,,3034,3071,973,0.8980745099075138,0.5
RUNNING,,,961,1698,4728,0.110382612530142,9.99999999e-08
RUNNING,,,2183,4395,2170,0.6827136112246662,1e-09
RUNNING,,,3864,838,3377,0.3315896227005868,0.2999999999999999
FAILED,,,4854,3941,4368,0.3837783469520509,0.01
FAILED,,,1603,42,556,0.5940902566425502,9.999e-13
FAILED,,,245,3555,2529,0.1684218501914292,1e-05
RUNNING,,,3260,2465,1303,0.8152940545994787,0.6999999999999998
RUNNING,,,3435,3654,4989,0.2885427893362939,1e-08
RUNNING,,,113,2203,1185,0.7019960930459201,0.4
RUNNING,,,1781,3890,3159,0.0048987972009927,0.6999999999999998
RUNNING,,,4714,254,1923,0.9797918359357864,1e-05
RUNNING,,,4002,4686,334,0.8038096356280147,0.0001
RUNNING,,,2003,708,4117,0.2192667464055121,0.9
RUNNING,,,1096,2888,1560,0.5201690936479717,0.1
RUNNING,,,2861,1720,2737,0.4970583253148943,9.9999e-12
RUNNING,,,2546,4346,1824,0.140645221825689,0.2
RUNNING,,,786,424,3098,0.8498924708478152,1e-09
RUNNING,,,2317,3170,69,0.4183771814573556,9.99999999e-08
RUNNING,,,4313,2063,3756,0.5663141655046493,0.5
RUNNING,,,4403,2706,3500,0.6559120681174099,0.8
RUNNING,,,1466,1277,2208,0.3671631242074072,0.0001
RUNNING,,,422,4819,4647,0.9336474779043346,9.9999e-12
RUNNING,,,3750,1200,902,0.0835806548837572,0.01
RUNNING,,,3658,2509,2098,0.4774317193198949,0.001
RUNNING,,,336,1479,3295,0.500557790281251,0.9
RUNNING,,,1557,4929,1050,0.1996402742527425,0.2
RUNNING,,,4490,1085,4814,0.7841984363608062,9.9999e-12
RUNNING,,,4228,4153,2599,0.9916060263607652,1e-09
RUNNING,,,2229,611,1383,0.0167282902542501,0.4
RUNNING,,,870,3295,4294,0.7138101793713867,0.5999999999999999
RUNNING,,,2636,1943,471,0.3003721485473215,9.999999999e-07
FAILED,,,2945,4474,3933,0.0639542868304997,0.6999999999999998
FAILED,,,1186,915,207,0.914036412479356,1e-05
RUNNING,,,1919,2993,2960,0.3475368899963796,9.999e-13
RUNNING,,,3914,1620,1647,0.6363011067919432,0.01
RUNNING,,,4804,3477,766,0.57812859387137,0.2999999999999999
RUNNING,,,1868,2386,4473,0.430206912452355,1e-09
RUNNING,,,20,4020,2382,0.8617067951150239,9.999999999e-07
RUNNING,,,3348,119,3636,0.1524748189784586,0.5
RUNNING,,,3172,3812,156,0.7493836827371269,9.9999e-12
RUNNING,,,161,175,3833,0.2735706072989851,0.1
RUNNING,,,1693,3733,1742,0.9648040668554604,0.9
RUNNING,,,4938,2281,3025,0.0523012563921511,0.001
RUNNING,,,3778,2966,4563,0.2342386923599988,1e-05
RUNNING,,,2090,1798,827,0.7564218098539858,0.6999999999999998
FAILED,,,1047,4608,3580,0.449655626323074,0.4
RUNNING,,,3124,629,2277,0.5351566229276358,1e-08
RUNNING,,,2810,3248,3239,0.834905298480764,0.1
FAILED,,,737,2141,1993,0.1880482777301221,9.999e-13
FAILED,,,2406,4268,4904,0.6137016343660652,0.0001
RUNNING,,,4088,345,1111,0.4034048785902559,0.8
RUNNING,,,4628,4741,1478,0.3197603081036359,0.5
RUNNING,,,1378,1122,2665,0.670899480285123,9.99999999e-08
RUNNING,,,472,2785,420,0.0985531938336789,1e-10
RUNNING,,,3486,1354,4194,0.8862602451257408,0.2
RUNNING,,,3504,3948,1539,0.0578123356830328,1e-08
RUNNING,,,493,35,2755,0.9541692969482392,0.2999999999999999
RUNNING,,,1400,3559,314,0.2751181552931666,0.5999999999999999
RUNNING,,,4645,2460,4138,0.7349148515835404,9.999999999e-07
RUNNING,,,4071,3104,3138,0.541889384349808,0.001
RUNNING,,,2383,1665,1943,0.4402501526828855,0.9
RUNNING,,,715,4432,4971,0.7591993679404258,0.1
RUNNING,,,2792,801,1206,0.2209922571629285,1e-10
RUNNING,,,3103,3428,4629,0.3928346652518958,0.2999999999999999
RUNNING,,,1030,1966,923,0.6191476812046021,1e-09
RUNNING,,,2074,4128,3480,0.1735145330950617,9.99999999e-08
RUNNING,,,3756,480,2225,0.8365172840729355,0.5999999999999999
RUNNING,,,4960,4913,52,0.876911713918671,0.6999999999999998
RUNNING,,,1710,945,3776,0.1052285369392484,1e-05
RUNNING,,,179,2652,1803,0.657595745742321,9.999e-13
RUNNING,,,3193,1492,3116,0.3225946896523237,0.01
RUNNING,,,3326,2683,672,0.7937977414336055,1e-05
RUNNING,,,4,1299,4406,0.1932156752701848,0.6999999999999998
RUNNING,,,1850,4794,2432,0.514113216996193,0.4
RUNNING,,,4783,1225,3737,0.4748490596860647,1e-08
RUNNING,,,3935,4330,3989,0.3106916140448301,9.9999e-12
FAILED,,,1936,439,313,0.7081133549492806,0.1
FAILED,,,1202,3157,2870,0.0310103018209338,0.9
FAILED,,,2968,2076,1585,0.9897423374429344,0.001
FAILED,,,2652,4615,2508,0.6298191192355007,0.5
RUNNING,,,893,780,1322,0.35719310775958,9.99999999e-08
FAILED,,,2251,2814,4351,0.9115105465650558,1e-09
RUNNING,,,4246,1794,576,0.0774524439424276,0.2
RUNNING,,,4472,3610,2150,0.1467129918467253,0.01
RUNNING,,,1536,2248,3394,0.8720907874386757,9.9999e-12
RUNNING,,,313,3848,954,0.4284076313897967,0.0001
RUNNING,,,3641,296,4748,0.5923457216992974,0.8
RUNNING,,,3728,3480,3562,0.9703823451697826,1e-10
RUNNING,,,406,2383,2297,0.0116351556330919,0.2
RUNNING,,,1449,4025,4542,0.6887532585766166,0.9
RUNNING,,,4382,114,846,0.2913163340147584,0.001
RUNNING,,,4334,4509,1723,0.4864270929321646,9.999999999e-07
RUNNING,,,2335,880,3047,0.5256760963276028,0.5999999999999999
RUNNING,,,803,3025,136,0.2047938423585146,0.4
FAILED,,,2568,1587,3851,0.8053607248645275,1e-09
RUNNING,,,2878,4205,399,0.5729859673678875,0.01
FAILED,,,1118,559,4213,0.4090327231436967,9.999e-13
RUNNING,,,2024,3349,1460,0.8527309290077537,1e-05
RUNNING,,,4020,1889,2685,0.1273379497583955,0.6999999999999998
RUNNING,,,4696,2573,4884,0.0890307151302695,0.5
RUNNING,,,1759,1415,1129,0.9230736638382075,9.99999999e-08
RUNNING,,,90,4991,3220,0.3687715127896517,1e-09
RUNNING,,,3418,1023,2014,0.6413823406081646,0.2999999999999999
RUNNING,,,3278,4715,4274,0.2403673438653349,0.001
RUNNING,,,267,1148,489,0.7785591817572712,0.8
RUNNING,,,1626,2761,2580,0.4596251352857798,0.1
RUNNING,,,4870,1378,1404,0.5612490643244236,9.9999e-12
RUNNING,,,3848,3234,1029,0.7233516748249531,1e-08
RUNNING,,,2160,2155,4833,0.2635397056490182,0.4
RUNNING,,,939,4252,2080,0.9426062540318816,0.6999999999999998
RUNNING,,,3016,361,3315,0.0462339901383966,1e-05
RUNNING,,,2702,2891,2363,0.341970014296472,0.8
RUNNING,,,628,1873,3657,0.6769557975009083,0.0001
RUNNING,,,2476,4536,746,0.1246037574838846,9.999e-13
RUNNING,,,4158,702,4490,0.8962716318350284,0.1
RUNNING,,,4561,3769,2942,0.8249543452560901,0.2999999999999999
RUNNING,,,1310,219,1667,0.1619363213926553,1e-10
RUNNING,,,578,3687,3912,0.6075848762299865,9.99999999e-08
RUNNING,,,3592,2327,226,0.3812565576490014,0.5
RUNNING,,,3530,2988,3792,0.68383760247007,0.2
RUNNING,,,602,1625,36,0.3332580841369927,1e-10
RUNNING,,,1256,4469,3062,0.905103265279904,0.001
RUNNING,,,4574,920,1857,0.1178416260574012,0.9
RUNNING,,,4211,3985,869,0.1686987985782325,0.5999999999999999
RUNNING,,,2459,154,4683,0.8161230873130261,9.999999999e-07
FAILED,,,694,3442,2240,0.3899676736015826,1e-08
RUNNING,,,2678,2421,3465,0.6007022273112088,0.4
RUNNING,,,2994,4953,1878,0.7698474746681749,9.999e-13
RUNNING,,,1003,1061,3202,0.2472494016475975,0.01
RUNNING,,,2145,2533,1230,0.554487185711041,0.6999999999999998
RUNNING,,,3900,1455,4946,0.4684569918010383,1e-05
RUNNING,,,4884,3309,2780,0.2547086707763374,9.999999999e-07
RUNNING,,,1570,1929,1515,0.7301144048236311,0.5
FAILED,,,293,4167,4074,0.0393515940327197,0.2999999999999999
RUNNING,,,3215,597,379,0.951317593054846,1e-09
RUNNING,,,3392,4292,3410,0.4177443001084029,0.8
FAILED,,,153,321,2134,0.5661038092039525,0.001
FAILED,,,1745,3272,4695,0.1340999659318476,9.9999e-12
RUNNING,,,4751,2117,1008,0.843899180309847,0.1
RUNNING,,,4035,2799,1268,0.9319048065282404,0.4
FAILED,,,1973,1340,2562,0.0822681226916611,1e-08
RUNNING,,,1141,4755,591,0.6482646363321691,1e-05
FAILED,,,2814,1107,4335,0.3600600436422973,0.5999999999999999
RUNNING,,,2503,3728,248,0.00475322053954,0.0001
FAILED,,,826,2286,4053,0.9790941749475895,0.8
RUNNING,,,2282,3807,1610,0.2824848381299525,0.1
RUNNING,,,4351,181,2845,0.6955154978204517,9.999e-13
FAILED,,,4436,4574,4431,0.5189137269593775,1e-10
RUNNING,,,1436,664,647,0.4952584884352981,0.2
RUNNING,,,467,2931,3672,0.796649508530274,0.5
RUNNING,,,3703,1833,2497,0.2116763611529022,9.99999999e-08
RUNNING,,,3618,4391,1144,0.3482402615863829,0.2999999999999999
RUNNING,,,379,842,4869,0.6364600081909448,1e-08
RUNNING,,,1519,3066,1960,0.0704482067935168,9.999999999e-07
RUNNING,,,4525,1703,3274,0.920100074287504,0.5999999999999999
RUNNING,,,4259,3521,4159,0.8635009213928133,0.9
RUNNING,,,2196,2498,453,0.153716860929504,0.001
RUNNING,,,918,3908,2701,0.5857056543864309,1e-10
RUNNING,,,2591,75,1445,0.4373613289482891,0.2
RUNNING,,,2905,2611,2983,0.1998563411552458,1e-09
FAILED,,,1228,1533,1787,0.7848446424473076,0.2999999999999999
FAILED,,,1881,4876,3876,0.483438334595412,0.5999999999999999
RUNNING,,,3949,982,111,0.5071087567768991,9.99999999e-08
RUNNING,,,4835,4090,2322,0.7151170009616761,1e-05
RUNNING,,,1835,518,3537,0.3021014951858669,0.8
RUNNING,,,68,3387,782,0.998695782188326,0.01
FAILED,,,3303,2007,4606,0.0243700114376842,9.999e-13
RUNNING,,,3129,3195,1683,0.6125071528796106,0.6999999999999998
RUNNING,,,201,2038,2927,0.4017878720555454,9.999999999e-07
RUNNING,,,1658,4371,172,0.8279278790391981,1e-08
RUNNING,,,4975,399,3966,0.1805188929326832,0.4
FAILED,,,3811,4834,3603,0.0982247905451804,0.1
FAILED,,,2060,1185,2417,0.8855017026532441,9.9999e-12
FAILED,,,1093,2721,4506,0.3136413527242839,0.0001
RUNNING,,,3077,1262,731,0.6642361736856401,0.9
RUNNING,,,2767,3886,4769,0.9631222806815058,9.99999999e-08
RUNNING,,,777,259,1093,0.0511715545449405,0.5
RUNNING,,,2371,3650,3340,0.7419189586080611,0.2
RUNNING,,,4126,2208,2055,0.2665285271890461,1e-10
FAILED,,,4661,2854,514,0.4488399183470755,9.999e-13
FAILED,,,1347,1754,4249,0.5348853851426392,0.01
FAILED,,,517,4652,1340,0.2276324322931468,0.8
RUNNING,,,3438,741,2644,0.750245807942003,0.0001
RUNNING,,,3456,4661,4876,0.4350712131094187,1e-10
RUNNING,,,520,728,1140,0.583008122799918,0.1
RUNNING,,,1329,2865,3267,0.1553900198563933,0.9
RUNNING,,,4657,1748,1964,0.8646372242644428,0.001
RUNNING,,,4137,3642,469,0.918902735641226,9.999999999e-07
RUNNING,,,2377,2221,4146,0.0688358382638543,0.5999999999999999
RUNNING,,,766,3875,1430,0.6392180922329425,0.2999999999999999
RUNNING,,,2761,264,2713,0.3504691037088632,1e-08
FAILED,,,3076,2735,1790,0.0215928288530558,0.01
RUNNING,,,1077,1253,2978,0.9964857932310552,9.999e-13
RUNNING,,,2061,4840,107,0.3032875873669981,1e-05
RUNNING,,,3827,1174,3881,0.7167408464625477,0.6999999999999998
RUNNING,,,4967,4357,3551,0.5054243513848633,0.5999999999999999
RUNNING,,,1644,407,2306,0.4823135086949914,9.99999999e-08
RUNNING,,,210,3188,4592,0.7871156597435474,1e-09
RUNNING,,,3142,2049,799,0.2025727259069681,0.2999999999999999
RUNNING,,,3319,3396,2912,0.6660195907261222,0.001
RUNNING,,,69,1993,1695,0.3148956468161195,0.9
RUNNING,,,1819,4101,3982,0.883329693287611,0.1
RUNNING,,,4834,512,159,0.0956378702670335,9.9999e-12
RUNNING,,,3962,4867,2411,0.1831666036080568,1e-08
RUNNING,,,1889,996,3607,0.830038852630183,0.4
RUNNING,,,1215,2600,738,0.4004723042473197,0.6999999999999998
RUNNING,,,2896,1539,4501,0.6107842882946133,1e-05
RUNNING,,,2587,3921,1079,0.751542158236727,0.8
RUNNING,,,899,67,4786,0.2293742690142244,0.0001
RUNNING,,,2200,3527,2069,0.5322263090312481,9.9999e-12
RUNNING,,,4277,2487,3324,0.4467405406981706,0.01
RUNNING,,,4519,3053,4246,0.2686891711186617,0.2
RUNNING,,,1509,1711,520,0.744517474828288,1e-09
RUNNING,,,385,4385,2647,0.0493689199909567,9.99999999e-08
RUNNING,,,3629,853,1335,0.9618869587257504,0.5
RUNNING,,,3701,2943,21,0.5989568177461623,1e-09
RUNNING,,,451,1826,3804,0.3886601363271474,0.4
RUNNING,,,1437,4582,1872,0.81821127798222,0.5999999999999999
RUNNING,,,4451,651,3049,0.1713543018456548,9.999999999e-07
RUNNING,,,4342,3796,4676,0.1152471511289477,0.001
RUNNING,,,1496,644,4751,0.7381357239484787,0.0001
RUNNING,,,4600,4146,1947,0.0571943703070282,0.4
RUNNING,,,3193,2137,3388,0.8334099117778241,0.5
RUNNING,,,87,3007,1211,0.4024437315128743,9.9999e-12
RUNNING,,,756,1665,1460,0.2513146902173757,1e-08
RUNNING,,,2534,3156,4262,0.9494605962485076,0.6999999999999998
RUNNING,,,3931,480,409,0.1594787605591118,0.2
RUNNING,,,2155,4613,2587,0.6085698555894195,9.99999999e-08
RUNNING,,,2193,2289,79,0.8797535088397562,0.2999999999999999
RUNNING,,,4206,2532,2902,0.3210216549374163,0.0001
RUNNING,,,3119,1104,1765,0.5389078469872474,9.9999e-12
RUNNING,,,1108,3989,3962,0.2291408621072769,0.5999999999999999
RUNNING,,,518,18,3703,0.111277775388211,0.9
RUNNING,,,3700,4773,882,0.6840524155311286,1e-10
RUNNING,,,4797,1510,4450,0.4565420116707682,1e-05
RUNNING,,,1612,3633,2252,0.7793115014955401,0.01
RUNNING,,,1856,1373,3038,0.1324182392433285,1e-10
RUNNING,,,4882,3496,217,0.5732553731873631,0.5
RUNNING,,,3459,233,3865,0.286172086533159,0.4
RUNNING,,,431,4988,1667,0.976978203650564,0.0001
RUNNING,,,1031,1007,665,0.8609272775202989,9.99999999e-08
RUNNING,,,2888,3892,3489,0.4373013620525598,0.1
RUNNING,,,4281,2464,2429,0.7028214794881642,0.8
RUNNING,,,2427,2707,4625,0.0301336147673428,1e-09
RUNNING,,,1918,383,2124,0.4913689514435827,0.6999999999999998
RUNNING,,,3853,4516,4925,0.8068595654405653,9.999e-13
RUNNING,,,2769,1840,995,0.0842477106153965,0.001
RUNNING,,,837,3331,3174,0.6487074765861033,0.2
RUNNING,,,158,1999,4165,0.5035631497018039,0.01
RUNNING,,,3419,2869,1361,0.2021105631105601,9.999999999e-07
RUNNING,,,4532,860,2723,0.9073013311251998,1e-09
RUNNING,,,1269,4362,546,0.355848828934133,0.9
RUNNING,,,1333,2104,1838,0.0130549623724073,9.99999999e-08
RUNNING,,,4437,3108,4035,0.6887087709065526,0.2
RUNNING,,,3357,743,6,0.4201430103275924,0.8
RUNNING,,,251,4116,2829,0.8468942905757576,1e-08
RUNNING,,,900,594,4524,0.9920462315957992,9.9999e-12
RUNNING,,,2679,4587,2325,0.302287771968171,0.5999999999999999
RUNNING,,,3787,1637,3629,0.5882746193576605,0.2999999999999999
RUNNING,,,2012,3272,808,0.1485826990175992,0.0001
RUNNING,,,2362,1221,3304,0.3729850576538592,0.01
RUNNING,,,4375,3961,1128,0.9213488380927592,1e-05
RUNNING,,,2951,2264,4834,0.2192037280928343,1e-10
RUNNING,,,940,2645,2029,0.5176537278424947,0.9
RUNNING,,,369,1480,326,0.6336970398370176,0.5999999999999999
RUNNING,,,3551,3732,2504,0.0680668384376913,9.999e-13
RUNNING,,,4946,119,1543,0.7917751176562159,0.001
FAILED,,,1761,4740,4345,0.4752620679941028,0.2999999999999999
RUNNING,,,1687,256,1068,0.6236497731860727,1e-08
FAILED,,,4713,4877,3247,0.1755825414713472,0.8
RUNNING,,,3628,1264,2050,0.964467952767387,0.1
RUNNING,,,599,3516,4852,0.267491054514423,9.99999999e-08
RUNNING,,,1180,2360,2796,0.3853465270977467,1e-05
RUNNING,,,3037,2742,619,0.8193157700877636,0.4
RUNNING,,,4132,1045,4092,0.040054570602253,0.5
RUNNING,,,2278,3785,1288,0.7240841663945466,1e-10
RUNNING,,,2081,1734,3782,0.7642882084567099,0.9
RUNNING,,,4016,3369,1584,0.4403739809114485,1e-09
RUNNING,,,2606,419,3121,0.6689808240365237,9.999999999e-07
RUNNING,,,673,4412,300,0.0951580505203455,0.1
RUNNING,,,14,880,2346,0.2462947059515863,0.2
RUNNING,,,3275,4253,4542,0.5529377537015826,0.001
RUNNING,,,4675,1888,748,0.3380972047951072,9.999e-13
RUNNING,,,1412,2892,3572,0.8938616872336715,0.5999999999999999
RUNNING,,,1479,1598,931,0.448317779360339,0.2
RUNNING,,,4623,3232,3735,0.7563482059221714,9.99999999e-08
RUNNING,,,3211,556,2227,0.1030554466117173,1e-08
RUNNING,,,65,4548,4403,0.6610872164238243,0.6999999999999998
RUNNING,,,656,704,2933,0.5608965350445358,0.5999999999999999
RUNNING,,,2630,4078,132,0.2383397056516259,9.9999e-12
RUNNING,,,4032,2064,3916,0.9017441004309802,0.0001
RUNNING,,,2060,3069,1737,0.3302185949478298,0.2999999999999999
RUNNING,,,2333,81,4231,0.1832967447284609,1e-05
RUNNING,,,4072,4701,1407,0.6159394030217081,0.01
RUNNING,,,2980,1440,2633,0.2751307708527893,0.9
RUNNING,,,1243,3692,437,0.9568320472147316,1e-10
RUNNING,,,574,2224,1897,0.8270149755794554,9.999e-13
RUNNING,,,3639,2606,4718,0.3776511398274451,0.5999999999999999
RUNNING,,,4741,1182,1236,0.7317388804983347,0.2999999999999999
RUNNING,,,1673,3923,3434,0.0324036821555346,0.001
RUNNING,,,1755,1083,1389,0.929291922716424,0.8
RUNNING,,,4977,3824,4210,0.3650457689445466,1e-08
RUNNING,,,3559,2400,494,0.5255518377590924,9.99999999e-08
RUNNING,,,335,2782,2693,0.2113094066549092,0.1
RUNNING,,,1014,1304,4973,0.0760253818389028,0.4
RUNNING,,,2909,3556,2150,0.6257422774787991,1e-05
RUNNING,,,4298,295,3141,0.4831447191331535,1e-10
RUNNING,,,2405,4915,944,0.7838962698671966,0.5
RUNNING,,,1974,1928,3441,0.6964246397558599,1e-09
RUNNING,,,3792,2932,639,0.0053429266158491,0.8
RUNNING,,,2713,919,4658,0.8545323413219302,0.01
RUNNING,,,898,4292,2480,0.4125087703671306,9.999999999e-07
RUNNING,,,297,457,189,0.3099881671685725,0.001
RUNNING,,,3284,4450,2994,0.984349654616788,0.2999999999999999
RUNNING,,,4392,1774,1719,0.1562362234126776,0.6999999999999998
RUNNING,,,1403,3408,3895,0.5806249206196517,9.999e-13
RUNNING,,,1310,520,2550,0.7991446632295846,0.4
RUNNING,,,4454,4652,354,0.499080050304532,0.0001
RUNNING,,,3379,1704,4314,0.6410684889443218,9.9999e-12
RUNNING,,,233,3194,1490,0.0918829172141849,0.5
RUNNING,,,805,2175,1153,0.1944111345484852,0.6999999999999998
RUNNING,,,2778,3045,3352,0.5112587897852063,1e-08
RUNNING,,,3883,684,1980,0.3481943676434457,9.99999999e-08
RUNNING,,,1911,4186,4801,0.9149519965015352,0.2
RUNNING,,,2496,1549,2300,0.5653113219253719,0.0001
RUNNING,,,4235,3671,4477,0.1403584648482501,0.2999999999999999
RUNNING,,,2816,58,858,0.9690810306295752,0.5999999999999999
RUNNING,,,1079,4812,3662,0.2940654413327574,9.9999e-12
RUNNING,,,430,1144,3989,0.4293418520130217,1e-10
RUNNING,,,3495,4029,1810,0.8688829767741262,0.9
RUNNING,,,4885,2327,2860,0.0222519005239009,0.01
RUNNING,,,1817,2571,59,0.7106993606388567,1e-05
RUNNING,,,1592,2426,4575,0.3133065147846937,0.5
RUNNING,,,4814,2669,2397,0.8874648456424474,9.9999e-12
RUNNING,,,3723,967,3524,0.2215021124072373,1e-05
RUNNING,,,499,3852,722,0.546542815644294,0.4
RUNNING,,,1158,194,1635,0.676352273143828,0.1
RUNNING,,,3054,4948,3812,0.1189741292968392,9.999999999e-07
RUNNING,,,4154,1334,272,0.7716577540300786,1e-08
RUNNING,,,2261,3457,3076,0.4641919632218778,0.8
RUNNING,,,2143,820,568,0.0492515087537467,9.999e-13
RUNNING,,,3960,4322,2766,0.7460747561268508,0.6999999999999998
RUNNING,,,2545,1960,1316,0.3945453687831759,0.2
RUNNING,,,730,2831,4137,0.8413044562861323,0.001
RUNNING,,,149,1802,3214,0.9415027518011628,9.999999999e-07
RUNNING,,,3136,3292,1017,0.2592687238790095,0.01
RUNNING,,,4541,344,4900,0.6006864757537841,0.9
RUNNING,,,1552,4476,2077,0.1673583073019981,1e-09
RUNNING,,,1527,2237,3155,0.5319766914136707,0.6999999999999998
RUNNING,,,4556,2622,975,0.2321697099097073,1e-08
RUNNING,,,3160,1234,4984,0.8766911558657884,9.99999999e-08
RUNNING,,,134,3977,2182,0.3279787907749414,0.1
RUNNING,,,705,143,488,0.4574075749479234,0.2999999999999999
RUNNING,,,2559,4766,2665,0.7745437940321863,0.0001
RUNNING,,,3985,1463,1381,0.1160123940780758,9.9999e-12
RUNNING,,,2128,3718,4185,0.6832122971490024,0.5999999999999999
RUNNING,,,2247,769,1686,0.8286722927913069,1e-10
RUNNING,,,4179,4140,3884,0.4032789460644126,0.9
RUNNING,,,3069,2089,158,0.7372654836289584,0.01
RUNNING,,,1134,3092,2980,0.0619593079797923,1e-05
RUNNING,,,484,1614,4683,0.1625383957922458,0.001
RUNNING,,,3747,3245,2487,0.6016080984771252,0.2999999999999999
RUNNING,,,4828,611,3469,0.2582410088814794,0.5999999999999999
FAILED,,,1568,4601,646,0.9464288150705396,9.999e-13
RUNNING,,,1802,395,3942,0.0812156766243278,0.1
RUNNING,,,4909,4385,1746,0.6556340183205902,9.99999999e-08
RUNNING,,,3510,1751,2961,0.4844074174016714,1e-08
RUNNING,,,405,3382,138,0.8099189478605985,0.8
RUNNING,,,1065,1914,2193,0.9120665513537825,0.5
RUNNING,,,2840,2917,4392,0.3549783990047872,1e-10
RUNNING,,,4250,866,901,0.5043981709256768,1e-05
RUNNING,,,2471,4237,3722,0.1973732266798615,0.4
RUNNING,,,1887,1288,1231,0.2853322209641337,9.999999999e-07
RUNNING,,,3897,3542,3407,0.9817125992700456,0.1
RUNNING,,,2803,240,1888,0.1276503087095916,0.8
RUNNING,,,790,4863,4692,0.5741211892776191,1e-09
RUNNING,,,209,1019,2646,0.7097783327698707,9.999e-13
RUNNING,,,3394,3762,467,0.0270714551210403,0.6999999999999998
RUNNING,,,4478,2374,4242,0.8639563186503946,0.2999999999999999
RUNNING,,,1296,2759,1441,0.4303699239231645,0.001
RUNNING,,,1378,1131,241,0.2122760895956307,0.5
RUNNING,,,4407,4013,3062,0.5206865686047822,9.9999e-12
RUNNING,,,3309,2275,1603,0.3699267125111073,0.0001
RUNNING,,,283,2516,3801,0.9283095058780164,0.4
RUNNING,,,874,1487,3553,0.7926447482500225,0.2
RUNNING,,,2728,3607,729,0.4704979519639164,9.99999999e-08
RUNNING,,,3816,35,4600,0.6384352350886912,1e-08
RUNNING,,,1959,4787,2405,0.0672307725008577,0.6999999999999998
RUNNING,,,2390,2110,4910,0.4154094735290855,9.9999e-12
RUNNING,,,4322,2983,2109,0.8477331114318221,0.5999999999999999
RUNNING,,,2924,658,3228,0.0121883469466119,0.2999999999999999
RUNNING,,,989,4163,1049,0.6934778056386857,0.0001
RUNNING,,,320,505,1308,0.5913378162812442,1e-05
RUNNING,,,3583,4639,4111,0.1416249794792383,0.01
RUNNING,,,4991,1649,561,0.9989765729624775,0.9
RUNNING,,,1731,3142,2738,0.299259537609294,1e-09
RUNNING,,,1659,1864,1971,0.6659528424907475,0.4
RUNNING,,,4765,3357,4775,0.1020881688166409,1e-05
RUNNING,,,3654,367,1148,0.757330265847966,9.9999e-12
RUNNING,,,550,4501,3324,0.4434374306481331,0.5
RUNNING,,,1229,833,4325,0.3428659569714218,0.8
RUNNING,,,3004,4338,1523,0.8929952651355415,1e-09
RUNNING,,,4087,2013,2563,0.2471337201353162,9.999999999e-07
RUNNING,,,2308,2886,384,0.548203934347257,0.1
RUNNING,,,2036,210,2888,0.9636316340174524,0.001
RUNNING,,,4046,4961,65,0.2722294728364795,0.2
RUNNING,,,2654,1389,4015,0.6188858802262693,0.6999999999999998
RUNNING,,,641,3509,1819,0.1764519192520528,9.999e-13
RUNNING,,,41,2490,828,0.0470155209433287,1e-09
RUNNING,,,3226,2731,3649,0.7210256279241293,0.9
RUNNING,,,4647,993,2266,0.3883791745323687,0.01
RUNNING,,,1465,3875,4465,0.8123884141463786,9.999999999e-07
RUNNING,,,1427,73,2460,0.2801078410241752,9.9999e-12
RUNNING,,,4651,4825,4639,0.955749455044046,0.5
RUNNING,,,3260,1526,698,0.1844071314688771,0.4
RUNNING,,,38,3647,3500,0.6109268349166959,0.0001
RUNNING,,,688,2315,3836,0.728919454889372,9.99999999e-08
RUNNING,,,2581,2555,1660,0.0391178683210164,0.2
RUNNING,,,4001,1169,3013,0.820328167585656,0.6999999999999998
RUNNING,,,2106,4051,209,0.3804356028717011,1e-08
