Status,ACCURACY,RUNTIME,REQLABELS,recent_samples_size,delta
COMPLETED,0.7299999999999999,2.0,0.26,4204,0.2794792816638946
COMPLETED,0.7299999999999999,1.0,0.0,170,0.8205840172320604
COMPLETED,0.7399999999999999,3.0,0.4199999999999999,1431,0.0056932465694844
COMPLETED,0.7299999999999999,2.0,0.1799999999999999,2947,0.5794483507554978
COMPLETED,0.7299999999999999,2.0,0.23,3680,0.1952394134700298
COMPLETED,0.7299999999999999,2.0,0.1199999999999999,1953,0.6423876388911158
COMPLETED,0.7299999999999999,1.0,0.04,667,0.4670138955842703
COMPLETED,0.7299999999999999,2.0,0.0,4952,0.8854120720438658
COMPLETED,0.7299999999999999,2.0,0.28,4514,0.1126264003682881
COMPLETED,0.7299999999999999,2.0,0.07,1104,0.5388500234261155
COMPLETED,0.7299999999999999,2.0,0.1499999999999999,2372,0.3556508558280765
COMPLETED,0.7299999999999999,1.0,0.0,3261,0.8106244832333177
COMPLETED,0.7299999999999999,1.0,0.17,2740,0.4147202408835292
COMPLETED,0.7299999999999999,1.0,0.0,1638,0.9962436782140284
COMPLETED,0.7299999999999999,2.0,0.02,356,0.1735845818426459
COMPLETED,0.7299999999999999,2.0,0.25,4017,0.7224576440490781
COMPLETED,0.7299999999999999,2.0,0.2399999999999999,3812,0.1393927866537123
COMPLETED,0.7299999999999999,2.0,0.0299999999999999,561,0.7111701172217727
COMPLETED,0.7299999999999999,2.0,0.11,1824,0.3953083754517138
COMPLETED,0.7299999999999999,1.0,0.0,2554,0.9383337869849055
COMPLETED,0.7299999999999999,2.0,0.2,3290,0.3353243386223912
COMPLETED,0.7299999999999999,2.0,0.14,2342,0.7518018511999398
COMPLETED,0.7299999999999999,2.0,0.13,1055,0.0774000307675451
COMPLETED,0.7299999999999999,2.0,0.28,4563,0.5265260260887444
COMPLETED,0.7299999999999999,2.0,0.2899999999999999,4747,0.4715408729258924
COMPLETED,0.7299999999999999,1.0,0.0,872,0.9284351642131804
COMPLETED,0.7299999999999999,1.0,0.13,2138,0.2462650255076587
COMPLETED,0.7299999999999999,2.0,0.22,3495,0.6705108786653727
COMPLETED,0.7299999999999999,2.0,0.3699999999999999,2976,0.0558061103671789
COMPLETED,0.7299999999999999,2.0,0.0899999999999999,1402,0.6066569461915641
COMPLETED,0.7299999999999999,1.0,0.01,121,0.2829697726946324
COMPLETED,0.7299999999999999,1.0,0.0,4252,0.862572542425245
COMPLETED,0.7399999999999999,3.0,0.7199999999999999,4314,0.0216073916312307
COMPLETED,0.7299999999999999,1.0,0.0,65,0.5628035163469612
COMPLETED,0.7299999999999999,2.0,0.08,1302,0.2624993537142872
COMPLETED,0.7299999999999999,1.0,0.0,3071,0.8363458238113671
COMPLETED,0.7299999999999999,2.0,0.22,3585,0.4530498764254152
COMPLETED,0.7299999999999999,1.0,0.0,2033,0.9001067210640759
COMPLETED,0.7299999999999999,2.0,0.05,820,0.2102691476661711
COMPLETED,0.7299999999999999,2.0,0.2999999999999999,4813,0.6285759582147002
COMPLETED,0.7299999999999999,2.0,0.2899999999999999,4629,0.3694929447155445
COMPLETED,0.7299999999999999,1.0,0.0,1004,0.7955642813406884
COMPLETED,0.7299999999999999,1.0,0.14,2238,0.0979621893018484
COMPLETED,0.7299999999999999,2.0,0.2099999999999999,3381,0.5527835451457649
COMPLETED,0.7299999999999999,2.0,0.16,2650,0.1577922778241336
COMPLETED,0.7299999999999999,2.0,0.11,1724,0.7394680015873164
COMPLETED,0.7299999999999999,2.0,0.0299999999999999,505,0.4313346075955778
COMPLETED,0.7299999999999999,1.0,0.0,3873,0.9803599413633348
COMPLETED,0.7299999999999999,2.0,0.2399999999999999,3922,0.3804907235633581
COMPLETED,0.7299999999999999,1.0,0.0,456,0.9524203331284224
COMPLETED,0.7299999999999999,2.0,0.1,1694,0.1530833345353603
COMPLETED,0.7299999999999999,2.0,0.17,2679,0.696261039936915
COMPLETED,0.7299999999999999,2.0,0.2,3195,0.0941659942530095
COMPLETED,0.7299999999999999,1.0,0.1499999999999999,2423,0.510491227833554
COMPLETED,0.7299999999999999,2.0,0.07,1209,0.3196855386290698
COMPLETED,0.7299999999999999,2.0,0.27,4424,0.7686592400819063
COMPLETED,0.7299999999999999,2.0,0.2999999999999999,4862,0.2293772209789604
COMPLETED,0.7299999999999999,2.0,0.05,772,0.6861801537908613
COMPLETED,0.7299999999999999,1.0,0.1199999999999999,2004,0.4875452257916331
COMPLETED,0.7299999999999999,1.0,0.0,3615,0.9116997056026012
COMPLETED,0.7299999999999999,2.0,0.1799999999999999,2886,0.2979093548543751
COMPLETED,0.7299999999999999,1.0,0.0,1487,0.8488515491541475
COMPLETED,0.7199999999999999,2.0,0.05,270,0.0417500393558293
COMPLETED,0.7299999999999999,2.0,0.25,4108,0.6214441824331879
COMPLETED,0.7299999999999999,2.0,0.25,4072,0.2183753218352794
COMPLETED,0.7299999999999999,1.0,0.02,311,0.6348528567198664
COMPLETED,0.7299999999999999,2.0,0.0899999999999999,1524,0.4438491962682455
COMPLETED,0.7299999999999999,1.0,0.0,2844,0.8929751692824066
COMPLETED,0.7299999999999999,2.0,0.23,3656,0.2563424131665378
COMPLETED,0.7299999999999999,1.0,0.0,1967,0.8281197511702775
COMPLETED,0.7299999999999999,2.0,0.14,730,0.028858897652477
COMPLETED,0.7299999999999999,2.0,0.2999999999999999,4898,0.5718843017499893
COMPLETED,0.7299999999999999,2.0,0.27,4382,0.4222557368800043
COMPLETED,0.7299999999999999,2.0,0.0,1246,0.9731065801400692
COMPLETED,0.7299999999999999,2.0,0.1499999999999999,2465,0.1660202948953956
COMPLETED,0.7299999999999999,2.0,0.2,3159,0.7456230571903288
COMPLETED,0.7299999999999999,2.0,0.17,2715,0.1050918561387807
COMPLETED,0.7299999999999999,2.0,0.1,1653,0.5619861697331071
COMPLETED,0.7299999999999999,1.0,0.0299999999999999,420,0.3632141910083592
COMPLETED,0.7299999999999999,2.0,0.25,3964,0.7874600218590349
COMPLETED,0.7299999999999999,2.0,0.2399999999999999,3837,0.3277897943928838
COMPLETED,0.7299999999999999,2.0,0.0299999999999999,546,0.7749379975069313
COMPLETED,0.7299999999999999,2.0,0.2,1760,0.0849633659478277
COMPLETED,0.7299999999999999,2.0,0.16,2608,0.5033615647144615
COMPLETED,0.7299999999999999,2.0,0.2099999999999999,3422,0.1469282826501876
COMPLETED,0.7299999999999999,2.0,0.14,2201,0.6880330191478133
COMPLETED,0.7299999999999999,2.0,0.0599999999999999,963,0.3877440885044634
COMPLETED,0.7299999999999999,1.0,0.0,4666,0.961499200126156
COMPLETED,0.7299999999999999,3.0,0.5899999999999999,4771,0.0326692502349615
COMPLETED,0.7299999999999999,2.0,0.05,857,0.6141926801297813
COMPLETED,0.7299999999999999,1.0,0.13,2075,0.3061354237776249
COMPLETED,0.7299999999999999,1.0,0.0,3548,0.8550084934197366
COMPLETED,0.7299999999999999,2.0,0.19,3108,0.4946767812911421
COMPLETED,0.7299999999999999,1.0,0.0,1260,0.9209003820419313
COMPLETED,0.7299999999999999,1.0,0.0,28,0.2231003261916339
COMPLETED,0.7299999999999999,2.0,0.27,4355,0.6780739759039133
COMPLETED,0.7299999999999999,2.0,0.27,4289,0.4606151151396334
COMPLETED,0.7299999999999999,1.0,0.0,79,0.8769403561558574
COMPLETED,0.7299999999999999,2.0,0.08,1365,0.2027365069705993
COMPLETED,0.7299999999999999,2.0,0.19,3018,0.6517102009877562
COMPLETED,0.7399999999999999,3.0,0.66,3453,0.0140412011500447
COMPLETED,0.7299999999999999,1.0,0.13,2175,0.5859708330221473
COMPLETED,0.7299999999999999,2.0,0.0599999999999999,913,0.2700329461768269
COMPLETED,0.7299999999999999,1.0,0.0,4710,0.8132106292713434
COMPLETED,0.7299999999999999,2.0,0.28,4605,0.1809598324410617
COMPLETED,0.7299999999999999,2.0,0.0599999999999999,1019,0.7319020490478723
COMPLETED,0.7299999999999999,1.0,0.14,2301,0.4081996509972959
COMPLETED,0.7299999999999999,1.0,0.0,3327,0.9878937717676162
COMPLETED,0.7299999999999999,1.0,0.16,2518,0.3463263418655842
COMPLETED,0.7299999999999999,1.0,0.0,1865,0.8031292821131646
COMPLETED,0.7299999999999999,2.0,0.04,598,0.1210961941331624
COMPLETED,0.7299999999999999,2.0,0.23,3771,0.5452506665084511
COMPLETED,0.7299999999999999,3.0,0.5,4054,0.0709993914030492
COMPLETED,0.7299999999999999,1.0,0.02,314,0.5180562286060304
COMPLETED,0.7299999999999999,2.0,0.1,1601,0.342819543460384
COMPLETED,0.7299999999999999,2.0,0.17,2781,0.7611263614445924
COMPLETED,0.7299999999999999,2.0,0.2,3220,0.4036582781802862
COMPLETED,0.7299999999999999,1.0,0.0,2408,0.9448543805889784
COMPLETED,0.7299999999999999,2.0,0.07,1146,0.1299483779370784
COMPLETED,0.7299999999999999,2.0,0.28,4478,0.7037948703411966
COMPLETED,0.7299999999999999,2.0,0.3099999999999999,4993,0.2903431643731891
COMPLETED,0.7299999999999999,1.0,0.0,630,0.8720188658293336
COMPLETED,0.7299999999999999,2.0,0.2399999999999999,1911,0.049283631818369
COMPLETED,0.7299999999999999,2.0,0.23,3717,0.5983089878931641
COMPLETED,0.7299999999999999,2.0,0.1799999999999999,2910,0.2369424596931785
COMPLETED,0.7299999999999999,2.0,0.0899999999999999,1473,0.663013788882643
COMPLETED,0.7299999999999999,1.0,0.01,206,0.4800125850960612
COMPLETED,0.7299999999999999,1.0,0.0,4162,0.9348339483756573
COMPLETED,0.7299999999999999,2.0,0.26,4144,0.0987776537593454
COMPLETED,0.7299999999999999,2.0,0.01,226,0.5477837264426053
COMPLETED,0.7299999999999999,2.0,0.0899999999999999,1454,0.372539423443377
COMPLETED,0.7299999999999999,2.0,0.1799999999999999,2929,0.7888970133829862
COMPLETED,0.7299999999999999,2.0,0.23,3736,0.4363019751347601
COMPLETED,0.7299999999999999,1.0,0.0,1892,0.9794473093058914
COMPLETED,0.7299999999999999,2.0,0.04,649,0.1645489245075732
COMPLETED,0.7299999999999999,2.0,0.3099999999999999,4975,0.736446177713573
COMPLETED,0.7299999999999999,2.0,0.28,4458,0.2615864688437432
COMPLETED,0.7299999999999999,1.0,0.0,1166,0.8413129682801664
COMPLETED,0.7299999999999999,2.0,0.4699999999999999,2389,0.0185853446871042
COMPLETED,0.7299999999999999,2.0,0.2,3240,0.5695599102173
COMPLETED,0.7299999999999999,2.0,0.17,2802,0.2052695520333945
COMPLETED,0.7299999999999999,2.0,0.1,1582,0.629391675485298
COMPLETED,0.7299999999999999,2.0,0.02,335,0.4463828612808138
COMPLETED,0.7299999999999999,1.0,0.0,4034,0.9031534228622912
COMPLETED,0.7299999999999999,2.0,0.23,3751,0.4883933923672884
COMPLETED,0.7299999999999999,1.0,0.0,618,0.9066678391210736
COMPLETED,0.7299999999999999,2.0,0.11,1845,0.2324563720822334
COMPLETED,0.7299999999999999,2.0,0.16,2538,0.6794808677975088
COMPLETED,0.7299999999999999,3.0,0.5,3347,0.0466849129758775
COMPLETED,0.7299999999999999,1.0,0.14,2281,0.6205637468677014
COMPLETED,0.7299999999999999,2.0,0.0599999999999999,1039,0.3046334778759628
COMPLETED,0.7299999999999999,1.0,0.0,4585,0.8458619515150785
COMPLETED,0.7299999999999999,2.0,0.2899999999999999,4692,0.1522031517829746
COMPLETED,0.7299999999999999,2.0,0.0599999999999999,932,0.7011961366273461
COMPLETED,0.7299999999999999,1.0,0.13,2156,0.3775013489946723
COMPLETED,0.7299999999999999,2.0,0.0,3473,0.9591447089631108
COMPLETED,0.7299999999999999,2.0,0.19,3037,0.3146534490771591
COMPLETED,0.7299999999999999,2.0,0.08,1347,0.7695071538444608
COMPLETED,0.7299999999999999,1.0,0.01,99,0.0874664554465562
COMPLETED,0.7299999999999999,2.0,0.26,4270,0.513570155866444
COMPLETED,0.7299999999999999,2.0,0.27,4375,0.3565350557062774
COMPLETED,0.7299999999999999,1.0,0.0,8,0.8056324868649243
COMPLETED,0.7299999999999999,2.0,0.08,1281,0.1156654731594026
COMPLETED,0.7299999999999999,2.0,0.19,3088,0.5321144364457577
COMPLETED,0.7299999999999999,2.0,0.22,3529,0.1786049806475639
COMPLETED,0.7299999999999999,1.0,0.13,2095,0.7216589563433081
COMPLETED,0.7299999999999999,2.0,0.05,837,0.4213624078463762
COMPLETED,0.7299999999999999,1.0,0.0,4792,0.99316828770563
COMPLETED,0.7399999999999999,6.0,0.98,4685,0.0048947819340974
COMPLETED,0.7299999999999999,2.0,0.0599999999999999,944,0.5844690023735165
COMPLETED,0.7299999999999999,1.0,0.14,2220,0.2764041356034576
COMPLETED,0.7299999999999999,1.0,0.0,3404,0.8272264072652906
COMPLETED,0.7299999999999999,2.0,0.16,2589,0.4620216464027762
COMPLETED,0.7299999999999999,1.0,0.0,1779,0.8862960488516837
COMPLETED,0.7299999999999999,2.0,0.0299999999999999,528,0.1885036034192889
COMPLETED,0.7299999999999999,2.0,0.2399999999999999,3856,0.6454264588691294
COMPLETED,0.7299999999999999,2.0,0.25,3983,0.247120598020032
COMPLETED,0.7299999999999999,2.0,0.02,401,0.6655473312065004
COMPLETED,0.7299999999999999,2.0,0.1,1672,0.4745512886084616
COMPLETED,0.7299999999999999,1.0,0.0,2697,0.9217280558850616
COMPLETED,0.7299999999999999,2.0,0.19,3140,0.288019126035273
COMPLETED,0.7299999999999999,1.0,0.0,2484,0.8617456734944134
COMPLETED,0.7299999999999999,2.0,0.1499999999999999,1227,0.062477202123031
COMPLETED,0.7299999999999999,2.0,0.27,4402,0.6035534042008222
COMPLETED,0.7299999999999999,2.0,0.2999999999999999,4919,0.3944812834504991
COMPLETED,0.7299999999999999,1.0,0.0,710,0.9433828875124454
COMPLETED,0.7299999999999999,2.0,0.1199999999999999,1988,0.1362889918498694
COMPLETED,0.7299999999999999,2.0,0.23,3636,0.7178409859072415
COMPLETED,0.7299999999999999,2.0,0.3499999999999999,2824,0.0724367361217737
COMPLETED,0.7299999999999999,2.0,0.1,1544,0.5273818216715008
COMPLETED,0.7299999999999999,2.0,0.02,292,0.3286174533646553
COMPLETED,0.7299999999999999,2.0,0.25,4092,0.7548125196956098
COMPLETED,0.7299999999999999,2.0,0.26,4129,0.4131420346535742
COMPLETED,0.7299999999999999,1.0,0.0,250,0.9870208759810776
COMPLETED,0.7299999999999999,2.0,0.0899999999999999,1508,0.1876762669701129
COMPLETED,0.7299999999999999,2.0,0.1799999999999999,2866,0.7289047331735492
COMPLETED,0.7299999999999999,2.0,0.22,3595,0.1219366424735635
COMPLETED,0.7299999999999999,1.0,0.13,2024,0.5402111115343868
COMPLETED,0.7299999999999999,2.0,0.05,752,0.3494130327478051
COMPLETED,0.7299999999999999,1.0,0.0,4882,0.7964375061560423
COMPLETED,0.7299999999999999,2.0,0.27,4443,0.1976966991834342
COMPLETED,0.7299999999999999,2.0,0.07,1191,0.6525504262577742
COMPLETED,0.7299999999999999,1.0,0.1499999999999999,2442,0.4539231161121278
COMPLETED,0.7299999999999999,2.0,0.0,3177,0.8800267942249775
COMPLETED,0.7299999999999999,2.0,0.16,2660,0.2691602734606712
COMPLETED,0.7299999999999999,1.0,0.0,1714,0.8181532657407224
COMPLETED,0.7299999999999999,2.0,0.14,437,0.0110441380888223
COMPLETED,0.7299999999999999,2.0,0.2399999999999999,3941,0.5926874906215815
COMPLETED,0.7299999999999999,3.0,0.57,3893,0.0542587175928056
COMPLETED,0.7299999999999999,1.0,0.0299999999999999,486,0.5974040443282574
COMPLETED,0.7299999999999999,2.0,0.11,1743,0.297092271277681
COMPLETED,0.7299999999999999,1.0,0.0,2631,0.8689895319193601
COMPLETED,0.7299999999999999,2.0,0.2099999999999999,3362,0.4808205395173281
COMPLETED,0.7299999999999999,1.0,0.0,2257,0.9298265898935496
COMPLETED,0.7299999999999999,2.0,0.0599999999999999,986,0.2399966269135475
COMPLETED,0.7299999999999999,2.0,0.2899999999999999,4648,0.6563542391601949
COMPLETED,0.7299999999999999,2.0,0.2999999999999999,4833,0.3378124377913773
COMPLETED,0.7299999999999999,2.0,0.05,801,0.7619345389362424
COMPLETED,0.7299999999999999,1.0,0.2999999999999999,2054,0.0643400647509843
COMPLETED,0.7299999999999999,2.0,0.22,3565,0.5211106486395001
COMPLETED,0.7299999999999999,2.0,0.19,3051,0.1290432113017886
COMPLETED,0.7299999999999999,2.0,0.08,1322,0.7087697033025324
COMPLETED,0.7299999999999999,1.0,0.0,45,0.4006286914572119
COMPLETED,0.7299999999999999,1.0,0.0,4334,0.9516032644230872
COMPLETED,0.7299999999999999,2.0,0.26,4234,0.1710618705153465
COMPLETED,0.7299999999999999,1.0,0.01,140,0.7447884402815252
COMPLETED,0.7299999999999999,2.0,0.0899999999999999,1383,0.4289343089293688
COMPLETED,0.7299999999999999,1.0,0.0,2995,0.9700104887001216
COMPLETED,0.7299999999999999,2.0,0.22,3514,0.364077214071527
COMPLETED,0.7299999999999999,1.0,0.13,2119,0.782503954693675
COMPLETED,0.7299999999999999,2.0,0.0599999999999999,891,0.1080945238433778
COMPLETED,0.7299999999999999,2.0,0.2899999999999999,4728,0.5552712836842983
COMPLETED,0.7299999999999999,2.0,0.28,4543,0.4388933521732688
COMPLETED,0.7299999999999999,1.0,0.0,1076,0.8938384451586752
COMPLETED,0.7299999999999999,1.0,0.14,2323,0.2116606885995715
COMPLETED,0.7299999999999999,2.0,0.2,3311,0.6378557474948466
COMPLETED,0.7299999999999999,2.0,0.38,2575,0.0280240279305726
COMPLETED,0.7299999999999999,2.0,0.11,1804,0.5769256542995572
COMPLETED,0.7299999999999999,2.0,0.04,581,0.2532460986562073
COMPLETED,0.7299999999999999,1.0,0.0,3793,0.8347980704065411
COMPLETED,0.7299999999999999,2.0,0.25,3998,0.3111483720317482
COMPLETED,0.7299999999999999,1.0,0.0,376,0.854202325420454
COMPLETED,0.7299999999999999,3.0,0.25,1618,0.0393191651757806
COMPLETED,0.7299999999999999,2.0,0.17,2760,0.6111250673420727
COMPLETED,0.7299999999999999,2.0,0.2,3281,0.2239923037905245
COMPLETED,0.7299999999999999,2.0,0.1499999999999999,2352,0.673089727513492
COMPLETED,0.7299999999999999,2.0,0.07,1125,0.4977083737887442
COMPLETED,0.7299999999999999,1.0,0.0,4494,0.9141573445107788
COMPLETED,0.7299999999999999,3.0,0.6099999999999999,4933,0.0799788944870233
COMPLETED,0.7299999999999999,1.0,0.04,686,0.5042532895002513
COMPLETED,0.7299999999999999,2.0,0.1199999999999999,1934,0.3210465040486306
COMPLETED,0.7299999999999999,2.0,0.23,3700,0.7779693669341504
COMPLETED,0.7299999999999999,2.0,0.1799999999999999,2966,0.3869381733182817
COMPLETED,0.7299999999999999,2.0,0.0,1413,0.9665123714506624
COMPLETED,0.7299999999999999,2.0,0.01,189,0.143860892932862
COMPLETED,0.7299999999999999,2.0,0.26,4185,0.6946831869017333
COMPLETED,0.7299999999999999,2.0,0.26,4193,0.1414582520276307
COMPLETED,0.7299999999999999,1.0,0.01,180,0.6922814866099507
COMPLETED,0.7299999999999999,2.0,0.0899999999999999,1423,0.3844674067180604
COMPLETED,0.7299999999999999,1.0,0.0,2955,0.964040671672672
COMPLETED,0.7299999999999999,2.0,0.23,3710,0.3235094780568033
COMPLETED,0.7299999999999999,2.0,0.1199999999999999,1923,0.7804332741200924
COMPLETED,0.7299999999999999,2.0,0.04,694,0.0823890900425612
COMPLETED,0.7299999999999999,2.0,0.2999999999999999,4924,0.5066625444423407
COMPLETED,0.7299999999999999,2.0,0.28,4503,0.499197448529303
COMPLETED,0.7299999999999999,1.0,0.0,1116,0.9156454563308508
COMPLETED,0.7299999999999999,1.0,0.1499999999999999,2363,0.2254266965445131
COMPLETED,0.7299999999999999,2.0,0.2,3270,0.6745250906236469
COMPLETED,0.7299999999999999,3.0,0.4299999999999999,2771,0.0378923270720988
COMPLETED,0.7299999999999999,2.0,0.1,1607,0.6096972588822245
COMPLETED,0.7299999999999999,2.0,0.02,384,0.3096515046991407
COMPLETED,0.7299999999999999,1.0,0.0,3989,0.8527064210083336
COMPLETED,0.7299999999999999,2.0,0.2399999999999999,3803,0.2508442756757139
COMPLETED,0.7299999999999999,1.0,0.0,570,0.8323953142482787
COMPLETED,0.7399999999999999,4.0,0.34,1812,0.0255531572308391
COMPLETED,0.7299999999999999,2.0,0.16,2566,0.5744557242132722
COMPLETED,0.7299999999999999,2.0,0.2099999999999999,3319,0.2141240046489983
COMPLETED,0.7299999999999999,2.0,0.14,2314,0.6403181229308247
COMPLETED,0.7299999999999999,2.0,0.07,1086,0.4413029677458107
COMPLETED,0.7299999999999999,1.0,0.0,4532,0.8962489939089864
COMPLETED,0.7299999999999999,2.0,0.2899999999999999,4739,0.109582512974739
COMPLETED,0.7299999999999999,2.0,0.05,879,0.556760243171826
COMPLETED,0.7299999999999999,2.0,0.13,2128,0.365513406259939
COMPLETED,0.7299999999999999,2.0,0.22,3505,0.7839391839616001
COMPLETED,0.7299999999999999,2.0,0.19,3004,0.4275059093330055
COMPLETED,0.7299999999999999,1.0,0.0,1375,0.9685830520242452
COMPLETED,0.7299999999999999,2.0,0.01,151,0.1695663267336785
COMPLETED,0.7299999999999999,2.0,0.26,4222,0.7432919261436909
COMPLETED,0.7299999999999999,2.0,0.27,4323,0.3991318984813987
COMPLETED,0.7299999999999999,1.0,0.0,55,0.9501074046250432
COMPLETED,0.7299999999999999,2.0,0.08,1314,0.1276162988413125
COMPLETED,0.7299999999999999,2.0,0.19,3060,0.7073418502286076
COMPLETED,0.7299999999999999,4.0,0.53,3557,0.0657744128908962
COMPLETED,0.7299999999999999,1.0,0.13,2062,0.5225459373928607
COMPLETED,0.7299999999999999,2.0,0.05,789,0.3393015571460127
COMPLETED,0.7299999999999999,2.0,0.2999999999999999,4844,0.7634227251131087
COMPLETED,0.7299999999999999,2.0,0.2899999999999999,4637,0.2424067778550088
COMPLETED,0.7299999999999999,2.0,0.0599999999999999,996,0.6587634197454899
COMPLETED,0.7299999999999999,1.0,0.14,2248,0.4832835581395775
COMPLETED,0.7299999999999999,1.0,0.0,3370,0.932290571436286
COMPLETED,0.7299999999999999,1.0,0.16,2622,0.2946215790342539
COMPLETED,0.7299999999999999,1.0,0.0,1751,0.8665178767554462
COMPLETED,0.7199999999999999,2.0,0.0599999999999999,475,0.05185600233078
COMPLETED,0.7299999999999999,2.0,0.2399999999999999,3903,0.5950022994223982
COMPLETED,0.7399999999999999,6.0,0.98,3932,0.009548638921231
COMPLETED,0.7299999999999999,1.0,0.0299999999999999,446,0.5911910508405416
COMPLETED,0.7299999999999999,2.0,0.11,1702,0.2677318292502313
COMPLETED,0.7299999999999999,1.0,0.0,2671,0.8167257547080516
COMPLETED,0.7299999999999999,2.0,0.2,3165,0.4553592339437455
COMPLETED,0.7299999999999999,1.0,0.0,2453,0.8814619788788259
COMPLETED,0.7299999999999999,2.0,0.07,1182,0.1991847626715898
COMPLETED,0.7299999999999999,2.0,0.28,4451,0.6540394303593785
COMPLETED,0.7299999999999999,2.0,0.2999999999999999,4873,0.3518225739635527
COMPLETED,0.7299999999999999,1.0,0.0,760,0.7988480102922767
COMPLETED,0.7299999999999999,2.0,0.1199999999999999,2013,0.1244000328797846
COMPLETED,0.7299999999999999,2.0,0.22,3605,0.5426735315844416
COMPLETED,0.7299999999999999,2.0,0.1799999999999999,2855,0.185205440884456
COMPLETED,0.7299999999999999,2.0,0.0899999999999999,1519,0.7264348774440585
COMPLETED,0.7299999999999999,1.0,0.01,241,0.4107401670590042
ABANDONED,,,,4137,0.9846180454660208
COMPLETED,0.7299999999999999,2.0,0.25,4100,0.3310735270623117
COMPLETED,0.7299999999999999,2.0,0.02,283,0.7572676230370998
ABANDONED,,,,1555,0.0748533561043441
COMPLETED,0.7299999999999999,2.0,0.17,2813,0.529799404574558
ABANDONED,,,,3647,0.1338951547890901
ABANDONED,,,,1976,0.7154461859259754
ABANDONED,,,,718,0.3920021888893097
ABANDONED,,,,4910,0.9409047633074225
COMPLETED,0.7299999999999999,2.0,0.55,4410,0.0610567884463816
COMPLETED,0.7299999999999999,2.0,0.08,1218,0.6021339237019419
COMPLETED,0.7299999999999999,2.0,0.1499999999999999,2495,0.2865153583921491
COMPLETED,0.7299999999999999,1.0,0.0,3129,0.8602409652378409
COMPLETED,0.7299999999999999,2.0,0.17,2708,0.4760320353880524
COMPLETED,0.7299999999999999,2.0,0.0,1661,0.9232097432781012
COMPLETED,0.7299999999999999,1.0,0.0299999999999999,409,0.2485637946184724
COMPLETED,0.7299999999999999,2.0,0.25,3974,0.6669895946271717
COMPLETED,0.7299999999999999,2.0,0.2399999999999999,3867,0.1909585915077477
COMPLETED,0.7299999999999999,2.0,0.0299999999999999,516,0.6478824098780751
COMPLETED,0.7299999999999999,2.0,0.11,1788,0.46444006581977
COMPLETED,0.7299999999999999,1.0,0.0,2581,0.8887134979125111
COMPLETED,0.7299999999999999,2.0,0.2099999999999999,3412,0.2740087370499968
COMPLETED,0.7299999999999999,2.0,0.0,2211,0.8248319790679961
COMPLETED,0.7299999999999999,3.0,0.46,955,0.0024170109238475
COMPLETED,0.7299999999999999,2.0,0.2899999999999999,4673,0.5819902684427797
COMPLETED,0.7299999999999999,2.0,0.2999999999999999,4802,0.4199428120944648
COMPLETED,0.7299999999999999,1.0,0.0,826,0.99174775134027
COMPLETED,0.7299999999999999,2.0,0.13,2103,0.1771011089049279
COMPLETED,0.7299999999999999,2.0,0.22,3520,0.7201560177784412
COMPLETED,0.7299999999999999,2.0,0.19,3097,0.1171465619802475
COMPLETED,0.7299999999999999,2.0,0.08,1272,0.5335945920888334
COMPLETED,0.7299999999999999,1.0,0.0,19,0.3579776723217218
COMPLETED,0.7299999999999999,1.0,0.0,4364,0.8070760440938175
COMPLETED,0.7299999999999999,2.0,0.26,4259,0.08890960743092
COMPLETED,0.7299999999999999,1.0,0.01,109,0.5150123449303209
COMPLETED,0.7299999999999999,2.0,0.08,1338,0.3161342404708266
COMPLETED,0.7299999999999999,2.0,0.19,3045,0.7709889155942947
COMPLETED,0.7299999999999999,2.0,0.2099999999999999,3464,0.3759976557083428
COMPLETED,0.7299999999999999,2.0,0.0,2164,0.9576400453206152
COMPLETED,0.7299999999999999,2.0,0.0599999999999999,921,0.1507826637495309
COMPLETED,0.7299999999999999,2.0,0.2899999999999999,4702,0.6997766115143895
COMPLETED,0.7299999999999999,2.0,0.28,4573,0.3021544576715677
COMPLETED,0.7299999999999999,1.0,0.0,1050,0.8433838719241321
COMPLETED,0.7199999999999999,2.0,0.28,2272,0.0442910015583038
COMPLETED,0.7299999999999999,2.0,0.2099999999999999,3356,0.6181689022723585
COMPLETED,0.7299999999999999,2.0,0.16,2529,0.2348729474507272
COMPLETED,0.7299999999999999,2.0,0.11,1854,0.6818983763437718
COMPLETED,0.7299999999999999,2.0,0.04,607,0.4908495106790214
COMPLETED,0.7299999999999999,1.0,0.0,3762,0.909123016819358
COMPLETED,0.7299999999999999,2.0,0.25,4025,0.4478254035394638
COMPLETED,0.7299999999999999,1.0,0.0,343,0.9045969354771076
COMPLETED,0.7299999999999999,2.0,0.1,1571,0.2067507152110338
COMPLETED,0.7299999999999999,2.0,0.17,2813,0.6308718757424504
COMPLETED,0.7299999999999999,3.0,0.69,3229,0.0170815175585448
COMPLETED,0.7299999999999999,2.0,0.1499999999999999,2399,0.5680570460092276
COMPLETED,0.7299999999999999,2.0,0.07,1157,0.2601668284777551
COMPLETED,0.7299999999999999,1.0,0.0,4466,0.839892357558012
COMPLETED,0.7299999999999999,2.0,0.3099999999999999,4966,0.1620711981113999
COMPLETED,0.7299999999999999,2.0,0.04,657,0.7339675181396305
COMPLETED,0.7299999999999999,2.0,0.1199999999999999,1881,0.4339065319672226
COMPLETED,0.7299999999999999,1.0,0.0,3747,0.9770528067518026
COMPLETED,0.7299999999999999,2.0,0.1799999999999999,2918,0.3749577685035765
COMPLETED,0.7299999999999999,2.0,0.0899999999999999,1465,0.7913144178297371
COMPLETED,0.7299999999999999,1.0,0.01,217,0.1012327162045985
COMPLETED,0.7299999999999999,2.0,0.26,4152,0.5502397220656275
COMPLETED,0.7299999999999999,2.0,0.26,4171,0.4785237036831677
COMPLETED,0.7299999999999999,1.0,0.0,198,0.9333460001405328
COMPLETED,0.7299999999999999,3.0,0.0899999999999999,1484,0.2355073977280408
COMPLETED,0.7299999999999999,2.0,0.1799999999999999,2900,0.6615777863040566
COMPLETED,0.7299999999999999,3.0,0.55,3728,0.050711258104071
COMPLETED,0.7299999999999999,2.0,0.1199999999999999,1900,0.5997375547923147
COMPLETED,0.7299999999999999,2.0,0.04,639,0.2918397194072604
COMPLETED,0.7299999999999999,1.0,0.0,4985,0.8735144876856356
COMPLETED,0.7299999999999999,2.0,0.28,4486,0.132351331140846
COMPLETED,0.7299999999999999,2.0,0.07,1137,0.7061968531887978
COMPLETED,0.7299999999999999,1.0,0.1499999999999999,2420,0.4061282565984875
COMPLETED,0.7299999999999999,1.0,0.0,3209,0.9473253219276666
COMPLETED,0.7299999999999999,2.0,0.17,2793,0.3403572386633604
COMPLETED,0.7299999999999999,2.0,0.1,1591,0.7586630937270818
COMPLETED,0.7199999999999999,2.0,0.04,323,0.0685890025198459
COMPLETED,0.7299999999999999,2.0,0.25,4046,0.5156468100789934
ABANDONED,,,,3782,0.1196078927032649
ABANDONED,,,,587,0.5437614244651048
ABANDONED,,,,1874,0.3448909378591925
ABANDONED,,,,2510,0.8016948112845421
ABANDONED,,,,3336,0.40962738138251
ABANDONED,,,,2293,0.9893205689750612
ABANDONED,,,,1030,0.182455569550395
ABANDONED,,,,4594,0.7333987267706543
ABANDONED,,,,4721,0.2724345758296549
ABANDONED,,,,902,0.8156132218446582
ABANDONED,,,,2184,0.0165127410609275
ABANDONED,,,,3445,0.5884414025768637
ABANDONED,,,,3027,0.2002724027391523
ABANDONED,,,,1357,0.6492470671124755
ABANDONED,,,,91,0.4582058118656277
ABANDONED,,,,4278,0.8745300899613648
ABANDONED,,,,4344,0.220689892694354
ABANDONED,,,,39,0.675664483020082
ABANDONED,,,,1252,0.4922145211081951
ABANDONED,,,,3117,0.918437188681215
ABANDONED,,,,3540,0.3086054765526205
ABANDONED,,,,2084,0.8574794793725014
ABANDONED,,,,846,0.0350721290819346
ABANDONED,,,,4782,0.6165946183633059
ABANDONED,,,,4655,0.3892407178953289
ABANDONED,,,,974,0.9629948665965348
ABANDONED,,,,2193,0.1483558345790952
ABANDONED,,,,3431,0.6894615414328872
ABANDONED,,,,2600,0.0835282593686133
ABANDONED,,,,1769,0.5019254877790807
ABANDONED,,,,536,0.3263009575940668
ABANDONED,,,,3848,0.7734501236286014
ABANDONED,,,,3955,0.3608048133775592
ABANDONED,,,,428,0.7850497110504657
ABANDONED,,,,1642,0.102627826264128
ABANDONED,,,,2727,0.5595230804719031
ABANDONED,,,,3148,0.1684918794203549
ABANDONED,,,,2476,0.7480937011018395
ABANDONED,,,,1237,0.4246573219187557
ABANDONED,,,,4391,0.9755090983565896
ABANDONED,,,,4890,0.0303546793758869
ABANDONED,,,,739,0.5733810538295656
ABANDONED,,,,1957,0.2577700989376753
ABANDONED,,,,3667,0.8295464740209281
ABANDONED,,,,2834,0.4424137179050594
ABANDONED,,,,1536,0.8915406538397073
ABANDONED,,,,303,0.2168870947621762
ABANDONED,,,,4080,0.6333636592905967
ABANDONED,,,,4117,0.0431707653310149
ABANDONED,,,,262,0.6228639454878867
ABANDONED,,,,1499,0.2994123343154788
ABANDONED,,,,2875,0.8503554989714176
ABANDONED,,,,3626,0.4860651482231915
ABANDONED,,,,1993,0.9102186576779931
ABANDONED,,,,780,0.2279338310528546
ABANDONED,,,,4853,0.6847377267852425
ABANDONED,,,,4433,0.3172296582590788
ABANDONED,,,,1201,0.7662043003253639
ABANDONED,,,,2434,0.0917487050592899
ABANDONED,,,,3185,0.5080730054620654
ABANDONED,,,,2690,0.1554779597781598
ABANDONED,,,,1684,0.6986565983574837
ABANDONED,,,,465,0.3829695058260113
ABANDONED,,,,3914,0.9548981747776268
ABANDONED,,,,3885,0.4327540100198238
ABANDONED,,,,494,0.9817803141437472
ABANDONED,,,,1733,0.1592968187779188
ABANDONED,,,,2641,0.7409715796206146
ABANDONED,,,,3390,0.0964803122989833
ABANDONED,,,,2229,0.5513026310633868
ABANDONED,,,,1015,0.3680506403986364
ABANDONED,,,,4618,0.7941210066676139
ABANDONED,,,,4824,0.2078138472791761
ABANDONED,,,,810,0.6261197246499359
ABANDONED,,,,2042,0.4506322451904415
ABANDONED,,,,3577,0.8976900304425508
ABANDONED,,,,3080,0.2648940830565988
ABANDONED,,,,1294,0.8387396125402301
ABANDONED,,,,76,0.0240853559691458
ABANDONED,,,,4303,0.5652824138626455
ABANDONED,,,,4242,0.2854486293140798
ABANDONED,,,,132,0.8650504286885261
ABANDONED,,,,1394,0.058200661253184
ABANDONED,,,,2985,0.6090524599980562
ABANDONED,,,,3487,0.2438476916998624
ABANDONED,,,,2147,0.6680925819370895
ABANDONED,,,,861,0.469085037169978
ABANDONED,,,,4758,0.9259802988134324
ABANDONED,,,,4552,0.0759565962273627
ABANDONED,,,,1067,0.5250835247263312
ABANDONED,,,,2334,0.3338443056680261
ABANDONED,,,,3299,0.7503208776321261
ABANDONED,,,,2546,0.3968114292696118
ABANDONED,,,,1833,0.9398377814162522
ABANDONED,,,,550,0.1408134382721036
ABANDONED,,,,3823,0.7125898356623948
ABANDONED,,,,4009,0.1760625907946377
ABANDONED,,,,365,0.724936615921557
ABANDONED,,,,1628,0.4171149256117642
ABANDONED,,,,2751,0.998637392586097
ABANDONED,,,,3251,0.3532331502363085
ABANDONED,,,,2383,0.8082077479977161
ABANDONED,,,,1096,0.1101711743380874
ABANDONED,,,,4523,0.5363938344754278
ABANDONED,,,,4943,0.4655715169105678
ABANDONED,,,,675,0.8839687527567148
ABANDONED,,,,1942,0.1937576108239591
ABANDONED,,,,3692,0.6409067694228142
ABANDONED,,,,2936,0.0071978321373462
ABANDONED,,,,1443,0.5809520031455904
ABANDONED,,,,161,0.2808986311089247
ABANDONED,,,,4212,0.8220043156556786
ABANDONED,,,,4216,0.0065325842052698
ABANDONED,,,,162,0.578918099442497
ABANDONED,,,,1439,0.2785430896561592
ABANDONED,,,,2934,0.8212039762996137
ABANDONED,,,,3682,0.468182310367003
ABANDONED,,,,1936,0.8840497347414493
ABANDONED,,,,683,0.1941602305583655
ABANDONED,,,,4950,0.6436526543032378
ABANDONED,,,,4531,0.3544105826392769
ABANDONED,,,,1102,0.8116713097859173
ABANDONED,,,,2374,0.1140134798940271
ABANDONED,,,,3245,0.5376492522843181
ABANDONED,,,,2748,0.1729322664160281
ABANDONED,,,,1626,0.7234185699149966
ABANDONED,,,,369,0.4152181358374655
ABANDONED,,,,4009,0.9954290828015656
ABANDONED,,,,3824,0.3966047991737723
ABANDONED,,,,554,0.9373450219351798
ABANDONED,,,,1831,0.1379419350232929
ABANDONED,,,,2543,0.7123052201606332
ABANDONED,,,,3294,0.0781085041631013
ABANDONED,,,,2325,0.5256231542900204
ABANDONED,,,,1073,0.3347626789994537
ABANDONED,,,,4560,0.7525507709737868
ABANDONED,,,,4764,0.2454837419390678
ABANDONED,,,,869,0.671097287947312
ABANDONED,,,,2141,0.4724113809298723
ABANDONED,,,,3477,0.927751440476626
ABANDONED,,,,2983,0.2818594194147736
ABANDONED,,,,1390,0.8639910302609205
ABANDONED,,,,132,0.0568196250759065
ABANDONED,,,,4246,0.6053281586747616
ABANDONED,,,,4302,0.263360823649913
ABANDONED,,,,71,0.8356549581047147
ABANDONED,,,,1295,0.0208313464988023
ABANDONED,,,,3083,0.5634008672311902
ABANDONED,,,,3582,0.2112926522102206
ABANDONED,,,,2051,0.6272514573670924
ABANDONED,,,,803,0.4519333329424262
ABANDONED,,,,4816,0.9015171225983648
ABANDONED,,,,4611,0.0965156243406236
ABANDONED,,,,1007,0.5539286379199475
ABANDONED,,,,2235,0.3707812821362167
ABANDONED,,,,3399,0.7945693260878324
ABANDONED,,,,2643,0.4307658060025423
ABANDONED,,,,1735,0.9810998230688271
ABANDONED,,,,493,0.1585116928219795
ABANDONED,,,,3880,0.7385703682247549
ABANDONED,,,,3909,0.1544642312936484
ABANDONED,,,,464,0.695052175058052
ABANDONED,,,,1686,0.3792604476455598
ABANDONED,,,,2692,0.9534714389145375
ABANDONED,,,,3193,0.3201886645834893
ABANDONED,,,,2440,0.7678555937074125
ABANDONED,,,,1193,0.0935046333223581
ABANDONED,,,,4426,0.5114450191650539
ABANDONED,,,,4845,0.4866199911870062
ABANDONED,,,,773,0.9123248956706373
ABANDONED,,,,2002,0.2302094240803271
ABANDONED,,,,3631,0.6856408569738269
ABANDONED,,,,2878,0.0406627627070993
ABANDONED,,,,1500,0.6227030150778591
ABANDONED,,,,257,0.2990820488706231
ABANDONED,,,,4116,0.8474992091227322
ABANDONED,,,,4075,0.4445657596830278
ABANDONED,,,,294,0.8920803875029087
ABANDONED,,,,1542,0.2178055721931159
ABANDONED,,,,2841,0.6355936864744872
ABANDONED,,,,3668,0.0301481831222772
ABANDONED,,,,1961,0.5708883984480053
ABANDONED,,,,737,0.2548986997883767
ABANDONED,,,,4886,0.8292619923613965
ABANDONED,,,,4389,0.1649028033632785
ABANDONED,,,,1234,0.7470344067737459
ABANDONED,,,,2476,0.4232763898409903
ABANDONED,,,,3152,0.9717849308755248
ABANDONED,,,,2733,0.3624409974589943
ABANDONED,,,,1650,0.7880545211602002
ABANDONED,,,,422,0.1059542741235345
ABANDONED,,,,3946,0.5612943559773266
ABANDONED,,,,3838,0.0861389189828187
ABANDONED,,,,530,0.5020063656643033
ABANDONED,,,,1777,0.3267034732289612
ABANDONED,,,,2606,0.7761958746667951
ABANDONED,,,,3435,0.3885753361210226
ABANDONED,,,,2193,0.9609608587939292
ABANDONED,,,,970,0.1460001890268176
ABANDONED,,,,4653,0.6886610682345927
ABANDONED,,,,4779,0.305475018331781
ABANDONED,,,,844,0.8559613292664289
ABANDONED,,,,2087,0.0331752352081239
ABANDONED,,,,3541,0.6133861747365444
ABANDONED,,,,3124,0.2218671912550926
ABANDONED,,,,1259,0.6791279407087712
ABANDONED,,,,30,0.4960567225646227
ABANDONED,,,,4338,0.9196924726478756
ABANDONED,,,,4287,0.2032315429057925
ABANDONED,,,,96,0.6508984645940363
ABANDONED,,,,1349,0.459961844228208
ABANDONED,,,,3020,0.8779022375065832
ABANDONED,,,,3441,0.2714209811873734
ABANDONED,,,,2183,0.8120089026447385
ABANDONED,,,,905,0.0128037869799882
ABANDONED,,,,4723,0.587014800556004
ABANDONED,,,,4596,0.4071195126008242
ABANDONED,,,,1032,0.9891597426645456
ABANDONED,,,,2288,0.1821253882050514
ABANDONED,,,,3335,0.7305425707641989
ABANDONED,,,,2501,0.1201628695093095
ABANDONED,,,,1867,0.5458677665572613
ABANDONED,,,,596,0.3471666349861771
ABANDONED,,,,3787,0.8025980753153562
ABANDONED,,,,4051,0.3438359097521752
ABANDONED,,,,332,0.7597947223447263
ABANDONED,,,,1584,0.0698899861723184
ABANDONED,,,,2784,0.5194737683925778
ABANDONED,,,,3208,0.1308179378919303
ABANDONED,,,,2415,0.7031120946537703
ABANDONED,,,,1139,0.4028741430286317
ABANDONED,,,,4489,0.9454436414539814
ABANDONED,,,,4987,0.0487229202445596
ABANDONED,,,,641,0.5990569596178829
ABANDONED,,,,1900,0.2910544893518089
ABANDONED,,,,3724,0.8711131424475461
ABANDONED,,,,2893,0.4785588818825781
ABANDONED,,,,1476,0.9359719028975814
ABANDONED,,,,203,0.238237935366109
ABANDONED,,,,4180,0.6620259718820451
ABANDONED,,,,4160,0.3716179959066212
ABANDONED,,,,224,0.7895260105188935
ABANDONED,,,,1456,0.0996136639285832
ABANDONED,,,,2913,0.5472482366934419
ABANDONED,,,,3744,0.1634654549267142
ABANDONED,,,,1880,0.7377088174261152
ABANDONED,,,,662,0.4374784762188791
ABANDONED,,,,4967,0.9780987763423472
ABANDONED,,,,4471,0.0199700485132634
ABANDONED,,,,1158,0.568354852406308
ABANDONED,,,,2397,0.260359999993816
ABANDONED,,,,3227,0.8423678811341523
ABANDONED,,,,2804,0.4468897943031042
ABANDONED,,,,1565,0.9023535835556686
ABANDONED,,,,351,0.2046119981706142
ABANDONED,,,,4032,0.6303492738846689
ABANDONED,,,,3769,0.2310136141888797
ABANDONED,,,,615,0.6806297676395625
ABANDONED,,,,1849,0.4896855368558317
ABANDONED,,,,2521,0.9056766909360886
ABANDONED,,,,3354,0.3040684833507985
ABANDONED,,,,2270,0.8466056402884423
ABANDONED,,,,1051,0.0474081350415945
ABANDONED,,,,4578,0.619669920573011
ABANDONED,,,,4703,0.3783666259981691
ABANDONED,,,,926,0.9584576503243296
ABANDONED,,,,2163,0.1514309137184172
ABANDONED,,,,3461,0.7017972945794462
ABANDONED,,,,3040,0.0884937670584768
ABANDONED,,,,1329,0.5122494620867074
ABANDONED,,,,116,0.3135407126620411
ABANDONED,,,,4267,0.770921362446621
ABANDONED,,,,4358,0.1148879966586828
ABANDONED,,,,11,0.5327046527955681
ABANDONED,,,,1278,0.3574093707781285
ABANDONED,,,,3106,0.8049525701962411
ABANDONED,,,,3522,0.4202558616343885
ABANDONED,,,,2107,0.9945905826091767
ABANDONED,,,,825,0.1796223024241626
ABANDONED,,,,4798,0.7203339758943766
ABANDONED,,,,4673,0.2777043663933873
ABANDONED,,,,951,0.8262414492834359
ABANDONED,,,,2214,0.003447737371549
ABANDONED,,,,3415,0.5856079123802483
ABANDONED,,,,2586,0.1892158838827162
ABANDONED,,,,1797,0.6445273941382765
ABANDONED,,,,510,0.4614637938477099
ABANDONED,,,,3859,0.8870487756934016
ABANDONED,,,,3966,0.473314822487533
ABANDONED,,,,402,0.9227786895055324
ABANDONED,,,,1670,0.248511484613642
ABANDONED,,,,2713,0.6643503671325743
ABANDONED,,,,3132,0.0618286937642842
ABANDONED,,,,2497,0.6045181371346116
ABANDONED,,,,1214,0.2885208280570805
ABANDONED,,,,4409,0.8609348851498216
ABANDONED,,,,4906,0.1371321365535259
ABANDONED,,,,718,0.7173145416621118
ABANDONED,,,,1980,0.3935489068757742
ABANDONED,,,,3649,0.9440066536478698
ABANDONED,,,,2823,0.3297896752152592
ABANDONED,,,,1561,0.7534539894610643
ABANDONED,,,,275,0.0713613602779805
ABANDONED,,,,4094,0.5286506441514938
ABANDONED,,,,4135,0.1871193624641746
ABANDONED,,,,238,0.7296565119661391
ABANDONED,,,,1520,0.4138571667000651
ABANDONED,,,,2859,0.9861189596671612
ABANDONED,,,,3612,0.3479631366021931
ABANDONED,,,,2021,0.7975792677458375
ABANDONED,,,,755,0.1232359252143651
ABANDONED,,,,4864,0.5392271016016602
ABANDONED,,,,4446,0.4549432894717901
ABANDONED,,,,1173,0.8786989621929823
ABANDONED,,,,2460,0.1965911010205745
ABANDONED,,,,3174,0.6539717731121927
ABANDONED,,,,2672,0.0119175051115453
ABANDONED,,,,1707,0.5920085220020264
ABANDONED,,,,444,0.2683799453768879
ABANDONED,,,,3930,0.8187463336735963
ABANDONED,,,,3900,0.2960159399490803
ABANDONED,,,,473,0.8702593098841607
ABANDONED,,,,1756,0.0554280804246664
ABANDONED,,,,2623,0.596048373112455
ABANDONED,,,,3379,0.2390671093575656
ABANDONED,,,,2255,0.6569751462768763
ABANDONED,,,,987,0.481664639705792
ABANDONED,,,,4632,0.9292991901636124
ABANDONED,,,,4835,0.0648389077540486
ABANDONED,,,,784,0.5203027193136514
ABANDONED,,,,2070,0.337162973947823
ABANDONED,,,,3564,0.7629002273548394
ABANDONED,,,,3064,0.4020205335356294
ABANDONED,,,,1315,0.9504053448643536
ABANDONED,,,,53,0.1278096041996031
ABANDONED,,,,4321,0.7098174779042601
ABANDONED,,,,4226,0.428277710551396
ABANDONED,,,,153,0.970967131614685
ABANDONED,,,,1371,0.17157166255638
ABANDONED,,,,3003,0.7439857419561595
ABANDONED,,,,3498,0.1068651959747076
ABANDONED,,,,2121,0.5563290555570274
ABANDONED,,,,889,0.3654609624128788
ABANDONED,,,,4744,0.7812998523674906
ABANDONED,,,,4541,0.2128400487024336
ABANDONED,,,,1092,0.6365043555125593
ABANDONED,,,,2306,0.4378108380772173
ABANDONED,,,,3313,0.8951001293864101
ABANDONED,,,,2562,0.2540811533406376
ABANDONED,,,,1812,0.8342635361421852
ABANDONED,,,,573,0.0270997413750737
ABANDONED,,,,3805,0.5775575104542076
ABANDONED,,,,3991,0.0382054807115346
ABANDONED,,,,388,0.6125402239933609
ABANDONED,,,,1607,0.3121728320606053
ABANDONED,,,,2767,0.8528844832237809
ABANDONED,,,,3264,0.4969389873072505
ABANDONED,,,,2355,0.9147556508798153
ABANDONED,,,,1121,0.2248585288431495
ABANDONED,,,,4512,0.6724017208255826
ABANDONED,,,,4930,0.3217668745312839
ABANDONED,,,,703,0.7770783922225237
ABANDONED,,,,1916,0.0794129519127309
ABANDONED,,,,3703,0.5049979263227433
ABANDONED,,,,2954,0.1451539854705333
ABANDONED,,,,1420,0.6936910906676202
ABANDONED,,,,182,0.3854982670079916
ABANDONED,,,,4196,0.9676584197096526
ABANDONED,,,,4185,0.3830805651340633
ABANDONED,,,,193,0.9652416807562112
ABANDONED,,,,1411,0.1426987631581723
ABANDONED,,,,2963,0.6912348979990929
ABANDONED,,,,3694,0.081890957146883
ABANDONED,,,,1924,0.5074769019130617
ABANDONED,,,,692,0.3241615555416792
ABANDONED,,,,4941,0.779472110312432
ABANDONED,,,,4501,0.226363118128851
ABANDONED,,,,1132,0.6739053694978356
ABANDONED,,,,2346,0.4983583488352597
ABANDONED,,,,3272,0.9161759455855936
ABANDONED,,,,2758,0.3107304496690631
ABANDONED,,,,1615,0.8514411676544696
ABANDONED,,,,377,0.0367236743476241
ABANDONED,,,,4002,0.6110593582428991
ABANDONED,,,,3797,0.0246824112851172
ABANDONED,,,,582,0.5751392100080847
ABANDONED,,,,1800,0.2516253213025629
ABANDONED,,,,2573,0.8318086670245975
ABANDONED,,,,3301,0.440289690978825
ABANDONED,,,,2317,0.8975780193675308
ABANDONED,,,,1084,0.2152345958705991
ABANDONED,,,,4550,0.6388998730368912
ABANDONED,,,,4736,0.3669640199486166
ABANDONED,,,,897,0.7828038430809974
ABANDONED,,,,2110,0.1082858513109385
ABANDONED,,,,3508,0.5577487702798098
ABANDONED,,,,2992,0.1701282242983579
ABANDONED,,,,1381,0.742543244311586
ABANDONED,,,,144,0.4267976738791912
ABANDONED,,,,4234,0.9694861617647113
ABANDONED,,,,4329,0.1263277234788983
ABANDONED,,,,44,0.7083365675397217
ABANDONED,,,,1325,0.4005782255008816
ABANDONED,,,,3053,0.9489620739091188
ABANDONED,,,,3574,0.3385823800899088
ABANDONED,,,,2059,0.7643205964174121
ABANDONED,,,,792,0.0663434524256736
ABANDONED,,,,4826,0.5218062936291099
ABANDONED,,,,4640,0.4840593653302639
ABANDONED,,,,978,0.931692982610315
ABANDONED,,,,2266,0.2415450699776411
ABANDONED,,,,3367,0.6594540475104003
ABANDONED,,,,2634,0.052972783755511
ABANDONED,,,,1744,0.593592135829851
ABANDONED,,,,482,0.2935983124319463
ABANDONED,,,,3892,0.867842615544796
ABANDONED,,,,3941,0.2668998640906065
ABANDONED,,,,433,0.817265289466828
ABANDONED,,,,1715,0.0104741114675998
ABANDONED,,,,2663,0.5905660987142473
ABANDONED,,,,3182,0.1980118307135999
ABANDONED,,,,2451,0.6553915324490516
ABANDONED,,,,1184,0.4564462726507335
ABANDONED,,,,4435,0.8802029082924127
ABANDONED,,,,4875,0.1256305467393249
ABANDONED,,,,744,0.5416226637400686
ABANDONED,,,,2029,0.3504419151470065
ABANDONED,,,,3603,0.8000571131128817
ABANDONED,,,,2867,0.4114012900479138
ABANDONED,,,,1511,0.9836640161927788
ABANDONED,,,,249,0.1847020769882947
ABANDONED,,,,4124,0.7272382858768104
ABANDONED,,,,4083,0.0738329410851001
ABANDONED,,,,286,0.5311212917808443
ABANDONED,,,,1552,0.3321912565361708
ABANDONED,,,,2831,0.7558565113954246
ABANDONED,,,,3640,0.3911395329628139
ABANDONED,,,,1988,0.9415963391214608
ABANDONED,,,,707,0.134668110396713
ABANDONED,,,,4916,0.714851448683068
ABANDONED,,,,4398,0.2870853459760546
ABANDONED,,,,1225,0.8595003734249622
ABANDONED,,,,2488,0.0603404629733413
ABANDONED,,,,3140,0.6030289434231818
ABANDONED,,,,2704,0.2500072700548917
ABANDONED,,,,1678,0.6658471154943107
ABANDONED,,,,391,0.4747425119765102
ABANDONED,,,,3977,0.9242054086383432
ABANDONED,,,,3850,0.4639338429048657
ABANDONED,,,,518,0.8895197653640061
ABANDONED,,,,1786,0.1916187590118497
ABANDONED,,,,2597,0.6469293360896408
ABANDONED,,,,3404,0.0010373075921088
ABANDONED,,,,2224,0.5831984157785773
ABANDONED,,,,942,0.2752421099282801
ABANDONED,,,,4682,0.8237782522048801
ABANDONED,,,,4790,0.1781871921271085
ABANDONED,,,,834,0.7188979026768356
ABANDONED,,,,2095,0.4187670211177319
ABANDONED,,,,3533,0.9931027124486864
ABANDONED,,,,3094,0.3589060038868338
ABANDONED,,,,1288,0.80644823294878
ABANDONED,,,,3,0.1163155523054301
ABANDONED,,,,4366,0.5341331713628023
ABANDONED,,,,4276,0.314968446765095
ABANDONED,,,,107,0.7723481559362262
ABANDONED,,,,1340,0.0899895078856497
ABANDONED,,,,3029,0.5137461360916495
ABANDONED,,,,3472,0.14994260857068
ABANDONED,,,,2151,0.7003080562539398
ABANDONED,,,,934,0.3769312182739377
ABANDONED,,,,4694,0.9570231832135468
ABANDONED,,,,4586,0.0449440345279872
ABANDONED,,,,1042,0.6172067829798907
ABANDONED,,,,2280,0.3016591837946325
ABANDONED,,,,3343,0.84419537037611
ABANDONED,,,,2531,0.4920871627908199
ABANDONED,,,,1837,0.9080792872272432
ABANDONED,,,,623,0.2334851503819227
ABANDONED,,,,3760,0.6831003409121185
ABANDONED,,,,4043,0.2060396281741559
ABANDONED,,,,340,0.6317778370659797
ABANDONED,,,,1573,0.4483863530550152
ABANDONED,,,,2795,0.9038492016941309
ABANDONED,,,,3235,0.2588711148630827
ABANDONED,,,,2388,0.8408799366168677
ABANDONED,,,,1169,0.018534982830286
ABANDONED,,,,4459,0.5669188535455614
ABANDONED,,,,4978,0.4350161751396954
ABANDONED,,,,651,0.9756355049069972
ABANDONED,,,,1888,0.1610550697613507
ABANDONED,,,,3735,0.7352993951812385
ABANDONED,,,,2921,0.102016613414511
ABANDONED,,,,1447,0.5496502232588827
ABANDONED,,,,234,0.3740879706069827
ABANDONED,,,,4149,0.7919969555754214
ABANDONED,,,,4169,0.2367341045197099
ABANDONED,,,,215,0.6605231113918125
ABANDONED,,,,1468,0.4771392377987503
ABANDONED,,,,2901,0.9345512958932668
ABANDONED,,,,3716,0.2924970353282987
ABANDONED,,,,1908,0.8725566513445228
ABANDONED,,,,631,0.0502040871400386
ABANDONED,,,,4998,0.6005371561571956
ABANDONED,,,,4479,0.4052924843709915
ABANDONED,,,,1150,0.947861049618572
ABANDONED,,,,2407,0.1332729966193437
ABANDONED,,,,3217,0.7055680939946323
ABANDONED,,,,2776,0.0674122634939849
ABANDONED,,,,1593,0.5169951051007956
ABANDONED,,,,322,0.3414404703024774
ABANDONED,,,,4062,0.7574002160727977
ABANDONED,,,,3779,0.3456629379820078
ABANDONED,,,,605,0.8010934153907001
ABANDONED,,,,1856,0.1187423777580261
ABANDONED,,,,2513,0.5444482451621442
ABANDONED,,,,3324,0.1835685439072549
ABANDONED,,,,2300,0.731984756110236
ABANDONED,,,,1023,0.4086003077123314
ABANDONED,,,,4605,0.9906415006965398
ABANDONED,,,,4715,0.0152203586306422
ABANDONED,,,,914,0.5894323128201067
ABANDONED,,,,2172,0.2738770957812666
ABANDONED,,,,3452,0.8144640840608626
ABANDONED,,,,3009,0.4574828277416527
ABANDONED,,,,1360,0.8754241541977971
ABANDONED,,,,88,0.2008376352060586
ABANDONED,,,,4296,0.6485036162808537
ABANDONED,,,,4347,0.4936613277290016
ABANDONED,,,,22,0.9172980407327412
ABANDONED,,,,1270,0.2193894239626824
ABANDONED,,,,3114,0.6766492030601948
ABANDONED,,,,3552,0.0356302195787429
ABANDONED,,,,2077,0.61584212946333
ABANDONED,,,,853,0.3078934340309351
ABANDONED,,,,4771,0.8583787820450962
ABANDONED,,,,4662,0.1474812815655022
ABANDONED,,,,962,0.6901412201598287
ABANDONED,,,,2204,0.3900179564543068
ABANDONED,,,,3424,0.9624044123049824
ABANDONED,,,,2617,0.32528387375921
ABANDONED,,,,1766,0.7747753420192747
ABANDONED,,,,539,0.084635043522343
ABANDONED,,,,3830,0.5005034308172762
ABANDONED,,,,3957,0.1035604407805949
ABANDONED,,,,412,0.5588995522782206
ABANDONED,,,,1659,0.3599619066156447
ABANDONED,,,,2725,0.7855763932373375
ABANDONED,,,,3161,0.4257324598208069
ABANDONED,,,,2468,0.9742400379348544
ABANDONED,,,,1246,0.1673194196280091
ABANDONED,,,,4378,0.749451993394643
ABANDONED,,,,4898,0.2563794502858072
ABANDONED,,,,726,0.8307436760365962
ABANDONED,,,,1969,0.0315913834385573
ABANDONED,,,,3659,0.5723306581508368
ABANDONED,,,,2850,0.2163851547986269
ABANDONED,,,,1533,0.6341742096934467
ABANDONED,,,,305,0.4430619883220642
ABANDONED,,,,4064,0.8905756829641758
ABANDONED,,,,4106,0.3005181704200804
ABANDONED,,,,268,0.8489343900587409
ABANDONED,,,,1492,0.0421508299130946
ABANDONED,,,,2887,0.6241920154616236
ABANDONED,,,,3623,0.2287139211948961
ABANDONED,,,,2011,0.6841444209106265
ABANDONED,,,,763,0.4851915432587265
ABANDONED,,,,4856,0.9108973883558064
ABANDONED,,,,4415,0.0910338109545409
ABANDONED,,,,1204,0.5089751597177237
ABANDONED,,,,2431,0.317786800706759
ABANDONED,,,,3202,0.7654527594745159
ABANDONED,,,,2683,0.3816699851434677
ABANDONED,,,,1695,0.9558819467686116
ABANDONED,,,,453,0.1569276179820299
ABANDONED,,,,3921,0.6975145988259464
ABANDONED,,,,3872,0.1599460446797311
ABANDONED,,,,502,0.7400056532602756
ABANDONED,,,,1725,0.4322549290750175
ABANDONED,,,,2654,0.982588005527854
ABANDONED,,,,3388,0.3692844854425638
ABANDONED,,,,2246,0.7930734700076281
ABANDONED,,,,999,0.0950887081623077
ABANDONED,,,,4620,0.5525007885638624
ABANDONED,,,,4808,0.4494626444168388
ABANDONED,,,,812,0.8990454637166113
ABANDONED,,,,2040,0.2088899406660348
ABANDONED,,,,3593,0.6248497087433934
ABANDONED,,,,3072,0.0232414937224239
ABANDONED,,,,1306,0.5658100515343248
ABANDONED,,,,63,0.2658238385543227
ABANDONED,,,,4311,0.8381189433652908
ABANDONED,,,,4255,0.0592829374074935
ABANDONED,,,,124,0.6077905378285795
ABANDONED,,,,1402,0.2842690312694758
ABANDONED,,,,2972,0.8664015827290714
ABANDONED,,,,3488,0.4700095616672188
ABANDONED,,,,2130,0.925348680600524
ABANDONED,,,,878,0.243012874957174
ABANDONED,,,,4756,0.6686273541431874
ABANDONED,,,,4569,0.3333342756852507
ABANDONED,,,,1065,0.75112333801575
ABANDONED,,,,2336,0.0766129566635936
ABANDONED,,,,3283,0.5241266438700258
ABANDONED,,,,2554,0.1394299278724938
ABANDONED,,,,1820,0.7137941759303212
ABANDONED,,,,563,0.3980409950800239
ABANDONED,,,,3816,0.9387802474852652
ABANDONED,,,,4021,0.4176811061277985
ABANDONED,,,,358,0.9978929937053472
ABANDONED,,,,1634,0.1753424582537263
ABANDONED,,,,2739,0.7258278285749256
ABANDONED,,,,3253,0.1116108427066355
ABANDONED,,,,2365,0.5352475482746958
ABANDONED,,,,1114,0.3519398197568953
ABANDONED,,,,4520,0.8091996062900871
ABANDONED,,,,4961,0.192733388736844
ABANDONED,,,,672,0.6422248495612293
ABANDONED,,,,1945,0.4666854393165558
ABANDONED,,,,3674,0.8825538340471684
ABANDONED,,,,2943,0.2800321681145578
ABANDONED,,,,1431,0.8226920844018459
ABANDONED,,,,173,0.007966980677098
ABANDONED,,,,4206,0.580353458834812
ABANDONED,,,,4207,0.1945824237894266
ABANDONED,,,,176,0.6441976050250232
ABANDONED,,,,1428,0.4686110823154449
ABANDONED,,,,2941,0.8846032160464674
ABANDONED,,,,3677,0.2781217143498361
ABANDONED,,,,1946,0.820657910225913
ABANDONED,,,,670,0.0061026969049125
ABANDONED,,,,4958,0.5783654360622167
ABANDONED,,,,4518,0.4157687506880611
ABANDONED,,,,1110,0.9958607212044298
ABANDONED,,,,2368,0.1734762690886855
ABANDONED,,,,3255,0.7238417111951858
ABANDONED,,,,2736,0.1134617794342339
ABANDONED,,,,1632,0.537218402063474
ABANDONED,,,,360,0.3538673681486397
ABANDONED,,,,4024,0.8112470828965305
ABANDONED,,,,3818,0.3351857124622911
ABANDONED,,,,565,0.7530947030074894
ABANDONED,,,,1818,0.0785400644913315
ABANDONED,,,,2551,0.5261736687589436
ABANDONED,,,,3284,0.1375180836357176
ABANDONED,,,,2339,0.711762403478846
ABANDONED,,,,1062,0.3961743541974574
ABANDONED,,,,4567,0.9367936895415186
ABANDONED,,,,4753,0.0573729985635727
ABANDONED,,,,875,0.6057568599842488
ABANDONED,,,,2132,0.2824042920619249
ABANDONED,,,,3491,0.8644131231103092
ABANDONED,,,,2970,0.4718590930514037
ABANDONED,,,,1398,0.9273219509851188
ABANDONED,,,,127,0.2449380811098963
ABANDONED,,,,4256,0.6706762807071209
ABANDONED,,,,4307,0.4515101451892405
ABANDONED,,,,61,0.9009730474278332
ABANDONED,,,,1308,0.2108608297742903
ABANDONED,,,,3075,0.6267006696369499
ABANDONED,,,,3591,0.0212554116621613
ABANDONED,,,,2037,0.5639438865352421
ABANDONED,,,,814,0.2637915902193635
ABANDONED,,,,4809,0.8362066232450305
ABANDONED,,,,4623,0.1579580609444528
ABANDONED,,,,1000,0.7381413899362087
ABANDONED,,,,2244,0.430220775347203
ABANDONED,,,,3384,0.9806775908004493
ABANDONED,,,,2656,0.3713338878899812
ABANDONED,,,,1727,0.7949991520438343
ABANDONED,,,,499,0.0970615026634186
ABANDONED,,,,3870,0.5543498440645634
ABANDONED,,,,3919,0.093082717070356
ABANDONED,,,,450,0.5109003268331289
ABANDONED,,,,1698,0.3197600320540368
ABANDONED,,,,2685,0.7673022704105824
ABANDONED,,,,3199,0.3796814864873885
ABANDONED,,,,2429,0.9540171871129424
ABANDONED,,,,1206,0.1548939196895808
ABANDONED,,,,4418,0.6956046209447085
ABANDONED,,,,4858,0.2985315771568566
ABANDONED,,,,766,0.8470677250102162
ABANDONED,,,,2007,0.0401190332956612
ABANDONED,,,,3621,0.6222801359053701
ABANDONED,,,,2889,0.2307609219178557
ABANDONED,,,,1493,0.6860714934188872
ABANDONED,,,,266,0.4871628729309886
ABANDONED,,,,4102,0.9127488009668888
ABANDONED,,,,4066,0.2544670929871499
ABANDONED,,,,308,0.8287114053945988
ABANDONED,,,,1530,0.0297251961324363
ABANDONED,,,,2848,0.570344538912177
ABANDONED,,,,3662,0.218236093385145
ABANDONED,,,,1971,0.636145061623305
ABANDONED,,,,724,0.4449895348548889
ABANDONED,,,,4894,0.8926231614295393
ABANDONED,,,,4376,0.1054094739742577
ABANDONED,,,,1242,0.5608723096009343
ABANDONED,,,,2471,0.3618875514734536
ABANDONED,,,,3162,0.7876257733777166
ABANDONED,,,,2722,0.423822007915005
ABANDONED,,,,1656,0.9722058619000016
ABANDONED,,,,413,0.1654551339969038
ABANDONED,,,,3960,0.7474639724809676
ABANDONED,,,,3833,0.1455713408626616
ABANDONED,,,,540,0.6881075441744178
ABANDONED,,,,1764,0.3881532191056757
ABANDONED,,,,2614,0.9604159508273004
ABANDONED,,,,3426,0.3271334070023149
ABANDONED,,,,2207,0.7767486105449498
ABANDONED,,,,959,0.0865602478161454
ABANDONED,,,,4660,0.5025523592401296
ABANDONED,,,,4768,0.4955127626471221
ABANDONED,,,,851,0.9192694075834004
ABANDONED,,,,2078,0.2213165336493402
ABANDONED,,,,3555,0.6786962260901926
ABANDONED,,,,3111,0.0337183772008866
ABANDONED,,,,1266,0.6138103551529348
ABANDONED,,,,25,0.3060267912894487
ABANDONED,,,,4349,0.8563922259602695
ABANDONED,,,,4293,0.0132323730364441
ABANDONED,,,,86,0.5875680513549595
ABANDONED,,,,1362,0.271842943912372
ABANDONED,,,,3012,0.812553667474538
ABANDONED,,,,3450,0.4595322320479899
ABANDONED,,,,2169,0.8773498343750834
ABANDONED,,,,917,0.2028104278482496
ABANDONED,,,,4716,0.6503526736404746
ABANDONED,,,,4608,0.3477104368954896
ABANDONED,,,,1025,0.8030210009608417
ABANDONED,,,,2297,0.1207132687252014
ABANDONED,,,,3321,0.5462992041967809
ABANDONED,,,,2514,0.1815824637059122
ABANDONED,,,,1859,0.7301185892522334
ABANDONED,,,,601,0.4065680575184524
ABANDONED,,,,3777,0.9887291824351996
ABANDONED,,,,4060,0.4033058892488479
ABANDONED,,,,318,0.9459943864289672
ABANDONED,,,,1595,0.1312412018608301
ABANDONED,,,,2778,0.7036562125794589
ABANDONED,,,,3214,0.0694592660758644
ABANDONED,,,,2405,0.5189221757501363
ABANDONED,,,,1152,0.3434117981158196
ABANDONED,,,,4481,0.7592516305427998
ABANDONED,,,,5000,0.2387830087766051
ABANDONED,,,,634,0.6624482803661376
ABANDONED,,,,1905,0.479112471004948
ABANDONED,,,,3713,0.9364008049704134
ABANDONED,,,,2904,0.2905085385311395
ABANDONED,,,,1469,0.8706918898299336
ABANDONED,,,,213,0.0481703869886696
ABANDONED,,,,4166,0.5986271801348775
ABANDONED,,,,4147,0.4369280193764716
ABANDONED,,,,232,0.9776672773584724
ABANDONED,,,,1451,0.1629217106439173
ABANDONED,,,,2923,0.7372859531249851
ABANDONED,,,,3733,0.1001651766374707
ABANDONED,,,,1886,0.5476788582671434
ABANDONED,,,,653,0.3721608627792447
ABANDONED,,,,4981,0.7899499306865037
ABANDONED,,,,4462,0.2041900967899709
ABANDONED,,,,1172,0.629804566681385
ABANDONED,,,,2385,0.4464611469022929
ABANDONED,,,,3234,0.9018002751301974
ABANDONED,,,,2798,0.2607810537070036
ABANDONED,,,,1576,0.8429136144611985
ABANDONED,,,,339,0.0203997220378369
ABANDONED,,,,4040,0.5689073131643235
ABANDONED,,,,3757,0.0468544882927089
ABANDONED,,,,622,0.6192409571558237
ABANDONED,,,,1839,0.3035234675668179
ABANDONED,,,,2534,0.8461833931487053
ABANDONED,,,,3341,0.4902381277382373
ABANDONED,,,,2278,0.9061065317634492
ABANDONED,,,,1045,0.2315595073830336
ABANDONED,,,,4588,0.6810509589128196
ABANDONED,,,,4698,0.3131175100374966
ABANDONED,,,,936,0.770377302147448
ABANDONED,,,,2150,0.0880619594939053
ABANDONED,,,,3469,0.5116986594852059
ABANDONED,,,,3031,0.1518549640104174
ABANDONED,,,,1343,0.7023403287548571
ABANDONED,,,,105,0.3787974074389785
ABANDONED,,,,4274,0.9590093005932868
ABANDONED,,,,4369,0.1801756907831877
ABANDONED,,,,5,0.7207626623325049
ABANDONED,,,,1287,0.420800719410181
ABANDONED,,,,3092,0.9950126903299242
ABANDONED,,,,3535,0.3568570977710187
ABANDONED,,,,2099,0.8045230658333749
ABANDONED,,,,831,0.1143423209581524
ABANDONED,,,,4788,0.5322836604267359
ABANDONED,,,,4679,0.4618868421819061
ABANDONED,,,,940,0.8875926928557456
ABANDONED,,,,2226,0.1896474293395876
ABANDONED,,,,3407,0.6450779234785586
ABANDONED,,,,2595,0.0030239008553326
ABANDONED,,,,1783,0.585065080827102
ABANDONED,,,,522,0.2772739065457135
ABANDONED,,,,3852,0.8256901317611337
ABANDONED,,,,3979,0.2890714280363172
ABANDONED,,,,395,0.8613665384240448
ABANDONED,,,,1676,0.0623727113083004
ABANDONED,,,,2703,0.6049412635434419
ABANDONED,,,,3144,0.24795976928249
ABANDONED,,,,2490,0.663919531783089
ABANDONED,,,,1224,0.4727716228682548
ABANDONED,,,,4396,0.9223544477447866
ABANDONED,,,,4915,0.0717835386376827
ABANDONED,,,,704,0.5291956097446381
ABANDONED,,,,1991,0.3302184620350599
ABANDONED,,,,3642,0.7540074558947235
ABANDONED,,,,2828,0.3931275166980922
ABANDONED,,,,1551,0.9434606024455278
ABANDONED,,,,288,0.1367022641245275
ABANDONED,,,,4086,0.7167618634104728
ABANDONED,,,,4123,0.1237810134962201
ABANDONED,,,,246,0.5396493952143937
ABANDONED,,,,1514,0.3485167108532041
ABANDONED,,,,2870,0.7980081846900284
ABANDONED,,,,3601,0.4133112307507544
ABANDONED,,,,2028,0.9856976921781896
ABANDONED,,,,746,0.1865668143369257
ABANDONED,,,,4878,0.7292267473544926
ABANDONED,,,,4437,0.2688117064684629
ABANDONED,,,,1187,0.8192970637772232
ABANDONED,,,,2448,0.0123407542090862
ABANDONED,,,,3180,0.5925526547990739
ABANDONED,,,,2666,0.1961603957954794
ABANDONED,,,,1717,0.6534201655983924
ABANDONED,,,,431,0.4545191629640757
ABANDONED,,,,3938,0.8781558852624148
ABANDONED,,,,3889,0.4822084267437458
ABANDONED,,,,480,0.9297221306804568
ABANDONED,,,,1747,0.2396175234448164
ABANDONED,,,,2637,0.657406569045037
ABANDONED,,,,3366,0.0548851410541683
ABANDONED,,,,2263,0.5956244064718484
ABANDONED,,,,982,0.2954644997380673
ABANDONED,,,,4642,0.8698287347834556
ABANDONED,,,,4830,0.1282381753847003
ABANDONED,,,,794,0.7103707435745746
ABANDONED,,,,2057,0.4024425111319869
ABANDONED,,,,3571,0.9509500948227942
ABANDONED,,,,3055,0.336733346896246
ABANDONED,,,,1328,0.7623478390946983
ABANDONED,,,,41,0.0644178075678646
ABANDONED,,,,4328,0.5197569134887307
ABANDONED,,,,4238,0.3649170173667371
ABANDONED,,,,146,0.7808767724316567
ABANDONED,,,,1380,0.1063145234975963
ABANDONED,,,,2989,0.5558973558098078
ABANDONED,,,,3510,0.1721148194205015
ABANDONED,,,,2113,0.7444099075011908
ABANDONED,,,,895,0.4288294686377048
ABANDONED,,,,4734,0.9713980431798844
ABANDONED,,,,4547,0.0266709080822765
ABANDONED,,,,1082,0.577003971522674
ABANDONED,,,,2319,0.2536590214539319
ABANDONED,,,,3305,0.8337186430469155
ABANDONED,,,,2571,0.4382407867219298
ABANDONED,,,,1798,0.8956528503932057
ABANDONED,,,,585,0.2132613626644015
ABANDONED,,,,3799,0.6370503639597445
ABANDONED,,,,4004,0.2243137138225138
ABANDONED,,,,380,0.6719796893205494
ABANDONED,,,,1612,0.4963855561930686
ABANDONED,,,,2757,0.9143268882259726
ABANDONED,,,,3275,0.3127184352632612
ABANDONED,,,,2348,0.8533054291196167
ABANDONED,,,,1131,0.0387578262165188
ABANDONED,,,,4498,0.6129697748292237
ABANDONED,,,,4939,0.385066645335406
ABANDONED,,,,689,0.9671078476142138
ABANDONED,,,,1928,0.1447310133520513
ABANDONED,,,,3696,0.6931472162604331
ABANDONED,,,,2960,0.0798434582334011
ABANDONED,,,,1409,0.5055493163429201
ABANDONED,,,,195,0.3221906645745039
ABANDONED,,,,4189,0.7776211512777954
ABANDONED,,,,4199,0.3236178038232028
ABANDONED,,,,184,0.7790492534469812
ABANDONED,,,,1417,0.0813405077401548
ABANDONED,,,,2951,0.5070453954935072
ABANDONED,,,,3704,0.1432416374664753
ABANDONED,,,,1919,0.6916588107310235
ABANDONED,,,,700,0.3836320704072713
ABANDONED,,,,4928,0.9656723097655922
ABANDONED,,,,4509,0.0362950343824923
ABANDONED,,,,1119,0.6105060423817485
ABANDONED,,,,2357,0.3103085408527403
ABANDONED,,,,3267,0.8508964678868651
ABANDONED,,,,2765,0.4987880149241536
ABANDONED,,,,1604,0.9167284137792884
ABANDONED,,,,391,0.226784179277718
ABANDONED,,,,3992,0.6744510953892022
ABANDONED,,,,3807,0.2146895875222981
ABANDONED,,,,576,0.6384776184614747
ABANDONED,,,,1809,0.4397360367942601
ABANDONED,,,,2560,0.897149063386023
ABANDONED,,,,3316,0.2521712070610374
ABANDONED,,,,2308,0.832229865733534
ABANDONED,,,,1090,0.0252350096032023
ABANDONED,,,,4538,0.5755690433997661
ABANDONED,,,,4742,0.4263658588789403
ABANDONED,,,,886,0.9689353665988892
ABANDONED,,,,2124,0.1697050291094928
ABANDONED,,,,3499,0.7419991765767336
ABANDONED,,,,3000,0.1087166401874273
ABANDONED,,,,1368,0.5583004131130874
ABANDONED,,,,154,0.3673880628049373
ABANDONED,,,,4229,0.7833468846920877
ABANDONED,,,,4319,0.0668883176371455
ABANDONED,,,,49,0.5222283939141779
ABANDONED,,,,1317,0.3391357610132545
ABANDONED,,,,3066,0.7647492902912199
ABANDONED,,,,3560,0.4000325423646718
ABANDONED,,,,2068,0.948541088975966
ABANDONED,,,,785,0.125775457907468
ABANDONED,,,,4838,0.7079070557411759
ABANDONED,,,,4633,0.2940298504531383
ABANDONED,,,,990,0.8683931523207575
ABANDONED,,,,2252,0.0533958395253866
ABANDONED,,,,3377,0.5941360455565154
ABANDONED,,,,2626,0.2411146175656467
ABANDONED,,,,1757,0.6589027225524186
ABANDONED,,,,471,0.4836355213783681
ABANDONED,,,,3897,0.9311501584928484
ABANDONED,,,,3926,0.4569902827590703
ABANDONED,,,,442,0.8806260421369225
ABANDONED,,,,1708,0.198562438128516
ABANDONED,,,,2675,0.6558231782875955
ABANDONED,,,,3171,0.0099309192840009
ABANDONED,,,,2457,0.5901418495178222
ABANDONED,,,,1176,0.266348141323775
ABANDONED,,,,4448,0.8168344615530223
ABANDONED,,,,4867,0.1851308712437748
ABANDONED,,,,756,0.7277917448747901
ABANDONED,,,,2019,0.4118234609719365
ABANDONED,,,,3609,0.9842089892216028
ABANDONED,,,,2861,0.3500120352823287
ABANDONED,,,,1522,0.7995044422969221
ABANDONED,,,,235,0.1252091639973223
ABANDONED,,,,4133,0.5410766051020472
ABANDONED,,,,4097,0.1352216920834034
ABANDONED,,,,276,0.7152803581915795
ABANDONED,,,,1559,0.3916846138089895
ABANDONED,,,,2819,0.9420186401698736
ABANDONED,,,,3651,0.3316387009732424
ABANDONED,,,,1983,0.7554267542194574
ABANDONED,,,,715,0.0732870125714689
ABANDONED,,,,4904,0.5307000168561935
ABANDONED,,,,4406,0.4751657536383718
ABANDONED,,,,1212,0.92474954887107
ABANDONED,,,,2498,0.2504390385821461
ABANDONED,,,,3135,0.6663978381622582
ABANDONED,,,,2711,0.0599163439013063
ABANDONED,,,,1667,0.6024858590569347
ABANDONED,,,,405,0.28665463331528
ABANDONED,,,,3968,0.8589487733468413
ABANDONED,,,,3860,0.2757925165798514
ABANDONED,,,,513,0.8242096824087202
ABANDONED,,,,1794,0.001581102065742
ABANDONED,,,,2584,0.5836213488597422
ABANDONED,,,,3418,0.1910673262365162
ABANDONED,,,,2215,0.6464987535532563
ABANDONED,,,,948,0.4633908960986882
ABANDONED,,,,4670,0.8890958061590791
ABANDONED,,,,4796,0.116737537337467
ABANDONED,,,,822,0.5346779138855636
ABANDONED,,,,2109,0.3593345676362514
ABANDONED,,,,3524,0.8070015060547739
ABANDONED,,,,3103,0.4183459134958684
ABANDONED,,,,1276,0.9925569140594452
ABANDONED,,,,13,0.177757572511211
ABANDONED,,,,4360,0.7183455069810151
ABANDONED,,,,4265,0.376380538361147
ABANDONED,,,,113,0.9565914909020066
ABANDONED,,,,1332,0.1493986709602177
ABANDONED,,,,3042,0.6998849688824265
ABANDONED,,,,3458,0.090541273407638
ABANDONED,,,,2161,0.5141770402211696
ABANDONED,,,,927,0.3155115961935371
ABANDONED,,,,4706,0.7727723289169371
ABANDONED,,,,4579,0.2330630259308963
ABANDONED,,,,1053,0.6825554403811693
ABANDONED,,,,2266,0.4916583220623433
ABANDONED,,,,3352,0.9075257557313888
ABANDONED,,,,2523,0.3020804903209209
ABANDONED,,,,1850,0.8447413862589745
ABANDONED,,,,613,0.0453739906083792
ABANDONED,,,,3765,0.617759496551007
ABANDONED,,,,4029,0.0179815591517835
ABANDONED,,,,349,0.5664900834560394
ABANDONED,,,,1567,0.2583262924067676
ABANDONED,,,,2806,0.8404579125475138
ABANDONED,,,,3225,0.44893869112432
ABANDONED,,,,2393,0.904278759965673
ABANDONED,,,,1161,0.2065852388124913
ABANDONED,,,,4472,0.6321987755261361
ABANDONED,,,,4969,0.3736649910528213
ABANDONED,,,,663,0.7914530886039138
ABANDONED,,,,1878,0.1015849991776049
ABANDONED,,,,3741,0.5490996437277645
ABANDONED,,,,2914,0.1614788672402501
ABANDONED,,,,1459,0.7358421468008309
ABANDONED,,,,220,0.4354466740246862
ABANDONED,,,,4158,0.9761869023628532
ABANDONED,,,,4177,0.0506328665241599
ABANDONED,,,,202,0.6010906300265341
ABANDONED,,,,1478,0.2929192211236804
ABANDONED,,,,2896,0.8731016095019876
ABANDONED,,,,3722,0.4767093430627137
ABANDONED,,,,1897,0.933998639948666
ABANDONED,,,,645,0.2363127366490662
ABANDONED,,,,4989,0.6599770378824323
ABANDONED,,,,4493,0.3419844655394554
ABANDONED,,,,1141,0.7578233647886664
ABANDONED,,,,2414,0.0679628857802599
ABANDONED,,,,3205,0.5174267360679805
ABANDONED,,,,2787,0.1327297895643859
ABANDONED,,,,1587,0.705143859669566
ABANDONED,,,,329,0.4047407764755189
ABANDONED,,,,4049,0.9474302068334072
ABANDONED,,,,3786,0.4090318606048822
ABANDONED,,,,593,0.9911920226011424
ABANDONED,,,,1870,0.1839915848057717
ABANDONED,,,,2504,0.7325286807082593
ABANDONED,,,,3332,0.1183119402173906
ABANDONED,,,,2287,0.5438969053328037
ABANDONED,,,,1034,0.3452390791587531
ABANDONED,,,,4600,0.8005506061445921
ABANDONED,,,,4725,0.2013825152888893
ABANDONED,,,,908,0.6489257016945629
ABANDONED,,,,2180,0.4580361937936395
ABANDONED,,,,3439,0.8758528629429638
ABANDONED,,,,3023,0.2733314275164157
ABANDONED,,,,1351,0.8140430842563509
ABANDONED,,,,94,0.014668078187853
ABANDONED,,,,4284,0.5890028158929199
ABANDONED,,,,4340,0.3074616041593253
ABANDONED,,,,33,0.8578280017506331
ABANDONED,,,,1256,0.0352070392612367
ABANDONED,,,,3123,0.6152980468571186
ABANDONED,,,,3544,0.2198201979678124
ABANDONED,,,,2090,0.6772008607648313
ABANDONED,,,,843,0.4940853854566812
ABANDONED,,,,4776,0.9178410674724728
ABANDONED,,,,4651,0.0840900203026831
ABANDONED,,,,968,0.5000811911132186
ABANDONED,,,,2196,0.324730234446004
ABANDONED,,,,3437,0.774346371166408
ABANDONED,,,,2604,0.3905638273414224
ABANDONED,,,,1775,0.962825625885278
ABANDONED,,,,532,0.1480338947549462
ABANDONED,,,,3842,0.6905710386801511
ABANDONED,,,,3949,0.1668907945342361
ABANDONED,,,,424,0.7488986626621335
ABANDONED,,,,1648,0.4253105361331254
ABANDONED,,,,2731,0.9736953530386088
ABANDONED,,,,3154,0.3603915875758975
ABANDONED,,,,2480,0.7861288465596735
ABANDONED,,,,1231,0.103981487058103
ABANDONED,,,,4387,0.5594452930409461
ABANDONED,,,,4884,0.4425182514749467
ABANDONED,,,,735,0.8901528112273663
ABANDONED,,,,1963,0.2158346905205398
ABANDONED,,,,3671,0.6337427181452512
ABANDONED,,,,2840,0.0321342726182192
ABANDONED,,,,1539,0.5727545560114085
ABANDONED,,,,297,0.2569309406876564
ABANDONED,,,,4077,0.8311743199173361
ABANDONED,,,,4113,0.4847685488332063
ABANDONED,,,,255,0.9103535362556576
ABANDONED,,,,1502,0.2282823218293487
ABANDONED,,,,2881,0.6835938265081494
ABANDONED,,,,3630,0.0425746125206351
ABANDONED,,,,1999,0.6247347819525748
ABANDONED,,,,777,0.3009486841764301
ABANDONED,,,,4847,0.8494857726432383
ABANDONED,,,,4429,0.1563741794321686
ABANDONED,,,,1195,0.6970858436077833
ABANDONED,,,,2438,0.3811251775585114
ABANDONED,,,,3191,0.9554599078278988
ABANDONED,,,,2694,0.318339123904705
ABANDONED,,,,1690,0.765882332617417
ABANDONED,,,,461,0.0915794364642351
ABANDONED,,,,3908,0.5093960833065211
ABANDONED,,,,3878,0.0946665985826402
ABANDONED,,,,490,0.5519558731615543
ABANDONED,,,,1739,0.3688556298427283
ABANDONED,,,,2645,0.7925199533831327
ABANDONED,,,,3396,0.4326762504726648
ABANDONED,,,,2233,0.9831340065393596
ABANDONED,,,,1009,0.1603759858887642
ABANDONED,,,,4615,0.7405583817027509
ABANDONED,,,,4818,0.2652731735128909
ABANDONED,,,,806,0.8376872361823916
ABANDONED,,,,2048,0.0226975412406027
ABANDONED,,,,3581,0.5653869790341703
ABANDONED,,,,3086,0.2094417210593819
ABANDONED,,,,1297,0.6252805980015546
ABANDONED,,,,70,0.4500057789739221
ABANDONED,,,,4299,0.8994696515686809
ABANDONED,,,,4248,0.2434348451178521
ABANDONED,,,,136,0.6691721115373074
ABANDONED,,,,1388,0.4704381402879953
ABANDONED,,,,2981,0.9259019388351588
ABANDONED,,,,3481,0.2838479087762534
ABANDONED,,,,2143,0.865855799211189
ABANDONED,,,,867,0.0588533326629549
ABANDONED,,,,4762,0.6072381272614003
ABANDONED,,,,4558,0.3985913868602365
ABANDONED,,,,1070,0.939211692560464
ABANDONED,,,,2328,0.1399737372174859
ABANDONED,,,,3296,0.7142170941401274
ABANDONED,,,,2540,0.0760615090169012
ABANDONED,,,,1829,0.5236960762050002
ABANDONED,,,,556,0.3327913437504321
ABANDONED,,,,3827,0.7506993639394641
ABANDONED,,,,4013,0.3523630762901157
ABANDONED,,,,371,0.8097437316514551
ABANDONED,,,,1624,0.1120425963625311
ABANDONED,,,,2745,0.5357982858140021
ABANDONED,,,,3247,0.1749183540530502
ABANDONED,,,,2377,0.7252847293373196
ABANDONED,,,,1099,0.4172503785956651
ABANDONED,,,,4529,0.9973414084985852
ABANDONED,,,,4947,0.0085205772351473
ABANDONED,,,,681,0.5807823534719646
ABANDONED,,,,1938,0.2805772340893745
ABANDONED,,,,3686,0.8231144003216176
ABANDONED,,,,2933,0.4661328986249864
ABANDONED,,,,1437,0.8821240619998425
ABANDONED,,,,165,0.1921874453518539
ABANDONED,,,,4218,0.6418035895079374
ABANDONED,,,,4210,0.4675595006458461
ABANDONED,,,,158,0.8858330160807817
ABANDONED,,,,1445,0.1957917645517736
ABANDONED,,,,2938,0.6428171841502189
ABANDONED,,,,3688,0.0051484296899288
ABANDONED,,,,1940,0.5790263211093843
ABANDONED,,,,677,0.2789258366078138
ABANDONED,,,,4946,0.8201552601549774
ABANDONED,,,,4524,0.1740150900222361
ABANDONED,,,,1099,0.7230090322103351
ABANDONED,,,,2380,0.4151440365035086
ABANDONED,,,,3248,0.9967864316925406
ABANDONED,,,,2754,0.3552192322965711
ABANDONED,,,,1629,0.8100739129967987
ABANDONED,,,,362,0.1122034226730465
ABANDONED,,,,4006,0.5383061545956879
ABANDONED,,,,3820,0.0779431894905865
ABANDONED,,,,548,0.5269501897748559
ABANDONED,,,,1834,0.3358761022854596
ABANDONED,,,,2549,0.7522327571883797
ABANDONED,,,,3297,0.3947644285466522
ABANDONED,,,,2331,0.9379107089079916
ABANDONED,,,,1069,0.1388421085998415
ABANDONED,,,,4554,0.7107384230513125
ABANDONED,,,,4761,0.2833997231982648
ABANDONED,,,,862,0.8631252615731209
ABANDONED,,,,2145,0.0562274299059063
ABANDONED,,,,3483,0.6072029490619897
ABANDONED,,,,2987,0.2458361903559416
ABANDONED,,,,1397,0.6699573415927588
ABANDONED,,,,129,0.4711187354624271
ABANDONED,,,,4239,0.9278902766946702
ABANDONED,,,,4305,0.2097262027189135
ABANDONED,,,,77,0.6281519971508532
ABANDONED,,,,1292,0.4524984343554824
ABANDONED,,,,3077,0.8996761478222906
ABANDONED,,,,3579,0.2630431463290006
ABANDONED,,,,2045,0.8367687587514518
ABANDONED,,,,806,0.0221578075774013
ABANDONED,,,,4822,0.5632349372562021
ABANDONED,,,,4615,0.4309049749672412
ABANDONED,,,,1013,0.9798075586799532
ABANDONED,,,,2231,0.1573711757790297
ABANDONED,,,,3392,0.7389221976213157
ABANDONED,,,,2639,0.098390766063705
ABANDONED,,,,1729,0.5533368052393198
ABANDONED,,,,497,0.3699149241708218
ABANDONED,,,,3886,0.7961090294402092
ABANDONED,,,,3915,0.3191395971029996
ABANDONED,,,,468,0.7682379781696945
ABANDONED,,,,1680,0.0936134442668408
ABANDONED,,,,2688,0.5100614650808275
ABANDONED,,,,3187,0.1536284283939748
ABANDONED,,,,2436,0.6966833279728888
ABANDONED,,,,1199,0.381044299673289
ABANDONED,,,,4429,0.9528492482136935
ABANDONED,,,,4851,0.0413193285539746
ABANDONED,,,,777,0.6208925804961472
ABANDONED,,,,1996,0.2974852264877408
ABANDONED,,,,3627,0.8483084740824997
ABANDONED,,,,2872,0.4879769924599677
ABANDONED,,,,1497,0.9122504301294684
ABANDONED,,,,263,0.2298004719354212
ABANDONED,,,,4120,0.686724284728989
ABANDONED,,,,4078,0.028307180462405
ABANDONED,,,,300,0.571453468259424
ABANDONED,,,,1538,0.2557992079704999
ABANDONED,,,,2835,0.8276955149862915
ABANDONED,,,,3664,0.4443997981064021
ABANDONED,,,,1954,0.8934068206977099
ABANDONED,,,,740,0.2189193449560552
ABANDONED,,,,4893,0.635275977551937
ABANDONED,,,,4393,0.3627927989717573
ABANDONED,,,,1240,0.7869139725156127
ABANDONED,,,,2473,0.1046619781330227
ABANDONED,,,,3146,0.5614334970582276
ABANDONED,,,,2730,0.1664424751140177
ABANDONED,,,,1644,0.7461680209245533
ABANDONED,,,,426,0.4226845292765646
ABANDONED,,,,3952,0.9736600409969688
ABANDONED,,,,3845,0.3871918136384338
ABANDONED,,,,533,0.9610696976222098
ABANDONED,,,,1771,0.1463826013728976
ABANDONED,,,,2603,0.6876120323557406
ABANDONED,,,,3429,0.0855167561657726
ABANDONED,,,,2189,0.5037902492936701
ABANDONED,,,,977,0.3283346577454358
ABANDONED,,,,4656,0.7753600996509195
ABANDONED,,,,4785,0.2226764878164976
ABANDONED,,,,848,0.677531146209687
ABANDONED,,,,2081,0.4942463158667087
ABANDONED,,,,3537,0.9203490700963884
ABANDONED,,,,3118,0.306558473970741
ABANDONED,,,,1255,0.8555524087231606
ABANDONED,,,,36,0.0331008012685924
ABANDONED,,,,4342,0.6147432038933038
ABANDONED,,,,4281,0.2705855426359921
ABANDONED,,,,92,0.8136404645219444
ABANDONED,,,,1355,0.0145870962031185
ABANDONED,,,,3023,0.5863920224364846
ABANDONED,,,,3447,0.2021828546449541
ABANDONED,,,,2186,0.6512812431473284
ABANDONED,,,,899,0.460070097496733
ABANDONED,,,,4719,0.8765181108750402
ABANDONED,,,,4590,0.1215202500019222
ABANDONED,,,,1028,0.5457936951071024
ABANDONED,,,,2294,0.3467571251653134
ABANDONED,,,,3339,0.8036809305232017
ABANDONED,,,,2507,0.4077764427959919
ABANDONED,,,,1871,0.9873497170452028
ABANDONED,,,,590,0.1805280230175703
ABANDONED,,,,3783,0.7313512483052909
ABANDONED,,,,4047,0.1304998962227255
ABANDONED,,,,326,0.7042254863381385
ABANDONED,,,,1588,0.4042011469118297
ABANDONED,,,,2791,0.9452782988976686
ABANDONED,,,,3212,0.3422690810412168
ABANDONED,,,,2421,0.7606948680374771
ABANDONED,,,,1135,0.0704556452613323
ABANDONED,,,,4483,0.51763336616382
ABANDONED,,,,4983,0.4804336443860083
ABANDONED,,,,635,0.9353796761259436
ABANDONED,,,,1903,0.2373721350766718
ABANDONED,,,,3730,0.6635662477817386
ABANDONED,,,,2896,0.0488617248609662
ABANDONED,,,,1482,0.5977642862666397
ABANDONED,,,,200,0.289914515113458
ABANDONED,,,,4174,0.8714655592627824
ABANDONED,,,,4154,0.1641181988343596
ABANDONED,,,,220,0.7358945906478912
ABANDONED,,,,1462,0.4358778616394847
ABANDONED,,,,2917,0.9789042193628849
ABANDONED,,,,3750,0.3729711752403527
ABANDONED,,,,1883,0.7894477527812123
ABANDONED,,,,656,0.0992009195871651
ABANDONED,,,,4963,0.548327842509374
ABANDONED,,,,4464,0.4458369048833846
ABANDONED,,,,1154,0.9027321758214384
ABANDONED,,,,2403,0.2047170169185847
ABANDONED,,,,3231,0.6289618978612124
ABANDONED,,,,2810,0.0191304236743599
ABANDONED,,,,1569,0.5699822131246328
ABANDONED,,,,345,0.2621400598250329
ABANDONED,,,,4029,0.8417418684940785
ABANDONED,,,,3765,0.3042038601189852
ABANDONED,,,,609,0.8453095539603382
ABANDONED,,,,1852,0.0462637960594147
ABANDONED,,,,2527,0.6200179577730595
ABANDONED,,,,3358,0.2328849637154489
ABANDONED,,,,2276,0.6800341130197048
ABANDONED,,,,1047,0.4888153569512069
ABANDONED,,,,4572,0.9072126020919532
ABANDONED,,,,4699,0.0869235253706574
ABANDONED,,,,919,0.5131461799312383
ABANDONED,,,,2167,0.3141019921358674
ABANDONED,,,,3467,0.7690765954740345
ABANDONED,,,,3044,0.3780451564807444
ABANDONED,,,,1335,0.959567629031837
ABANDONED,,,,113,0.1527535528577864
ABANDONED,,,,4261,0.701627572407946
ABANDONED,,,,4361,0.4217923434786498
ABANDONED,,,,17,0.9937210217248648
ABANDONED,,,,1274,0.1790263150576502
ABANDONED,,,,3100,0.7222049443423748
ABANDONED,,,,3518,0.1152366231363266
ABANDONED,,,,2101,0.5315609142445028
ABANDONED,,,,829,0.356112933114171
ABANDONED,,,,4804,0.8050875844750554
ABANDONED,,,,4677,0.1890467472709715
ABANDONED,,,,957,0.6458506374265998
ABANDONED,,,,2210,0.4625734249372035
ABANDONED,,,,3409,0.8867269399687647
ABANDONED,,,,2583,0.2758601738270372
ABANDONED,,,,1791,0.8268033440597355
ABANDONED,,,,514,0.0043441187515854
ABANDONED,,,,3865,0.5840372933316976
ABANDONED,,,,3972,0.0629077251739799
ABANDONED,,,,406,0.6041047774907201
ABANDONED,,,,1664,0.2884429067838937
ABANDONED,,,,2710,0.8622884418442845
ABANDONED,,,,3126,0.4741196799483149
ABANDONED,,,,2493,0.9211774707771838
ABANDONED,,,,1220,0.2466976054534316
ABANDONED,,,,4413,0.6650034772474319
ABANDONED,,,,4912,0.32916307329759
ABANDONED,,,,722,0.7552334488611668
ABANDONED,,,,1974,0.0729890723321586
ABANDONED,,,,3645,0.5278113818019629
ABANDONED,,,,2817,0.1357441898416727
ABANDONED,,,,1557,0.7174189413897692
ABANDONED,,,,281,0.3939278318881988
ABANDONED,,,,4098,0.9429541453067212
ABANDONED,,,,4139,0.3498340771663934
ABANDONED,,,,244,0.7969832487776874
ABANDONED,,,,1516,0.1223663327284157
ABANDONED,,,,2853,0.5407635555621236
ABANDONED,,,,3609,0.1872543451413512
ABANDONED,,,,2015,0.7283600464183836
ABANDONED,,,,758,0.4127134002652019
ABANDONED,,,,4870,0.9864675545431671
ABANDONED,,,,4450,0.0115956415031105
ABANDONED,,,,1179,0.5931181214898825
ABANDONED,,,,2456,0.2697031570635736
ABANDONED,,,,3168,0.8185771691780537
ABANDONED,,,,2668,0.4533726388216018
ABANDONED,,,,1701,0.879595315689221
ABANDONED,,,,448,0.1971529679130762
ABANDONED,,,,3936,0.6521275489442049
ABANDONED,,,,3907,0.2404206976536661
ABANDONED,,,,477,0.6568972528874873
ABANDONED,,,,1750,0.4812513079456984
ABANDONED,,,,2620,0.9303782531749456
ABANDONED,,,,3373,0.2966690779477357
ABANDONED,,,,2251,0.8684454623255878
ABANDONED,,,,993,0.0538268932979553
ABANDONED,,,,4635,0.5968532584570349
ABANDONED,,,,4841,0.401181302787736
ABANDONED,,,,788,0.9520330848023296
ABANDONED,,,,2064,0.1295890914835035
ABANDONED,,,,3560,0.7091909075882284
ABANDONED,,,,3058,0.063786427296698
ABANDONED,,,,1311,0.5206816759277135
ABANDONED,,,,59,0.337267405277118
ABANDONED,,,,4325,0.7615123085267841
ABANDONED,,,,4220,0.1076706705968827
ABANDONED,,,,149,0.5547284688614309
ABANDONED,,,,1377,0.3636467635184526
ABANDONED,,,,3007,0.7819526278767734
ABANDONED,,,,3504,0.429357344251126
ABANDONED,,,,2125,0.9705544188749043
ABANDONED,,,,883,0.1714934364203363
ABANDONED,,,,4741,0.7453389491736889
ABANDONED,,,,4535,0.2526938089188188
ABANDONED,,,,1088,0.8343685827739536
ABANDONED,,,,2312,0.0274783615246415
ABANDONED,,,,3316,0.5765046526361257
ABANDONED,,,,2568,0.2122140639461576
ABANDONED,,,,1816,0.6382844469454139
ABANDONED,,,,567,0.4394382303971797
ABANDONED,,,,3801,0.8942605324313044
ABANDONED,,,,3987,0.4972869966235011
ABANDONED,,,,382,0.9136112802959978
ABANDONED,,,,1611,0.2235624109134078
ABANDONED,,,,2773,0.6725370697099715
ABANDONED,,,,3268,0.0397413602657616
ABANDONED,,,,2361,0.6116700162049383
ABANDONED,,,,1118,0.3115771495569497
ABANDONED,,,,4506,0.8547558011487126
ABANDONED,,,,4926,0.1433091906141489
ABANDONED,,,,697,0.6942523385398089
ABANDONED,,,,1920,0.386394953250885
ABANDONED,,,,3709,0.9660881501380352
ABANDONED,,,,2958,0.321597120758146
ABANDONED,,,,1426,0.7784010034780949
ABANDONED,,,,178,0.0805229027364403
ABANDONED,,,,4190,0.504676425203681
ABANDONED,,,,4182,0.0819649839829653
ABANDONED,,,,187,0.5061194470636546
ABANDONED,,,,1414,0.3230787449479103
ABANDONED,,,,2969,0.77988169449009
ABANDONED,,,,3697,0.3848906651102006
ABANDONED,,,,1931,0.96458479517512
ABANDONED,,,,689,0.1418900112602859
ABANDONED,,,,4935,0.6928322185724973
ABANDONED,,,,4497,0.3090989621486514
ABANDONED,,,,1126,0.8522766508199274
ABANDONED,,,,2350,0.0373463781103491
ABANDONED,,,,3278,0.6092760044056921
ABANDONED,,,,2762,0.2259802949614822
ABANDONED,,,,1621,0.6749539834018796
ABANDONED,,,,373,0.4997425200808793
ABANDONED,,,,3996,0.9160677666738628
ABANDONED,,,,3790,0.4408818433936685
ABANDONED,,,,578,0.895703212250024
ABANDONED,,,,1807,0.2136943943277001
ABANDONED,,,,2576,0.639765717940405
ABANDONED,,,,3307,0.025975129250437
ABANDONED,,,,2321,0.5750004797484725
ABANDONED,,,,1077,0.2512728598732501
ABANDONED,,,,4546,0.8329485669061542
ABANDONED,,,,4730,0.1690148772280663
ABANDONED,,,,894,0.7428613603375852
ABANDONED,,,,2116,0.4269629718214273
ABANDONED,,,,3512,0.9681590835247188
ABANDONED,,,,2998,0.3660637998990714
ABANDONED,,,,1385,0.7843706271778791
ABANDONED,,,,138,0.1101263278964906
ABANDONED,,,,4230,0.5571831558048725
ABANDONED,,,,4336,0.3397228841204196
ABANDONED,,,,48,0.7639687205478549
ABANDONED,,,,1319,0.0662043559588491
ABANDONED,,,,3049,0.523098663976416
ABANDONED,,,,3568,0.1271941836848854
ABANDONED,,,,2055,0.706796940403059
ABANDONED,,,,798,0.3987030410226434
ABANDONED,,,,4830,0.9495538898594676
ABANDONED,,,,4646,0.0524077883008867
ABANDONED,,,,982,0.5954331831037997
ABANDONED,,,,2260,0.295164715450257
ABANDONED,,,,3364,0.866942062748596
ABANDONED,,,,2628,0.4827328875213861
ABANDONED,,,,1741,0.9318588698301464
ABANDONED,,,,488,0.2418628235142677
ABANDONED,,,,3895,0.6583403491042554
ABANDONED,,,,3944,0.1996085508558899
ABANDONED,,,,439,0.65458219127357
ABANDONED,,,,1711,0.455789749559015
ABANDONED,,,,2657,0.8820133596044034
ABANDONED,,,,3178,0.2673088292479515
ABANDONED,,,,2445,0.8161819081846624
ABANDONED,,,,1187,0.0091170376967638
ABANDONED,,,,4441,0.5906404582969844
ABANDONED,,,,4879,0.4112924958337098
ABANDONED,,,,750,0.985047613032162
ABANDONED,,,,2026,0.1857510682530701
ABANDONED,,,,3597,0.7268557991739362
ABANDONED,,,,2864,0.1238465887531638
ABANDONED,,,,1505,0.542244781943038
ABANDONED,,,,253,0.3512777645196765
ABANDONED,,,,4130,0.7984259732104838
ABANDONED,,,,4089,0.3924318717084824
ABANDONED,,,,289,0.9414572147708385
ABANDONED,,,,1546,0.1343162066433578
ABANDONED,,,,2827,0.7159919211119413
ABANDONED,,,,3634,0.0744247291516512
ABANDONED,,,,1984,0.5292460757009684
ABANDONED,,,,713,0.3306515977978706
ABANDONED,,,,4920,0.7567229437176138
ABANDONED,,,,4404,0.2491066856570541
ABANDONED,,,,1229,0.6674134906288236
ABANDONED,,,,2482,0.4765835313666612
ABANDONED,,,,3137,0.9236403815820812
COMPLETED,0.7299999999999999,2.0,0.17,2698,0.2859716196861117
COMPLETED,0.7299999999999999,1.0,0.0,1675,0.8598180953599512
ABANDONED,,,,398,0.060506318591535
COMPLETED,0.7299999999999999,2.0,0.25,3981,0.601702437730506
COMPLETED,0.7399999999999999,5.0,0.98,3854,0.0028477867878973
COMPLETED,0.7299999999999999,2.0,0.0299999999999999,524,0.5825419242884963
COMPLETED,0.7299999999999999,2.0,0.11,1782,0.274432800354436
COMPLETED,0.7299999999999999,1.0,0.0,2591,0.8253750002309679
COMPLETED,0.7299999999999999,2.0,0.2099999999999999,3400,0.4640082340892404
COMPLETED,0.7299999999999999,1.0,0.0,2218,0.888162719476968
COMPLETED,0.7299999999999999,2.0,0.0599999999999999,946,0.190535405613482
COMPLETED,0.7299999999999999,2.0,0.2899999999999999,4688,0.6473383328486234
COMPLETED,0.7299999999999999,2.0,0.2999999999999999,4793,0.3585235450677573
COMPLETED,0.7299999999999999,1.0,0.0,840,0.807497255815193
COMPLETED,0.7299999999999999,1.0,0.13,2092,0.117699180746451
COMPLETED,0.7299999999999999,2.0,0.22,3527,0.5340244050323963
COMPLETED,0.7299999999999999,2.0,0.19,3091,0.1765560838263481
COMPLETED,0.7299999999999999,2.0,0.08,1282,0.7197337799333035
COMPLETED,0.7299999999999999,1.0,0.0,6,0.4193891672044992
COMPLETED,0.7299999999999999,1.0,0.0,4372,0.9913187860641628
COMPLETED,0.7299999999999999,2.0,0.26,4272,0.1503522206321358
COMPLETED,0.7299999999999999,1.0,0.01,101,0.6992252772618084
COMPLETED,0.7299999999999999,2.0,0.08,1343,0.3755737950261682
COMPLETED,0.7299999999999999,1.0,0.0,3035,0.957097237933427
COMPLETED,0.7299999999999999,2.0,0.22,3475,0.316565798940137
COMPLETED,0.7299999999999999,1.0,0.13,2157,0.7715394319221376
COMPLETED,0.7299999999999999,2.0,0.1199999999999999,930,0.0893326501883566
COMPLETED,0.7299999999999999,2.0,0.2899999999999999,4688,0.5155562676694244
COMPLETED,0.7299999999999999,2.0,0.28,4583,0.4903038368374109
COMPLETED,0.7299999999999999,1.0,0.0,1036,0.9087020225916058
COMPLETED,0.7299999999999999,2.0,0.14,2284,0.2343206651490181
COMPLETED,0.7299999999999999,2.0,0.2099999999999999,3349,0.6814688812755048
COMPLETED,0.7299999999999999,2.0,0.54,2535,0.0448358872178942
COMPLETED,0.7299999999999999,3.0,0.11,1843,0.6185909821093082
COMPLETED,0.7299999999999999,2.0,0.04,620,0.3027078255824744
COMPLETED,0.7299999999999999,2.0,0.0,3754,0.8438125788103789
COMPLETED,0.7299999999999999,2.0,0.25,4037,0.2597369281649589
COMPLETED,0.7299999999999999,1.0,0.0,336,0.8393397071901709
COMPLETED,0.7399999999999999,3.0,0.2899999999999999,1579,0.0166601478289812
COMPLETED,0.7299999999999999,2.0,0.17,2798,0.5675109743587672
COMPLETED,0.7299999999999999,2.0,0.2,3242,0.2071795001719146
COMPLETED,0.7299999999999999,1.0,0.1499999999999999,2391,0.6314253440350293
COMPLETED,0.7299999999999999,2.0,0.07,1163,0.4482475911937653
COMPLETED,0.7299999999999999,1.0,0.0,4456,0.9051418917756529
COMPLETED,0.7299999999999999,2.0,0.3099999999999999,4971,0.1006895035728812
COMPLETED,0.7299999999999999,2.0,0.04,647,0.5498154933173209
COMPLETED,0.7299999999999999,2.0,0.1199999999999999,1894,0.374406058749184
COMPLETED,0.7299999999999999,2.0,0.23,3739,0.7908835769034922
COMPLETED,0.7299999999999999,2.0,0.1799999999999999,2927,0.4344505327809601
COMPLETED,0.7299999999999999,2.0,0.0,1451,0.9774759498909116
COMPLETED,0.7299999999999999,2.0,0.01,228,0.1626218222565948
COMPLETED,0.7299999999999999,3.0,0.26,4145,0.7343991472478955
COMPLETED,0.7299999999999999,2.0,0.26,4165,0.2923920630533248
COMPLETED,0.7299999999999999,2.0,0.0,209,0.8739440403804182
COMPLETED,0.7299999999999999,3.0,0.1799999999999999,1471,0.0512568706013262
COMPLETED,0.7299999999999999,2.0,0.1799999999999999,2907,0.6001584913935512
COMPLETED,0.7299999999999999,2.0,0.23,3719,0.2349539684727788
COMPLETED,0.7299999999999999,2.0,0.1199999999999999,1914,0.6611490217912942
COMPLETED,0.7299999999999999,2.0,0.04,627,0.4779788793679326
COMPLETED,0.7299999999999999,2.0,0.0,4992,0.9329239779300988
COMPLETED,0.7299999999999999,3.0,0.65,4475,0.0690128055755049
COMPLETED,0.7299999999999999,2.0,0.07,1144,0.5161895561218262
COMPLETED,0.7299999999999999,1.0,0.1499999999999999,2411,0.3407877394072711
COMPLETED,0.7299999999999999,2.0,0.2,3223,0.7592144893240182
COMPLETED,0.7299999999999999,2.0,0.17,2780,0.4057052714675664
COMPLETED,0.7299999999999999,2.0,0.0,1599,0.9467814605329185
COMPLETED,0.7299999999999999,2.0,0.02,318,0.1319197150450199
COMPLETED,0.7299999999999999,2.0,0.25,4056,0.7056462755165994
COMPLETED,0.7299999999999999,2.0,0.23,3773,0.1830073406491428
COMPLETED,0.7299999999999999,2.0,0.04,601,0.7338296253234147
COMPLETED,0.7299999999999999,2.0,0.1199999999999999,1863,0.410170532669872
COMPLETED,0.7299999999999999,2.0,0.0,2516,0.9897447400968522
COMPLETED,0.7299999999999999,2.0,0.2099999999999999,3330,0.3443402523696422
COMPLETED,0.7299999999999999,2.0,0.0,2303,0.8012631245497615
COMPLETED,0.7299999999999999,2.0,0.0599999999999999,1017,0.1190639532338827
COMPLETED,0.7299999999999999,3.0,0.28,4602,0.5433383389525116
COMPLETED,0.7299999999999999,2.0,0.2899999999999999,4709,0.4586271239686757
COMPLETED,0.7299999999999999,2.0,0.0,910,0.8750761002674698
COMPLETED,0.7299999999999999,1.0,0.13,2178,0.2007023606784641
COMPLETED,0.7299999999999999,3.0,0.2099999999999999,3456,0.6497997788246721
COMPLETED,0.7299999999999999,3.0,0.4299999999999999,3015,0.0160906110331416
COMPLETED,0.7299999999999999,2.0,0.08,1364,0.587896507622674
COMPLETED,0.7299999999999999,1.0,0.01,82,0.2720057332422584
COMPLETED,0.7299999999999999,1.0,0.0,4292,0.8150596922077238
COMPLETED,0.7299999999999999,2.0,0.54,4354,0.0345206944476813
COMPLETED,0.7299999999999999,1.0,0.0,25,0.6161640376858412
COMPLETED,0.7299999999999999,2.0,0.08,1264,0.3080625241696834
COMPLETED,0.7299999999999999,1.0,0.0,3110,0.8570555257443337
COMPLETED,0.7299999999999999,2.0,0.22,3546,0.4927649296186864
COMPLETED,0.7299999999999999,1.0,0.0,2073,0.9188686170261352
COMPLETED,0.7299999999999999,2.0,0.05,859,0.2212336927447468
COMPLETED,0.7299999999999999,2.0,0.2999999999999999,4775,0.6760874105244875
COMPLETED,0.7299999999999999,2.0,0.2899999999999999,4668,0.3258798481132835
COMPLETED,0.7299999999999999,2.0,0.0599999999999999,966,0.77290432709828
COMPLETED,0.7299999999999999,1.0,0.14,2198,0.0830986341759562
COMPLETED,0.7299999999999999,2.0,0.2099999999999999,3421,0.50137309766002
COMPLETED,0.7299999999999999,2.0,0.16,2611,0.148777821470052
COMPLETED,0.7299999999999999,2.0,0.11,1762,0.6900062820967287
COMPLETED,0.7299999999999999,2.0,0.0299999999999999,545,0.3896692872215062
COMPLETED,0.7299999999999999,1.0,0.0,3834,0.9635481341257692
COMPLETED,0.7299999999999999,2.0,0.25,3961,0.4241047644969075
COMPLETED,0.7299999999999999,1.0,0.0,418,0.9750793430395424
COMPLETED,0.7299999999999999,2.0,0.1,1655,0.1679459453299641
COMPLETED,0.7299999999999999,1.0,0.17,2719,0.7476724317539483
COMPLETED,0.7299999999999999,2.0,0.2,3157,0.1031814098097384
COMPLETED,0.7299999999999999,1.0,0.1499999999999999,2462,0.5599519881214946
COMPLETED,0.7299999999999999,2.0,0.08,1249,0.3613498998004943
COMPLETED,0.7299999999999999,2.0,0.27,4385,0.785472006522119
COMPLETED,0.7299999999999999,2.0,0.2999999999999999,4902,0.2164629738312214
COMPLETED,0.7299999999999999,2.0,0.05,732,0.6328205767832696
COMPLETED,0.7299999999999999,2.0,0.1199999999999999,1966,0.4419829996675253
COMPLETED,0.7299999999999999,1.0,0.0,3653,0.890989059338346
COMPLETED,0.7299999999999999,2.0,0.1799999999999999,2846,0.2581933424584567
COMPLETED,0.7299999999999999,1.0,0.0,1527,0.8300906123947352
COMPLETED,0.7199999999999999,2.0,0.08,309,0.0307864534799009
COMPLETED,0.7299999999999999,2.0,0.25,4070,0.5739317709207534
COMPLETED,0.7299999999999999,2.0,0.25,4112,0.2273906332924962
COMPLETED,0.7299999999999999,1.0,0.02,272,0.684313483165577
COMPLETED,0.7299999999999999,2.0,0.0899999999999999,1486,0.48551342359744
COMPLETED,0.7299999999999999,1.0,0.0,2883,0.9097878316231072
COMPLETED,0.7299999999999999,2.0,0.22,3617,0.2999563500005751
COMPLETED,0.7299999999999999,1.0,0.0,2007,0.8507786272391676
COMPLETED,0.7299999999999999,2.0,0.1,769,0.043721374604851
COMPLETED,0.7299999999999999,2.0,0.2999999999999999,4860,0.6232955894675106
COMPLETED,0.7299999999999999,2.0,0.27,4421,0.3825396203845739
COMPLETED,0.7299999999999999,1.0,0.0,1208,0.954345509538427
COMPLETED,0.7299999999999999,1.0,0.1499999999999999,2425,0.1550565751772373
COMPLETED,0.7299999999999999,2.0,0.2,3199,0.6981105415783821
COMPLETED,0.7299999999999999,2.0,0.17,2677,0.0921775048915296
COMPLETED,0.7299999999999999,2.0,0.1,1692,0.5086264588832855
COMPLETED,0.7299999999999999,2.0,0.0299999999999999,459,0.3176518310420214
COMPLETED,0.7299999999999999,2.0,0.2399999999999999,3924,0.7667492714952677
FAILED,,,,3876,0.367504951685667
FAILED,,,,508,0.7937000273112208
FAILED,,,,1721,0.0959280448686331
FAILED,,,,2648,0.5508731211237609
FAILED,,,,3384,0.1598416895661503
FAILED,,,,2240,0.7413936743289232
FAILED,,,,1003,0.4333073928020894
FAILED,,,,4626,0.982209006158635
FAILED,,,,4811,0.0236548979803919
FAILED,,,,818,0.5647310944814234
FAILED,,,,2036,0.2644702372457832
FAILED,,,,3587,0.8381967902816831
FAILED,,,,3069,0.4510637887883931
FAILED,,,,1300,0.8982405616417526
FAILED,,,,67,0.2082369049079716
FAILED,,,,4317,0.6266636325176805
FAILED,,,,4251,0.4696309247873723
FAILED,,,,118,0.9264014956634492
FAILED,,,,1405,0.2444002955947071
FAILED,,,,2978,0.6685224097520112
FAILED,,,,3492,0.0576556510459631
FAILED,,,,2136,0.6086302072815596
FAILED,,,,874,0.2848949695527553
FAILED,,,,4750,0.8646214782837777
FAILED,,,,4565,0.1412442290075123
FAILED,,,,1059,0.7131414766367525
FAILED,,,,2340,0.3972354777026921
FAILED,,,,3289,0.9403808174505828
FAILED,,,,2558,0.3334124888088554
FAILED,,,,1826,0.7497700843252241
FAILED,,,,560,0.0755333954617381
FAILED,,,,3810,0.5245394625682382
FAILED,,,,4015,0.1107140505053103
FAILED,,,,354,0.5368177453484386
FAILED,,,,1640,0.3537846610862761
FAILED,,,,2743,0.8086383714303375
FAILED,,,,3260,0.4165711720343679
FAILED,,,,2369,0.9982145375795662
FAILED,,,,1108,0.17551213581115
FAILED,,,,4516,0.7245051150787621
FAILED,,,,4955,0.2813282990567386
FAILED,,,,669,0.8225567819904535
FAILED,,,,1951,0.0076188988629728
FAILED,,,,3678,0.5814977234601973
FAILED,,,,2949,0.1933289689999073
FAILED,,,,1435,0.6403534554205835
FAILED,,,,167,0.4651496025174856
FAILED,,,,4202,0.8834240585658699
FAILED,,,,4200,0.1137308506481349
FAILED,,,,169,0.5380043050479144
COMPLETED,0.73,1.0,0.0,4668,0.9887520584083004
COMPLETED,0.73,1.0,0.0,4970,0.9491946349035988
COMPLETED,0.73,2.0,0.1867689832291602,3018,0.6274256695176197
COMPLETED,0.73,1.0,0.0,3986,0.9517064125541254
COMPLETED,0.73,2.0,0.0923324463147472,1492,0.5415116941022099
COMPLETED,0.73,1.0,0.0,15,0.8032949624776067
COMPLETED,0.73,1.0,6.188501763723002e-05,1,0.6394026487145276
COMPLETED,0.73,2.0,0.0858964044804752,1388,0.5233465501032264
COMPLETED,0.73,1.0,0.0,4136,0.9008429392364942
COMPLETED,0.73,1.0,0.0219072962435794,354,0.7490763234802389
COMPLETED,0.73,2.0,0.2817624853023083,4553,0.5510357060596696
COMPLETED,0.73,1.0,0.0,1221,0.8502039534928431
COMPLETED,0.73,1.0,0.0,3312,0.9598492860358382
COMPLETED,0.73,2.0,0.0352125750355838,569,0.430540133386027
COMPLETED,0.73,1.0,0.1360232687666316,2198,0.5917929191662601
COMPLETED,0.73,2.0,0.2614641995172969,4225,0.2725963231753455
