Status,ACCURACY,RUNTIME,REQLABELS,recent_samples_size,n_reference_samples,n_recent_samples,threshold,stability_offset
FAILED,,,,4734,509,3859,0.5435647535324096,0.6
FAILED,,,,602,2682,582,0.3458237094543874,0.7
FAILED,,,,1755,1377,3211,0.9409219174198806,0.3
FAILED,,,,3541,4164,2426,0.1346020397376269,0.1
FAILED,,,,2959,2351,669,0.0699623502045869,0.6
FAILED,,,,2420,4592,4891,0.7609508338663727,1e-08
FAILED,,,,1192,707,1324,0.4201809992138296,1e-11
FAILED,,,,4071,3583,3040,0.7216188938319683,0.9
FAILED,,,,3991,1603,1803,0.8362818044703453,0.6
FAILED,,,,641,3776,2581,0.020946784492582,1e-05
FAILED,,,,2028,283,1206,0.6733029363267123,0.0001
FAILED,,,,2721,3071,4491,0.4967596768271178,1e-09
FAILED,,,,3311,944,3670,0.3006761804670095,0.001
FAILED,,,,1365,3186,1948,0.6228245373163372,0.2
FAILED,,,,59,2114,4260,0.2150487615112215,1e-10
FAILED,,,,4657,4989,45,0.8965347907543181,0.1
FAILED,,,,4430,2003,2725,0.395068633345887,0.01
FAILED,,,,281,4801,1625,0.7116434186659752,1e-07
FAILED,,,,1431,1152,4582,0.1223923167102038,1e-05
FAILED,,,,3240,3315,994,0.7981830263268203,0.4
FAILED,,,,2655,95,2126,0.9971913230270149,0.1
FAILED,,,,2099,2961,3526,0.1757954751644283,1e-09
FAILED,,,,868,1732,257,0.5224136352781206,0.8
FAILED,,,,3769,3984,4170,0.3396876436471938,0.7
FAILED,,,,4312,910,365,0.2211866825204342,0.001
FAILED,,,,945,3707,3964,0.917687835779041,1e-12
FAILED,,,,2330,2245,2253,0.2594846671633422,0.9
FAILED,,,,3045,4409,3341,0.56655701665394,1e-11
FAILED,,,,3632,1501,4787,0.6360688812285661,1e-08
FAILED,,,,1669,4367,887,0.4443277658913284,0.5
FAILED,,,,360,326,2910,0.8462553649488836,0.8
FAILED,,,,4980,2577,1498,0.0460572579801082,0.1
FAILED,,,,4852,1267,1162,0.31898317550309,0.2
FAILED,,,,410,4133,4438,0.510941241659224,1e-10
FAILED,,,,1639,560,1769,0.1711906155869364,0.3
FAILED,,,,3740,2811,2556,0.971598044367507,0.0001
FAILED,,,,3072,675,4314,0.7925854775197803,1e-05
FAILED,,,,2224,3473,89,0.095813955521211,0.3
FAILED,,,,1071,2481,3695,0.6919316397514194,0.01
FAILED,,,,4265,4643,1982,0.3845813222564756,1e-08
FAILED,,,,3876,173,3177,0.0516705741453915,0.4
FAILED,,,,840,3040,2402,0.872788454003632,0.7
FAILED,,,,2147,1654,3816,0.4640848095044493,0.2
FAILED,,,,2529,3905,528,0.6465404323954134,1e-11
FAILED,,,,3190,2081,1349,0.5872763003893195,1e-09
FAILED,,,,1560,4878,3074,0.2709108368810266,0.8
FAILED,,,,172,1074,723,0.9223389118220656,0.0001
FAILED,,,,4460,3238,4936,0.2467651530243456,1e-07
FAILED,,,,4551,1180,2297,0.7481706074047832,1e-10
FAILED,,,,87,3420,3394,0.4258051956370472,1e-07
FAILED,,,,1318,1878,399,0.7714038794860244,1e-09
FAILED,,,,3436,4754,3989,0.0897083945889025,0.1
FAILED,,,,2771,1837,2857,0.146047782022506,1e-08
FAILED,,,,1900,4010,1454,0.961653036898002,0.9
FAILED,,,,750,49,4762,0.371382726361975,1e-11
FAILED,,,,3961,2837,852,0.5482038497664034,1e-12
FAILED,,,,4199,2273,4615,0.8850743592847138,0.3
FAILED,,,,1142,4515,1018,0.1943637395277619,0.9
FAILED,,,,2451,785,2769,0.5972194154784082,0.4
FAILED,,,,2850,3660,1678,0.2960517557580024,0.6
FAILED,,,,3513,431,233,0.4701923223026096,0.5
FAILED,,,,1861,2603,4135,0.6677238856311887,1e-11
FAILED,,,,476,1455,2072,0.0104485857095569,1e-12
FAILED,,,,4781,4243,3482,0.8165514084734022,0.01
FAILED,,,,4829,2455,1906,0.1971891090329736,0.5
FAILED,,,,541,4667,3629,0.8783363947458565,1e-11
FAILED,,,,1811,661,8,0.2832385288216173,1e-06
FAILED,,,,3441,3488,4223,0.6061521695163101,0.001
FAILED,,,,2854,625,2622,0.6590955929234624,1e-07
FAILED,,,,2471,2748,1844,0.4827008499670773,1e-10
FAILED,,,,1126,1320,4528,0.8234722461123019,1e-05
FAILED,,,,4161,4079,1243,0.0074405810460448,0.7
FAILED,,,,3930,1049,4850,0.4346598899122327,0.2
FAILED,,,,736,3261,628,0.7354011766202748,0.8
FAILED,,,,1928,2067,3003,0.0830446530021727,0.7
FAILED,,,,2777,4895,1288,0.7741816755142062,0.3
FAILED,,,,3362,1718,623,0.9585708092823624,1e-12
FAILED,,,,1261,3842,3901,0.1530161931384354,0.6
FAILED,,,,149,226,2463,0.5607904371935875,0.4
FAILED,,,,4591,2985,3248,0.3627106375023722,1e-07
FAILED,,,,4525,23,928,0.8602799058910459,0.5
FAILED,,,,220,2860,4828,0.0602988873012363,0.3
FAILED,,,,1488,1824,1535,0.6495484277643263,0.01
FAILED,,,,3140,4025,2947,0.457163981160149,1e-09
FAILED,,,,2550,1943,3923,0.2776488218680024,0.6
FAILED,,,,2150,4692,323,0.5844509104359895,0.7
FAILED,,,,802,1232,3304,0.2378324082810431,0.8
FAILED,,,,3860,3366,2216,0.9351521294638514,1e-08
FAILED,,,,4252,1430,3568,0.5039728100951761,1e-10
FAILED,,,,1040,4266,2168,0.322065423566848,0.001
FAILED,,,,2230,417,4206,0.9802701239325105,1e-07
FAILED,,,,3101,2619,294,0.1586040374543517,1e-08
FAILED,,,,3683,849,1584,0.108583406753838,0.4
FAILED,,,,1564,3598,2683,0.7837307627964764,1e-06
FAILED,,,,451,2326,957,0.381803535522893,0.1
FAILED,,,,4914,4459,4545,0.69859537204355,1e-12
FAILED,,,,4942,772,3116,0.9090758290681988,0.3
FAILED,,,,345,3521,1391,0.233711522206664,0.5
FAILED,,,,1690,2403,4972,0.5734615385532378,0.7
FAILED,,,,3635,4537,760,0.2564603802207857,0.6
FAILED,,,,2973,1351,2360,0.4471692094765603,0.01
FAILED,,,,2280,4188,3136,0.6293469647448509,0.001
FAILED,,,,1010,496,492,0.0332279867064207,1e-09
FAILED,,,,4360,2698,3779,0.8551720411889255,0.0001
FAILED,,,,3810,2178,130,0.7085753355715423,1e-06
FAILED,,,,931,4927,4355,0.4020512150079011,0.01
FAILED,,,,2042,997,2019,0.8107554394900798,0.9
FAILED,,,,2581,3131,3731,0.1137060870472341,1e-05
FAILED,,,,3246,257,4396,0.1846645779274403,1e-11
FAILED,,,,1459,3094,1121,0.9844362747054546,0.8
FAILED,,,,268,1589,2520,0.3330095233153551,0.1
FAILED,,,,4399,3792,1733,0.5251770191006361,0.2
FAILED,,,,4641,1797,4094,0.0276686953995376,0.0001
FAILED,,,,21,3921,191,0.833440366461873,0.3
FAILED,,,,1369,147,3445,0.4878429764211177,0.1
FAILED,,,,3331,2906,2036,0.686132231766358,1e-08
FAILED,,,,2671,1126,1060,0.6102997032068669,0.7
FAILED,,,,1956,3338,4657,0.3092881816010922,0.4
FAILED,,,,689,1990,1715,0.8995591018628329,0.6
FAILED,,,,4056,4817,2805,0.2081442154459655,1e-10
FAILED,,,,4133,391,1412,0.3585787521991878,1e-12
FAILED,,,,1232,2515,2815,0.534695631250739,0.4
FAILED,,,,2346,1554,816,0.1318386317491531,0.6
FAILED,,,,2902,4312,4725,0.9476000619176776,0.5
FAILED,,,,3569,2220,3436,0.7539682577811182,0.8
FAILED,,,,1761,4432,2338,0.0730304277222603,0.2
FAILED,,,,572,896,4025,0.730305147660896,0.1
FAILED,,,,4720,3723,435,0.4076085618846118,1e-05
FAILED,,,,4701,1662,3296,0.6772541346196084,0.1
FAILED,,,,552,3873,2206,0.4928226360678673,1e-06
FAILED,,,,1780,185,3932,0.8401559895724057,0.8
FAILED,,,,3589,3013,334,0.0170546347890049,0.9
FAILED,,,,2921,1081,1546,0.2190019284002482,0.0001
FAILED,,,,2365,3205,2956,0.8925998264085501,1e-08
FAILED,,,,1212,2094,917,0.3045521742980927,0.2
FAILED,,,,4114,4852,4820,0.6189341480098663,1e-05
FAILED,,,,4037,568,966,0.9370163686219602,1e-11
FAILED,,,,669,2780,4556,0.1385238875448703,0.01
FAILED,,,,1976,1279,1575,0.5397057176977395,0.001
FAILED,,,,2690,4106,2672,0.3496702282521873,0.6
FAILED,,,,3351,2488,4195,0.4162734334878623,0.1
FAILED,,,,1389,4611,285,0.7255387135576457,1e-10
FAILED,,,,1,687,3579,0.0661015195827931,1e-06
FAILED,,,,4621,3446,2176,0.7647956034205853,1e-12
FAILED,,,,4380,812,4499,0.2633891991320997,1e-08
FAILED,,,,248,3649,1212,0.5626342821419239,0.3
FAILED,,,,1479,2304,2650,0.2250466208606958,0.6
FAILED,,,,3265,4506,1875,0.913842292914167,1e-05
FAILED,,,,2600,1481,38,0.8501619249992072,0.2
FAILED,,,,2061,4231,4251,0.042136540396139,1e-11
FAILED,,,,911,463,1876,0.639930568812415,0.5
FAILED,,,,3790,2596,3600,0.4404840429089963,0.7
FAILED,,,,4341,1906,2491,0.1184420646075159,1e-07
FAILED,,,,990,4743,3278,0.802121024429798,0.4
FAILED,,,,2299,1211,595,0.3911934128254652,0.3
FAILED,,,,2992,3413,3870,0.7155347002539783,1e-05
FAILED,,,,3655,75,2973,0.5184613067619502,1e-12
FAILED,,,,1710,2824,1260,0.3436236731540411,0.8
FAILED,,,,325,1869,4880,0.9933143421094864,0.9
FAILED,,,,4923,4003,656,0.1796849480234086,0.4
FAILED,,,,4895,310,1687,0.4679912673141807,0.1
FAILED,,,,431,3059,2775,0.6426195791102945,1e-08
FAILED,,,,1584,1634,1088,0.0555323937125503,0.001
FAILED,,,,3703,3768,4687,0.8689448369797319,1e-07
FAILED,,,,3120,2140,3476,0.9262435460314155,1e-06
FAILED,,,,2249,4976,2064,0.2428425542134791,0.6
FAILED,,,,1021,977,4063,0.5911361067462712,1e-09
FAILED,,,,4232,3179,163,0.2670651880577206,0.5
FAILED,,,,3840,1404,4054,0.1672384227719158,0.8
FAILED,,,,783,4153,466,0.9755341761149466,0.7
FAILED,,,,2170,540,3408,0.3151060886271297,1e-05
FAILED,,,,2570,2674,2308,0.5148305825348943,0.3
FAILED,,,,3159,733,785,0.6879812519475818,0.01
FAILED,,,,1507,3570,4697,0.3885192181188613,0.5
FAILED,,,,201,2383,1443,0.7887103629577905,1e-11
FAILED,,,,4505,4585,2843,0.099705369092524,1e-12
FAILED,,,,4571,2254,483,0.6011724801268428,0.1
FAILED,,,,130,4378,3768,0.2921166557110845,0.3
FAILED,,,,1280,921,2369,0.888950485099107,1e-12
FAILED,,,,3381,3680,3147,0.1904734561797231,0.2
FAILED,,,,2797,333,4983,0.0143998862430453,1e-08
FAILED,,,,1948,2545,768,0.8126145034153013,0.01
FAILED,,,,717,1514,3104,0.4740663754213601,0.001
FAILED,,,,3911,4341,1382,0.6638316299691795,0.8
FAILED,,,,4141,1160,2528,0.7674964494612067,1e-09
FAILED,,,,1106,3284,1744,0.0936283165551722,0.8
FAILED,,,,2491,2015,4388,0.7443096708245575,0.4
FAILED,,,,2874,4774,1110,0.4296498332079499,1e-12
FAILED,,,,3461,1739,2008,0.367477041862905,0.6
FAILED,,,,1830,3951,3723,0.5521255953330546,0.9
FAILED,,,,522,108,141,0.1421888772416859,1e-05
FAILED,,,,4809,2935,4364,0.965499687679112,0.7
FAILED,,,,4801,990,249,0.079094304235652,0.0001
FAILED,,,,496,3163,4159,0.7781195323392748,0.5
FAILED,,,,1841,2165,2135,0.4307848850265145,0.4
FAILED,,,,3494,4953,3537,0.7392924805153162,0.2
FAILED,,,,2831,1581,4593,0.5568383243121205,1e-11
FAILED,,,,2431,3823,1002,0.3666466893162578,0.001
FAILED,,,,1161,246,2714,0.9546937317010014,1e-07
FAILED,,,,4218,3122,1617,0.1569055247195065,0.7
FAILED,,,,3980,2396,2919,0.2871432615537196,1e-05
FAILED,,,,769,4570,1509,0.602229472182691,1e-12
FAILED,,,,1880,759,4778,0.2010489655807614,1e-06
FAILED,,,,2752,3547,875,0.8744906957317143,1e-09
FAILED,,,,3417,488,2242,0.8273787243701518,0.8
FAILED,,,,1298,2729,3332,0.0035197073128074,0.9
FAILED,,,,107,1339,376,0.662957481270656,0.4
FAILED,,,,4570,4215,3973,0.4788571641631424,1e-11
FAILED,,,,4480,1527,1296,0.976364537956193,0.4
FAILED,,,,192,4325,3009,0.1625256844982504,0.5
FAILED,,,,1540,358,697,0.5001139555051921,0.01
FAILED,,,,3170,2522,4922,0.3259120241571217,1e-07
FAILED,,,,2510,869,3242,0.3778961259461939,1e-05
FAILED,,,,2127,3735,2454,0.7025152735617011,1e-09
FAILED,,,,860,2189,3829,0.104722538953647,0.2
FAILED,,,,3895,4440,553,0.7875753315873443,0.0001
FAILED,,,,4284,121,4288,0.6534997673351317,0.3
FAILED,,,,1090,2919,75,0.4532270370647311,1e-11
FAILED,,,,2204,1765,3642,0.864154068686068,1e-12
FAILED,,,,3053,3928,1917,0.0564065219629555,1e-10
FAILED,,,,3721,1963,1176,0.2417855528630316,0.7
FAILED,,,,1619,4828,4463,0.9312169494833796,0.1
FAILED,,,,430,1095,1833,0.2815249569769948,1e-07
FAILED,,,,4871,3346,2609,0.5805606177933514,0.001
FAILED,,,,5000,2041,4734,0.8068479276727883,0.5
FAILED,,,,380,4908,822,0.1176258528642356,0.1
FAILED,,,,1650,1017,2885,0.7047145997546613,0.3
FAILED,,,,3612,3267,1484,0.405895889757201,0.001
FAILED,,,,3025,199,429,0.3291040395796299,0.01
FAILED,,,,2310,2996,4017,0.5290988018456846,1e-05
FAILED,,,,965,1687,2266,0.1808055913541465,1e-07
FAILED,,,,4332,3851,3366,0.9882827693372964,0.4
FAILED,,,,3789,635,2100,0.577414818836376,0.8
FAILED,,,,888,3501,3513,0.2525253024809062,1e-10
FAILED,,,,2080,2422,204,0.9129518582187592,1e-08
FAILED,,,,2636,4674,4105,0.229821097580716,0.4
FAILED,,,,3220,1292,2738,0.0371791905760765,0.6
FAILED,,,,1412,4090,1650,0.8512349948529154,0.001
FAILED,,,,301,593,4646,0.4510434782300144,0.9
FAILED,,,,4449,2756,1046,0.6254547313898801,1e-06
FAILED,,,,4676,410,3686,0.1278864166270941,1e-06
ABANDONED,,,,78,2652,1971,0.9515359780304132,0.1
FAILED,,,,1346,1417,4322,0.3547018066011369,1e-09
ABANDONED,,,,3291,4293,100,0.538585068790242,1e-07
FAILED,,,,2701,2318,1780,0.7263549011349678,0.7
FAILED,,,,2009,4490,2565,0.4115465544108301,0.4
FAILED,,,,661,837,1151,0.7500931209120899,0.2
ABANDONED,,,,4011,3626,4429,0.0769216256588697,0.8
FAILED,,,,4090,1817,731,0.4917495903801172,1e-10
ABANDONED,,,,1211,4058,4947,0.6822114602737128,0.6
FAILED,,,,2401,11,1341,0.0315304777882993,0.5
FAILED,,,,2939,2887,3063,0.8295965486746281,0.2
FAILED,,,,3522,1224,3805,0.9034636988937856,0.2
FAILED,,,,1735,3397,520,0.2042214158717542,1e-12
FAILED,,,,622,1932,3188,0.6141596657130867,0.0001
FAILED,,,,4753,4719,2410,0.30544261457026,1e-11
FAILED,,,,4765,1924,835,0.9895060269031672,0.001
FAILED,,,,614,4712,4745,0.1834945719093084,0.0001
FAILED,,,,1728,1212,1471,0.5298228446245193,1e-07
FAILED,,,,3534,3385,2873,0.3322608266118913,0.9
FAILED,,,,2947,3,4007,0.4027348383627831,1e-09
FAILED,,,,2389,2879,416,0.7039938695710152,0.3
FAILED,,,,1199,1805,3378,0.1149411664139479,1e-11
FAILED,,,,4097,4046,2281,0.8056213277690112,0.6
FAILED,,,,4023,830,3505,0.6286324424240737,0.01
FAILED,,,,653,3619,2095,0.4517808606177568,0.7
FAILED,,,,2002,2306,4114,0.8539068287312984,1e-08
FAILED,,,,2714,4478,211,0.0383929453436285,0.5
FAILED,,,,3299,1410,1656,0.2286116443537175,1e-10
FAILED,,,,1334,4285,2746,0.9102766745667904,1e-11
FAILED,,,,66,398,1040,0.251783648295328,0.4
FAILED,,,,4683,2639,4637,0.5742404278330505,0.6
FAILED,,,,4442,606,1960,0.0776461573336273,1e-05
FAILED,,,,312,2769,3673,0.7532503708153963,0.01
FAILED,,,,1424,1299,111,0.4127693230807781,1e-12
FAILED,,,,3213,4098,4336,0.7290434188190847,1e-06
FAILED,,,,2624,2435,2578,0.535899900879711,0.001
FAILED,,,,2087,4686,1790,0.3534747363906353,0.9
FAILED,,,,895,642,4415,0.9483754080962388,0.0001
FAILED,,,,3776,3508,1139,0.1271661567501723,1e-07
FAILED,,,,4325,1699,4952,0.3081139855775982,0.1
FAILED,,,,977,3863,739,0.6153729315847158,1e-07
FAILED,,,,2323,206,3056,0.2073995897769927,0.2
FAILED,,,,3018,3004,1331,0.9042015701774508,0.5
FAILED,,,,3600,1029,512,0.8288553647957742,1e-06
FAILED,,,,1658,3279,3799,0.0283565682452172,1e-10
FAILED,,,,387,2049,2419,0.68100153673999,0.9
FAILED,,,,4987,4915,3195,0.4890739252679049,0.7
FAILED,,,,4878,1107,4148,0.1537292283233255,1e-11
FAILED,,,,418,3358,236,0.9539577899761496,0.6
FAILED,,,,1607,1970,3549,0.3639772181250154,1e-07
FAILED,,,,3728,4836,2148,0.5556269656922667,1e-09
FAILED,,,,3066,1777,1015,0.7405005191043019,0.1
FAILED,,,,2197,3940,4603,0.4334586280155927,0.3
FAILED,,,,1083,128,1602,0.7788588238377124,1e-06
FAILED,,,,4296,2927,2702,0.0822662990912795,0.01
FAILED,,,,3902,2201,1514,0.4776324659343809,0.001
FAILED,,,,847,4452,2927,0.6602670860774815,1e-05
FAILED,,,,2115,876,868,0.0027932683862745,0.5
FAILED,,,,2517,3742,4769,0.8242195746507495,0.8
FAILED,,,,3183,371,3324,0.8776531877890229,0.7
FAILED,,,,1533,2534,2236,0.2017711104024201,0.01
FAILED,,,,184,1535,3982,0.6049165547806769,1e-08
FAILED,,,,4492,4332,382,0.2883722241446375,0.2
FAILED,,,,4558,1332,3022,0.7849053752180188,0.5
FAILED,,,,114,4208,1307,0.1035107137449085,0.9
FAILED,,,,1306,476,4908,0.6993394623436033,0.001
FAILED,,,,3405,2717,686,0.3771606508102268,0.01
FAILED,,,,2745,752,2444,0.326651793397963,0.8
FAILED,,,,1893,3540,3229,0.5032864243853837,1e-12
FAILED,,,,781,2384,565,0.1637332453448325,1e-06
FAILED,,,,3973,4557,3843,0.9790378069207072,1e-07
FAILED,,,,4206,238,67,0.5798346454557031,0.6
FAILED,,,,1168,3114,4283,0.2783662924356758,1e-06
FAILED,,,,2439,1569,1927,0.9299917846657336,0.5
FAILED,,,,2819,3811,3649,0.2390946724917739,1e-08
FAILED,,,,3487,2158,4469,0.0590931305363774,1e-12
FAILED,,,,1854,4946,1184,0.8653825535345822,0.9
FAILED,,,,508,978,2602,0.4563900031466037,0.01
FAILED,,,,4793,3151,1825,0.6542223898991942,0.0001
FAILED,,,,4816,115,2788,0.2697408345807343,0.01
FAILED,,,,509,2942,1698,0.5923460488691926,0.001
FAILED,,,,1819,1751,4674,0.2460164526030421,0.7
FAILED,,,,3468,3963,1076,0.9269847410637884,1e-05
FAILED,,,,2886,2022,2054,0.8682069917209446,1e-09
FAILED,,,,2484,4781,3463,0.0523541937824338,0.0001
FAILED,,,,1099,1172,175,0.6414063169565051,0.6
FAILED,,,,4153,3296,4078,0.4653198925890028,0.2
FAILED,,,,3918,1521,458,0.1004256103802472,1e-06
FAILED,,,,704,4349,4048,0.7918709514811634,0.1
FAILED,,,,1936,345,2317,0.3897462771758437,0.01
FAILED,,,,2804,2557,3415,0.690666431011632,1e-05
FAILED,,,,3394,929,4703,0.5121420908756554,0.3
FAILED,,,,1273,3687,793,0.3138832939323037,1e-08
FAILED,,,,122,2266,2837,0.97237692992948,1e-09
FAILED,,,,4583,4390,1434,0.1665138873793184,0.8
FAILED,,,,4493,2371,3757,0.6670060023833067,0.8
FAILED,,,,208,4573,470,0.4748080481961369,1e-06
FAILED,,,,1515,726,3158,0.8152896759137511,0.0001
FAILED,,,,3147,3563,2383,0.0156093506235629,0.01
FAILED,,,,2563,528,781,0.1892597274370491,0.7
FAILED,,,,2182,2662,4993,0.8862786251958459,0.001
FAILED,,,,795,1397,1368,0.2913792770411819,0.5
FAILED,,,,3832,4145,3093,0.5979947653748094,1e-06
FAILED,,,,4219,964,1749,0.9667262689936906,1e-08
FAILED,,,,1028,3167,2536,0.1448735822811722,0.1
FAILED,,,,2257,2132,1103,0.5528463143631815,1e-10
FAILED,,,,3108,4969,4378,0.370638104410842,0.001
FAILED,,,,3696,1622,3715,0.4264930722005665,1e-07
FAILED,,,,1596,3755,2002,0.7435856020208447,1e-12
FAILED,nan,nan,nan,2208,1801,4700,0.810047436401248,0.7
FAILED,nan,nan,nan,2570,1074,3573,0.5014930091444403,1e-08
FAILED,nan,nan,nan,983,2809,514,0.444476902384311,0.01
FAILED,nan,nan,nan,664,2378,3158,0.1477758106868714,1e-11
FAILED,nan,nan,nan,1929,3326,1473,0.6086755658555776,0.001
FAILED,nan,nan,nan,4129,380,4529,0.4152636979632079,0.6
FAILED,nan,nan,nan,1284,660,1010,0.6751889610961079,1e-06
FAILED,nan,nan,nan,4696,2988,3108,0.3648306324314326,0.9
FAILED,nan,nan,nan,1352,4951,2162,0.7809488213770092,0.01
FAILED,nan,nan,nan,1997,2324,438,0.9951238964926452,0.3
FAILED,nan,nan,nan,732,3224,4936,0.255486808123067,0.7
FAILED,nan,nan,nan,1070,1630,1393,0.0833684117794036,1e-07
FAILED,nan,nan,nan,4217,4058,3650,0.0580536671653389,1e-12
FAILED,nan,nan,nan,4519,3481,2381,0.4291773469001054,0.3
FAILED,nan,nan,nan,2296,2510,3392,0.6691997239328921,1e-09
FAILED,nan,nan,nan,1690,216,4167,0.6109643330480904,1e-11
FAILED,nan,nan,nan,3205,1911,2875,0.8258134469278157,0.5
FAILED,nan,nan,nan,474,2105,4453,0.727803634526208,0.1
FAILED,nan,nan,nan,4587,20,3234,0.9582295413389802,1e-06
FAILED,nan,nan,nan,1779,3598,181,0.0172228056918829,0.7
FAILED,nan,nan,nan,2345,1011,2226,0.2006893073432147,0.6
FAILED,nan,nan,nan,2708,1748,1085,0.4877702155094593,1e-11
FAILED,nan,nan,nan,4267,2442,2007,0.5896256572157145,0.9
FAILED,nan,nan,nan,2104,3864,3947,0.4039783061053604,1e-07
FAILED,nan,nan,nan,1420,1529,3492,0.3140759272910655,0.001
FAILED,nan,nan,nan,234,3081,1720,0.9289625323414804,1e-11
FAILED,nan,nan,nan,2064,1385,2047,0.6366562683023512,1e-12
FAILED,nan,nan,nan,4228,4997,3837,0.3233236678633839,0.3
FAILED,nan,nan,nan,3032,863,914,0.9245669313725084,0.7
FAILED,nan,nan,nan,2667,4265,2916,0.7205015435777604,1e-07
FAILED,nan,nan,nan,1740,1155,3359,0.7513591745309531,0.3
FAILED,nan,nan,nan,3351,1599,4640,0.5609112911503762,0.001
FAILED,nan,nan,nan,4479,959,4281,0.6618781533632427,0.7
FAILED,nan,nan,nan,1653,2660,2337,0.3446394994296133,1e-06
FAILED,nan,nan,nan,466,1794,3073,0.8991623070538044,1e-08
FAILED,nan,nan,nan,1032,4070,4485,0.8175353208128363,1e-11
FAILED,nan,nan,nan,2337,72,300,0.4345449417438358,1e-05
FAILED,nan,nan,nan,3873,3645,3201,0.6192414776533842,0.6
FAILED,nan,nan,nan,770,746,1844,0.5197987047955394,0.1
FAILED,nan,nan,nan,4825,3895,1892,0.9907392092421652,0.001
FAILED,nan,nan,nan,87,3392,756,0.6949903232175857,0.3
FAILED,nan,nan,nan,4180,1503,471,0.7921671954561025,1e-07
FAILED,nan,nan,nan,3549,402,2698,0.264746414180845,1e-11
FAILED,nan,nan,nan,3461,3909,4202,0.1541144439205527,0.7
FAILED,nan,nan,nan,19,2209,2416,0.8387590010743589,0.0001
FAILED,nan,nan,nan,1888,810,4564,0.3740807505622506,1e-08
FAILED,nan,nan,nan,4092,2820,1350,0.6795841177832336,0.01
FAILED,nan,nan,nan,1322,3182,2840,0.4089259867537766,1e-12
FAILED,nan,nan,nan,2249,4358,1608,0.0471210574004799,0.3
FAILED,nan,nan,nan,3175,1218,2127,0.449823588097468,1e-07
FAILED,nan,nan,nan,378,2645,3757,0.509791122365743,0.8
FAILED,nan,nan,nan,603,1023,552,0.1057249066494405,1e-12
FAILED,nan,nan,nan,4615,1848,1763,0.3332346608173102,0.6
FAILED,nan,nan,nan,4316,692,2997,0.2127221615817398,0.001
FAILED,nan,nan,nan,2473,2113,2778,0.5761918038595468,1e-06
FAILED,nan,nan,nan,2735,135,3912,0.8603413273915649,0.01
FAILED,nan,nan,nan,3120,4699,2261,0.5313277657274157,1e-11
FAILED,nan,nan,nan,2133,3015,1051,0.7803944970518351,0.6
FAILED,nan,nan,nan,4999,3300,4410,0.0063511071540415,1e-06
FAILED,nan,nan,nan,259,334,324,0.4972942491993308,0.3
FAILED,nan,nan,nan,3690,3285,3675,0.5581973722558469,1e-10
FAILED,nan,nan,nan,2138,1435,2551,0.9603813089262694,0.9
FAILED,nan,nan,nan,4310,4695,901,0.0311517358794808,1e-07
FAILED,nan,nan,nan,3123,697,3847,0.7260782585404814,1e-09
FAILED,nan,nan,nan,1202,2128,4134,0.1110336601734161,1e-12
FAILED,nan,nan,nan,2742,4178,2482,0.927280939495191,0.4
FAILED,nan,nan,nan,4045,121,2928,0.3279268144462258,0.7
FAILED,nan,nan,nan,2477,3733,1122,0.6344894964434207,0.0001
FAILED,nan,nan,nan,1833,1027,1283,0.5835698623564094,1e-05
FAILED,nan,nan,nan,4407,1223,967,0.9856563721075654,1e-11
FAILED,nan,nan,nan,3801,3537,1440,0.7943869985807687,1e-10
FAILED,nan,nan,nan,2536,2010,3194,0.4601259059887379,1e-07
FAILED,nan,nan,nan,939,4372,309,0.5171534320935607,0.9
FAILED,nan,nan,nan,698,814,3520,0.8119050987008959,1e-05
FAILED,nan,nan,nan,2860,2824,479,0.1321155048497021,0.6
FAILED,nan,nan,nan,4085,1317,4733,0.6243244635015726,0.4
FAILED,nan,nan,nan,1895,4890,1855,0.4309240186717361,1e-11
FAILED,nan,nan,nan,3466,530,1881,0.0894819093700498,0.7
FAILED,nan,nan,nan,14,3168,4004,0.9018079069256782,1e-06
FAILED,nan,nan,nan,4818,398,4210,0.7966053350176662,1e-07
FAILED,nan,nan,nan,766,4787,4555,0.7061433125790209,0.3
FAILED,nan,nan,nan,3870,2064,405,0.684726797265932,0.8
FAILED,nan,nan,nan,2340,4074,3595,0.3703995984867215,1e-06
FAILED,nan,nan,nan,4475,4418,2120,0.5953115075044334,0.6
FAILED,nan,nan,nan,460,2675,821,0.8414662576001137,1e-12
FAILED,nan,nan,nan,3357,2557,1775,0.7433344981968403,1e-06
FAILED,nan,nan,nan,2389,1947,1962,0.7753048488348723,0.2
FAILED,nan,nan,nan,3977,4270,3924,0.2163497470226139,1e-11
FAILED,nan,nan,nan,1114,3445,2787,0.4721097907014191,0.6
FAILED,nan,nan,nan,835,1371,1043,0.1754410590808838,1e-06
FAILED,nan,nan,nan,3036,4983,3007,0.8629951659962535,0.7
FAILED,nan,nan,nan,2070,2927,4367,0.5739653383661062,1e-08
FAILED,nan,nan,nan,1464,593,3269,0.647794490404427,1e-12
FAILED,nan,nan,nan,3602,2278,4398,0.913427742632106,0.6
FAILED,nan,nan,nan,1424,3076,109,0.3819826536048203,1e-07
FAILED,nan,nan,nan,2998,2426,1156,0.0996747034210711,0.3
FAILED,nan,nan,nan,1155,1005,868,0.7360362161751837,0.01
FAILED,nan,nan,nan,2711,2701,2517,0.3017910788059235,1e-08
FAILED,nan,nan,nan,3937,1753,2073,0.9499978668428958,1e-05
FAILED,nan,nan,nan,1784,2091,3720,0.2109911939650774,0.7
FAILED,nan,nan,nan,3316,35,4846,0.4774693252686411,1e-12
FAILED,nan,nan,nan,471,3613,1654,0.545250866342336,0.4
FAILED,nan,nan,nan,422,231,2673,0.0780620376728475,1e-06
FAILED,nan,nan,nan,3210,3496,713,0.88362382924743,0.9
FAILED,nan,nan,nan,1697,4223,1915,0.6774166460409761,1e-10
FAILED,nan,nan,nan,2302,1636,524,0.6035848469007761,1e-11
FAILED,nan,nan,nan,2910,4044,4518,0.5041460149530321,1e-06
FAILED,nan,nan,nan,4781,2958,2291,0.0332544660903513,1e-12
FAILED,nan,nan,nan,121,4956,1001,0.2802850128170103,0.6
FAILED,nan,nan,nan,3505,2973,3800,0.8230986952371895,0.3
FAILED,nan,nan,nan,1932,2373,4926,0.6640493113435805,1e-07
FAILED,nan,nan,nan,979,1817,3379,0.2513101423699408,0.3
FAILED,nan,nan,nan,2574,4489,34,0.693319792803377,1e-12
FAILED,nan,nan,nan,2215,2794,1403,0.9929579574298114,0.7
FAILED,nan,nan,nan,3141,2154,2373,0.5254401259701699,1e-09
FAILED,nan,nan,nan,559,1959,189,0.9345934980213644,0.001
FAILED,nan,nan,nan,4650,285,1560,0.6271779194269329,0.3
FAILED,nan,nan,nan,1872,3589,4442,0.317696166280657,1e-11
FAILED,nan,nan,nan,1243,4683,2216,0.8446885185781866,1e-07
FAILED,nan,nan,nan,863,502,3957,0.546984262637794,0.6
FAILED,nan,nan,nan,4350,2255,2753,0.7647379852700978,1e-11
FAILED,nan,nan,nan,3730,841,604,0.2923921513520181,1e-06
FAILED,nan,nan,nan,297,2856,3484,0.7304500671941787,0.7
FAILED,nan,nan,nan,279,2036,1822,0.3240621386487037,1e-07
FAILED,nan,nan,nan,4938,59,533,0.1149583121612668,0.2
FAILED,nan,nan,nan,1506,3669,3585,0.9233563098143788,1e-09
FAILED,nan,nan,nan,2150,943,4049,0.8568431506566704,1e-10
FAILED,nan,nan,nan,4372,2685,1953,0.1653897139597684,0.3
FAILED,nan,nan,nan,3059,1768,2681,0.5796290972512216,0.5
FAILED,nan,nan,nan,2796,3378,992,0.7496611887998879,1e-05
FAILED,nan,nan,nan,3993,2481,4220,0.4933696715682745,1e-08
FAILED,nan,nan,nan,4676,4777,3140,0.2869986487422138,1e-12
FAILED,nan,nan,nan,586,3092,4507,0.027210903853178,0.7
FAILED,nan,nan,nan,1626,4971,4065,0.1281985264830291,1e-07
FAILED,nan,nan,nan,2193,2286,3298,0.0933532624077052,0.001
FAILED,nan,nan,nan,3787,3989,86,0.8979365761950612,0.6
FAILED,nan,nan,nan,1005,3262,1292,0.6635911740381271,1e-11
FAILED,nan,nan,nan,4109,1139,3743,0.6967034256849438,1e-06
FAILED,nan,nan,nan,1944,2568,375,0.2654697384871542,0.7
FAILED,nan,nan,nan,1261,175,2108,0.4562546273078769,0.6
FAILED,nan,nan,nan,3478,1919,892,0.2315358182378113,1e-12
FAILED,nan,nan,nan,143,151,4301,0.6807945906277746,0.001
FAILED,nan,nan,nan,3566,3722,2200,0.3743317828178406,0.5
FAILED,nan,nan,nan,4803,2138,3015,0.8801849269606173,0.3
FAILED,nan,nan,nan,2922,1037,163,0.4096646136883646,0.9
FAILED,nan,nan,nan,709,2740,3221,0.5991676322706043,1e-07
FAILED,nan,nan,nan,1093,2389,608,0.8005375862699002,0.7
FAILED,nan,nan,nan,3856,324,1746,0.5114891973249615,1e-12
FAILED,nan,nan,nan,2280,3316,4802,0.4505623414386064,0.3
FAILED,nan,nan,nan,4500,3028,658,0.7100612427126616,1e-09
FAILED,nan,nan,nan,498,1309,3667,0.3843895486481488,1e-11
FAILED,nan,nan,nan,3295,4918,451,0.5779052186254412,0.3
FAILED,nan,nan,nan,1762,2834,1591,0.8591152619272471,0.001
FAILED,nan,nan,nan,2368,519,816,0.91735327203013,1e-07
FAILED,nan,nan,nan,1143,3935,3818,0.3334705837722868,1e-09
FAILED,nan,nan,nan,2971,2621,4146,0.9387588568944484,1e-11
FAILED,nan,nan,nan,2081,4629,2858,0.7472143576517701,0.6
FAILED,nan,nan,nan,1437,2022,4581,0.5330409499872476,0.7
FAILED,nan,nan,nan,4851,4342,1372,0.4760353721491992,1e-06
FAILED,nan,nan,nan,173,1087,3175,0.946079951580614,0.5
FAILED,nan,nan,nan,4889,1824,4473,0.7398922814559191,1e-11
FAILED,nan,nan,nan,1477,4460,1412,0.2979350358322263,0.3
FAILED,nan,nan,nan,3009,100,2324,0.2071188965961337,1e-07
FAILED,nan,nan,nan,2691,4755,4005,0.3780646862927824,0.7
FAILED,nan,nan,nan,3965,637,777,0.8703340821471065,0.3
FAILED,nan,nan,nan,2406,3002,2724,0.1856448514312505,1e-12
FAILED,nan,nan,nan,3335,2362,3551,0.3427306954562664,0.8
FAILED,nan,nan,nan,3266,3982,2064,0.8117454890534281,1e-11
FAILED,nan,nan,nan,1673,3147,935,0.500282276051119,0.5
FAILED,nan,nan,nan,2318,832,1702,0.7144573195651174,0.9
FAILED,nan,nan,nan,3897,2884,4916,0.276345214350149,1e-07
FAILED,nan,nan,nan,749,295,121,0.3640920947249979,1e-11
FAILED,nan,nan,nan,4156,1989,1257,0.0741983656920492,0.6
FAILED,nan,nan,nan,1975,4315,4627,0.8874874937925488,1e-05
FAILED,nan,nan,nan,1370,1708,2895,0.8292520713061095,1e-06
FAILED,nan,nan,nan,4840,4656,1106,0.1485145788993686,0.7
FAILED,nan,nan,nan,3527,1205,4109,0.6074647658411414,0.1
FAILED,nan,nan,nan,3439,4397,2800,0.9968369022961706,1e-07
FAILED,nan,nan,nan,1302,2732,3930,0.6893789682127536,0.2
FAILED,nan,nan,nan,1907,7,3475,0.529304749717936,0.3
FAILED,nan,nan,nan,2872,2082,4836,0.7821748124845326,0.0001
FAILED,nan,nan,nan,966,739,4392,0.4284537772163749,1e-06
FAILED,nan,nan,nan,2514,3065,1493,0.6092509852033109,0.8
FAILED,nan,nan,nan,2230,4808,198,0.8270394454710186,1e-08
FAILED,nan,nan,nan,1585,2455,2243,0.8935528723131865,1e-12
FAILED,nan,nan,nan,3198,458,1029,0.6679739558957517,0.6
FAILED,nan,nan,nan,4638,2337,40,0.5509174136072397,1e-06
FAILED,nan,nan,nan,2494,1350,4189,0.296249213013798,0.6
FAILED,nan,nan,nan,2759,935,2814,0.0179612616058439,1e-11
FAILED,nan,nan,nan,1190,2948,1187,0.9599274378418924,0.2
FAILED,nan,nan,nan,3096,4252,859,0.3138248281143606,0.01
FAILED,nan,nan,nan,4332,203,3774,0.930660302437842,0.7
FAILED,nan,nan,nan,2111,3505,2140,0.1251966042052954,1e-06
FAILED,nan,nan,nan,4977,2536,3633,0.8485455133188516,0.6
FAILED,nan,nan,nan,242,4592,4992,0.5879276566132903,1e-12
FAILED,nan,nan,nan,4969,1103,3942,0.4642834323029965,0.3
FAILED,nan,nan,nan,1558,2525,1982,0.529077317379415,1e-10
FAILED,nan,nan,nan,3090,1876,1794,0.9970626746192576,0.8
FAILED,nan,nan,nan,937,4243,4834,0.0561148890387266,1e-07
FAILED,nan,nan,nan,1178,924,1495,0.3529051940180361,0.7
FAILED,nan,nan,nan,2766,2939,4379,0.6711556357238442,0.0001
FAILED,nan,nan,nan,4041,1359,215,0.0853243235703557,1e-12
FAILED,nan,nan,nan,612,3218,1022,0.4272233405020088,0.8
FAILED,nan,nan,nan,367,469,4535,0.9562851120959968,1e-11
FAILED,nan,nan,nan,4382,2446,3406,0.7297480637691915,0.6
FAILED,nan,nan,nan,2238,1553,2386,0.4858276879414916,1e-07
FAILED,nan,nan,nan,3816,4819,4191,0.5545580830555409,0.9
FAILED,nan,nan,nan,972,3056,2831,0.7577133046500385,1e-10
FAILED,nan,nan,nan,674,2071,842,0.5876659997012467,0.4
FAILED,nan,nan,nan,2884,4126,2650,0.4059379636198282,1e-12
FAILED,nan,nan,nan,1899,3632,3787,0.15783251693286,0.6
FAILED,nan,nan,nan,1293,986,3615,0.1225003998875618,0.8
FAILED,nan,nan,nan,4765,2721,423,0.9309202881809324,1e-06
FAILED,nan,nan,nan,118,1197,291,0.7711477389186621,1e-07
FAILED,nan,nan,nan,4149,4306,946,0.7396342959105968,0.3
FAILED,nan,nan,nan,1041,1266,4022,0.6519515408352018,0.8
FAILED,nan,nan,nan,2590,4883,1902,0.3415303360652179,1e-05
FAILED,nan,nan,nan,1662,484,1874,0.186846885709092,0.3
FAILED,nan,nan,nan,4470,3156,4754,0.8666954277679324,1e-12
FAILED,nan,nan,nan,435,3971,3539,0.5698386849928647,0.7
FAILED,nan,nan,nan,1729,3351,2569,0.7181281109508127,1e-07
FAILED,nan,nan,nan,2413,627,4909,0.5034678949303925,0.001
FAILED,nan,nan,nan,2678,1461,3696,0.8080725506152958,0.3
FAILED,nan,nan,nan,1110,4766,343,0.2452265640944242,1e-11
FAILED,nan,nan,nan,3021,3687,133,0.6067482665590942,1e-08
FAILED,nan,nan,nan,4256,2174,4610,0.145848511390388,1e-06
FAILED,nan,nan,nan,2036,4190,1264,0.8294812807720154,0.7
FAILED,nan,nan,nan,1470,1836,1103,0.8882061252556741,0.6
FAILED,nan,nan,nan,3627,1078,2462,0.6732597601246089,1e-11
FAILED,nan,nan,nan,3666,3519,4313,0.406968171428889,1e-07
FAILED,nan,nan,nan,2074,1667,4424,0.0666557946465909,0.3
FAILED,nan,nan,nan,4297,4617,1539,0.8799230321068316,1e-11
FAILED,nan,nan,nan,2376,3187,1749,0.2687874001618475,1e-08
FAILED,nan,nan,nan,1770,795,651,0.451768076825887,1e-12
FAILED,nan,nan,nan,4595,2844,2774,0.507846633637324,0.3
FAILED,nan,nan,nan,3282,1298,2016,0.2359614853765815,0.7
FAILED,nan,nan,nan,398,1414,468,0.3351886077299714,0.1
FAILED,nan,nan,nan,3233,4714,3660,0.6407510439883918,1e-10
FAILED,nan,nan,nan,4508,677,1594,0.1037709597367793,1e-07
FAILED,nan,nan,nan,3864,3305,808,0.1776012866124511,0.001
FAILED,nan,nan,nan,2628,2400,3821,0.5742359515540302,1e-11
FAILED,nan,nan,nan,2915,2748,2352,0.7784557784106583,0.1
FAILED,nan,nan,nan,4189,1863,2865,0.4733732474092394,0.7
FAILED,nan,nan,nan,2025,4501,1213,0.5332664843685925,1e-06
FAILED,nan,nan,nan,4794,4157,4579,0.3059787047505379,0.6
FAILED,nan,nan,nan,155,3713,3361,0.0082917311880737,1e-11
FAILED,nan,nan,nan,1254,3464,545,0.856612046951428,0.3
FAILED,nan,nan,nan,1937,1150,1935,0.9226395725905896,0.2
FAILED,nan,nan,nan,2847,1565,731,0.6385836270842701,1e-07
FAILED,nan,nan,nan,633,4555,2693,0.321396309081465,0.9
FAILED,nan,nan,nan,2540,3251,3098,0.9675074995830656,0.6
FAILED,nan,nan,nan,2199,3998,4237,0.7185265983063728,1e-12
FAILED,nan,nan,nan,329,2907,1464,0.1933691337518394,1e-05
FAILED,nan,nan,nan,3371,3103,1137,0.3465648951921612,1e-11
FAILED,nan,nan,nan,4684,1508,4082,0.9010877028163522,0.001
FAILED,nan,nan,nan,1838,4768,2428,0.0916637003719806,0.6
FAILED,nan,nan,nan,4000,3880,3286,0.8194588111825287,1e-06
FAILED,nan,nan,nan,897,1760,1674,0.7901961148791015,1e-12
FAILED,nan,nan,nan,4366,954,387,0.5217697853725404,0.6
FAILED,nan,nan,nan,1517,48,3901,0.2627772389966994,1e-06
FAILED,nan,nan,nan,4932,3660,2091,0.6969594984017312,0.7
FAILED,nan,nan,nan,3718,2865,2165,0.8937485338523984,1e-09
FAILED,nan,nan,nan,4944,1277,2581,0.3568298385702073,1e-07
FAILED,nan,nan,nan,4339,3962,4938,0.4233444402497262,0.001
FAILED,nan,nan,nan,3073,492,432,0.8199186679888517,1e-11
FAILED,nan,nan,nan,871,3127,3646,0.1401833248548209,0.3
FAILED,nan,nan,nan,2432,2609,4602,0.7868140973988921,1e-05
FAILED,nan,nan,nan,4661,3578,1248,0.0599938339050859,0.7
FAILED,nan,nan,nan,3398,1970,4164,0.6926067529711872,0.3
FAILED,nan,nan,nan,551,4335,2375,0.2534847616590559,1e-12
FAILED,nan,nan,nan,347,2165,3242,0.8454375024847687,0.9
FAILED,nan,nan,nan,3133,4217,181,0.1616895116735249,1e-07
FAILED,nan,nan,nan,4438,80,4445,0.5915829631965608,1e-10
FAILED,nan,nan,nan,1620,3695,1548,0.4020209926888347,0.1
FAILED,nan,nan,nan,3754,2805,3033,0.6264305918179452,1e-11
FAILED,nan,nan,nan,991,4480,4321,0.934853506071493,0.5
FAILED,nan,nan,nan,645,375,2008,0.7336051254309713,1e-06
FAILED,nan,nan,nan,2830,3323,3955,0.2906989105138928,0.7
FAILED,nan,nan,nan,4133,2382,640,0.9523680742438884,0.1
FAILED,nan,nan,nan,1276,1472,4781,0.1987605636660009,1e-11
FAILED,nan,nan,nan,3513,656,3492,0.4897608389109373,0.6
FAILED,nan,nan,nan,128,1330,1310,0.9058867107722908,0.3
FAILED,nan,nan,nan,4768,915,107,0.6558237638473511,0.001
FAILED,nan,nan,nan,4201,3230,2456,0.5659207176808267,1e-07
FAILED,nan,nan,nan,1060,1132,2505,0.5445076897013933,1e-12
FAILED,nan,nan,nan,3841,1625,3873,0.7672754415497184,0.7
FAILED,nan,nan,nan,1689,1906,357,0.0097240689061582,1e-06
FAILED,nan,nan,nan,415,3485,4863,0.7357782529368997,1e-08
FAILED,nan,nan,nan,483,27,715,0.1419086460024118,0.6
FAILED,nan,nan,nan,4573,2102,1932,0.4210709162000566,1e-11
FAILED,nan,nan,nan,2364,1741,3567,0.6771852820869535,0.1
FAILED,nan,nan,nan,2704,1014,4705,0.8843424532748759,1e-06
FAILED,nan,nan,nan,3005,3859,1468,0.7141883124839514,0.6
FAILED,nan,nan,nan,2096,3425,262,0.9720285544060172,1e-12
FAILED,nan,nan,nan,1412,720,2299,0.8041469542961568,1e-08
FAILED,nan,nan,nan,3649,1526,1013,0.5073316115252674,0.7
FAILED,nan,nan,nan,216,4828,3114,0.4386382776964456,1e-06
FAILED,nan,nan,nan,3610,4008,2835,0.2727053302954882,0.3
FAILED,nan,nan,nan,2058,869,3432,0.2398937366288155,1e-07
FAILED,nan,nan,nan,4229,2916,61,0.7997606311962009,0.8
FAILED,nan,nan,nan,2665,3454,1605,0.1521542844977229,1e-12
FAILED,nan,nan,nan,2401,4259,397,0.41082429619506,0.7
FAILED,nan,nan,nan,453,963,1763,0.469447643654421,0.001
FAILED,nan,nan,nan,3262,2666,4816,0.5371920658163727,0.6
FAILED,nan,nan,nan,4487,1788,553,0.2185246042534709,0.2
FAILED,nan,nan,nan,1649,4429,3456,0.7745920469444245,1e-11
FAILED,nan,nan,nan,2617,78,2779,0.7440494508575648,0.9
FAILED,nan,nan,nan,1019,3648,683,0.3098585642054677,1e-06
FAILED,nan,nan,nan,774,1499,2990,0.1076964891348034,0.6
FAILED,nan,nan,nan,4161,751,4365,0.3313249283134937,1e-12
FAILED,nan,nan,nan,4806,3398,3276,0.3895617635790259,1e-08
FAILED,nan,nan,nan,3541,2462,1514,0.8661770912017673,1e-06
FAILED,nan,nan,nan,3473,3179,322,0.7224055506084114,0.2
FAILED,nan,nan,nan,1315,3916,1681,0.9635666675567628,1e-07
FAILED,nan,nan,nan,1882,1328,914,0.7571968493107706,0.001
FAILED,nan,nan,nan,2867,805,2046,0.5550136699229479,0.3
FAILED,nan,nan,nan,686,2813,3830,0.499015955677256,1e-10
FAILED,nan,nan,nan,3794,249,1124,0.3917729468923062,1e-05
FAILED,nan,nan,nan,2265,3546,2916,0.5842882484421134,0.8
FAILED,nan,nan,nan,1581,1212,4648,0.634718951286748,0.7
FAILED,nan,nan,nan,4399,2642,1275,0.3252609923146665,0.0001
FAILED,nan,nan,nan,3174,1657,3351,0.9265642245784402,1e-12
FAILED,nan,nan,nan,384,4649,142,0.113212222231552,0.3
FAILED,nan,nan,nan,590,1851,4284,0.5178985066916794,1e-07
FAILED,nan,nan,nan,4624,1016,3070,0.7941292732842267,0.1
FAILED,nan,nan,nan,2469,132,1433,0.0546193090081214,1e-11
FAILED,nan,nan,nan,910,688,477,0.9049590558540076,0.7
FAILED,nan,nan,nan,3112,3009,3532,0.0877923696413636,1e-06
FAILED,nan,nan,nan,4298,1446,1838,0.6560195545814932,1e-08
FAILED,nan,nan,nan,4981,3799,759,0.6211749894600361,1e-12
FAILED,nan,nan,nan,265,3295,1889,0.8155418328158558,0.6
FAILED,nan,nan,nan,268,695,3652,0.5609638604745268,1e-06
FAILED,nan,nan,nan,3681,3022,437,0.4922134206276387,0.7
FAILED,nan,nan,nan,1543,4698,1566,0.1955160969607532,1e-08
FAILED,nan,nan,nan,2149,2422,800,0.0281218461524695,1e-11
FAILED,nan,nan,nan,4300,3805,2586,0.9652387102022768,0.4
FAILED,nan,nan,nan,3114,336,2160,0.2858440689705312,0.6
FAILED,nan,nan,nan,1193,1845,2381,0.9242687745690346,0.9
FAILED,nan,nan,nan,2751,4517,4169,0.1158726228233426,1e-07
FAILED,nan,nan,nan,4055,1030,1244,0.6371980477068573,1e-10
FAILED,nan,nan,nan,1822,119,4607,0.3967338128592819,0.3
FAILED,nan,nan,nan,4622,3736,1395,0.578474160566926,1e-11
FAILED,nan,nan,nan,381,2008,4327,0.2645586939472705,1e-09
FAILED,nan,nan,nan,1579,3540,1088,0.9906737910639496,1e-05
FAILED,nan,nan,nan,2262,1225,1553,0.7916120615713298,0.0001
FAILED,nan,nan,nan,3791,2648,4450,0.2326921751368791,0.7
FAILED,nan,nan,nan,2527,1651,177,0.5201101565938443,0.3
FAILED,nan,nan,nan,948,4635,3237,0.4553419078812003,1e-12
FAILED,nan,nan,nan,4096,2226,1723,0.4338642043620348,1e-07
FAILED,nan,nan,nan,1318,1314,2741,0.6626788115240634,0.5
FAILED,nan,nan,nan,3475,811,3950,0.8990925761815161,1e-10
FAILED,nan,nan,nan,5,2827,2003,0.0945111045837402,0.3
FAILED,nan,nan,nan,3543,4790,2954,0.510694097334519,0.6
FAILED,nan,nan,nan,1406,3124,4088,0.8015763534754514,1e-12
FAILED,nan,nan,nan,1972,400,3311,0.9767653768453748,1e-08
FAILED,nan,nan,nan,2938,2476,4688,0.7092687359154224,0.8
FAILED,nan,nan,nan,777,3898,1315,0.2663054149802774,1e-06
FAILED,nan,nan,nan,1017,977,4858,0.0649961063824594,0.6
FAILED,nan,nan,nan,3879,1782,3727,0.3735370397400111,1e-11
FAILED,nan,nan,nan,4484,4076,3868,0.4088719879202545,1e-10
FAILED,nan,nan,nan,3259,64,875,0.8385827001854778,1e-06
FAILED,nan,nan,nan,519,182,1799,0.7461783193405718,1e-12
FAILED,nan,nan,nan,4534,1945,516,0.939551227990538,0.7
FAILED,nan,nan,nan,3967,4532,1927,0.7799635706152767,0.8
FAILED,nan,nan,nan,1125,2554,720,0.5320023147650063,1e-08
FAILED,nan,nan,nan,825,2280,3108,0.8599061477463692,0.3
FAILED,nan,nan,nan,1455,875,257,0.3324320675209165,0.8
FAILED,nan,nan,nan,4915,2930,3156,0.64289794771187,1e-07
FAILED,nan,nan,nan,181,4985,4531,0.9181424978338182,0.2
FAILED,nan,nan,nan,219,2424,1351,0.1844866969566792,0.6
FAILED,nan,nan,nan,4878,446,66,0.3789791735522449,1e-12
FAILED,nan,nan,nan,1414,3436,3436,0.5675998465288431,0.4
FAILED,nan,nan,nan,3007,1537,2840,0.9118136202115564,1e-06
FAILED,nan,nan,nan,785,4837,1210,0.0945822138451039,0.7
FAILED,nan,nan,nan,1164,38,2619,0.2988474429603666,0.001
FAILED,nan,nan,nan,2702,3611,833,0.7408066497445106,0.6
FAILED,nan,nan,nan,2361,4104,2126,0.9449219160769134,1e-11
FAILED,nan,nan,nan,481,2704,4978,0.4823128069527447,1e-06
FAILED,nan,nan,nan,413,1121,678,0.8865765068791807,0.4
FAILED,nan,nan,nan,3219,2508,2774,0.0732816105503589,1e-12
FAILED,nan,nan,nan,1687,4584,3916,0.3652525170817971,0.6
FAILED,nan,nan,nan,2292,1898,3452,0.4161704799998552,0.8
FAILED,nan,nan,nan,2900,4953,1508,0.4453803829792887,0.3
FAILED,nan,nan,nan,4204,907,3282,0.8108286149408668,0.5
FAILED,nan,nan,nan,1366,564,2257,0.0362220169398933,1e-07
FAILED,nan,nan,nan,42,383,3834,0.8262500560823828,0.7
FAILED,nan,nan,nan,3516,3334,2051,0.1337296272702515,1e-06
FAILED,nan,nan,nan,4136,4743,4903,0.6690081966314465,1e-11
FAILED,nan,nan,nan,648,2971,3683,0.8927622690498829,0.6
FAILED,nan,nan,nan,989,2156,147,0.6904174398500472,1e-07
FAILED,nan,nan,nan,3752,91,1270,0.9960420978739858,0.1
FAILED,nan,nan,nan,4435,2797,1130,0.7813821290899068,0.2
FAILED,nan,nan,nan,3131,1814,4122,0.4626537544410676,0.5
FAILED,nan,nan,nan,4659,1174,4486,0.3146172605548054,1e-05
FAILED,nan,nan,nan,2429,287,974,0.5887169437613339,0.7
FAILED,nan,nan,nan,2790,1962,2337,0.847512588698417,1e-12
FAILED,nan,nan,nan,1232,4324,4280,0.1590048112813383,0.3
FAILED,nan,nan,nan,3076,2854,3992,0.5517102029602975,0.1
FAILED,nan,nan,nan,2186,4861,2699,0.7598302574567497,1e-07
FAILED,nan,nan,nan,1502,2253,4745,0.9588888639640064,0.001
FAILED,nan,nan,nan,3720,500,3527,0.7273879345022142,0.3
FAILED,nan,nan,nan,307,3138,472,0.2970383811909705,1e-11
FAILED,nan,nan,nan,3733,4446,1788,0.326768784519285,1e-12
FAILED,nan,nan,nan,1514,2682,585,0.1119480526279658,0.6
FAILED,nan,nan,nan,2159,56,1978,0.1701856072954833,0.7
FAILED,nan,nan,nan,4363,3671,3937,0.8538754826951772,1e-06
FAILED,nan,nan,nan,3049,2034,689,0.3927929882686585,1e-08
FAILED,nan,nan,nan,895,4086,2812,0.5824149777218699,0.01
FAILED,nan,nan,nan,1220,769,1017,0.7544403091017157,1e-11
FAILED,nan,nan,nan,4002,1516,2236,0.5570392233580351,0.6
FAILED,nan,nan,nan,1841,2484,3244,0.2819651687182486,1e-06
FAILED,nan,nan,nan,575,3376,1500,0.9612979376614094,1e-10
FAILED,nan,nan,nan,332,624,2826,0.4300071352645754,0.7
FAILED,nan,nan,nan,4423,2289,4197,0.1332760257292539,1e-12
FAILED,nan,nan,nan,2202,1399,53,0.902963869733736,0.01
FAILED,nan,nan,nan,2543,886,1345,0.6587456679902971,1e-06
FAILED,nan,nan,nan,1016,2899,4539,0.3483815692383796,0.8
FAILED,nan,nan,nan,4118,173,428,0.2606417230162769,0.3
FAILED,nan,nan,nan,1935,3475,3620,0.6997036916650832,1e-10
FAILED,nan,nan,nan,3489,1576,2655,0.7955452794618905,0.8
FAILED,nan,nan,nan,64,4563,846,0.2287589795533567,1e-07
FAILED,nan,nan,nan,3557,2737,4276,0.683937740623951,1e-08
FAILED,nan,nan,nan,4792,1874,941,0.0688683963157236,1e-06
FAILED,nan,nan,nan,1339,4510,3059,0.8773453906271607,0.7
FAILED,nan,nan,nan,2023,2136,4460,0.8425006228834391,0.6
FAILED,nan,nan,nan,2913,148,3168,0.594520809436217,1e-11
FAILED,nan,nan,nan,719,3724,286,0.41272805320099,0.4
FAILED,nan,nan,nan,1084,1423,3543,0.242619790552184,1e-10
FAILED,nan,nan,nan,2270,3031,1869,0.5145663203466684,1e-07
FAILED,nan,nan,nan,4511,3313,2732,0.2702234045993537,0.5
FAILED,nan,nan,nan,3235,2391,1897,0.9806214941758662,0.2
FAILED,nan,nan,nan,401,3816,4018,0.0435607230328023,1e-11
FAILED,nan,nan,nan,3914,2836,927,0.9142169015146792,1e-12
FAILED,nan,nan,nan,1152,4921,2052,0.646761664306745,0.7
FAILED,nan,nan,nan,807,267,4121,0.9434911008141936,1e-07
FAILED,nan,nan,nan,4295,2019,2902,0.7422984227072448,0.1
FAILED,nan,nan,nan,2071,4344,1099,0.3110009671226144,1e-09
FAILED,nan,nan,nan,1427,1678,1269,0.471076845632866,1e-11
FAILED,nan,nan,nan,4861,4626,4615,0.535927836727351,0.3
FAILED,nan,nan,nan,202,2619,3325,0.7760998986344785,0.001
FAILED,nan,nan,nan,4898,2188,1535,0.3027035677265375,0.7
FAILED,nan,nan,nan,1468,4196,4419,0.736950547285378,1e-06
FAILED,nan,nan,nan,4254,4463,1060,0.4783806003145873,0.6
FAILED,nan,nan,nan,847,2788,2192,0.2098362517040223,1e-12
FAILED,nan,nan,nan,2680,3788,2021,0.5636819387022406,1e-09
FAILED,nan,nan,nan,3955,353,2769,0.1806306465473026,1e-07
FAILED,nan,nan,nan,2415,3344,646,0.8730339466780425,0.9
FAILED,nan,nan,nan,3325,1455,621,0.6530981858074665,1e-11
FAILED,nan,nan,nan,546,4752,3497,0.3397750435527414,0.3
FAILED,nan,nan,nan,2309,470,4950,0.2814410332515836,1e-12
FAILED,nan,nan,nan,3906,3150,1599,0.7116753651332111,0.3
FAILED,nan,nan,nan,2593,2243,3655,0.0323421128708869,0.7
FAILED,nan,nan,nan,2950,2593,18,0.3613269133269787,1e-07
FAILED,nan,nan,nan,1379,1992,1218,0.1436601500362158,0.3
FAILED,nan,nan,nan,4830,4312,2869,0.8322792265620083,1e-10
FAILED,nan,nan,nan,3516,298,2348,0.420050339454785,0.001
FAILED,nan,nan,nan,115,3556,4153,0.6047412242479623,0.5
FAILED,nan,nan,nan,27,2085,2688,0.9921631901860236,1e-12
FAILED,nan,nan,nan,4762,9,4061,0.6943581975195557,0.6
FAILED,nan,nan,nan,1896,992,540,0.4665184376742691,1e-06
FAILED,nan,nan,nan,2505,3409,4495,0.4256136460285634,1e-11
FAILED,nan,nan,nan,3818,2452,251,0.82230922405608,0.001
FAILED,nan,nan,nan,4385,4805,2268,0.8966269002333284,1e-06
FAILED,nan,nan,nan,3413,2946,1304,0.763701610494405,0.7
FAILED,nan,nan,nan,1800,4924,94,0.5477769999410957,1e-12
FAILED,nan,nan,nan,4043,4038,4078,0.2931813715789467,0.01
FAILED,nan,nan,nan,2121,2539,3906,0.9335593260657042,0.3
FAILED,nan,nan,nan,3693,1890,4869,0.5926339667420835,1e-07
FAILED,nan,nan,nan,4979,214,1948,0.5242977230530232,1e-06
FAILED,nan,nan,nan,1547,3513,4044,0.4672350391969084,0.7
FAILED,nan,nan,nan,2114,1100,3590,0.2525743714589625,0.6
FAILED,nan,nan,nan,4335,2527,537,0.6916905908249319,1e-05
FAILED,nan,nan,nan,3099,1614,4721,0.0611478913202881,1e-12
FAILED,nan,nan,nan,1187,583,4512,0.6663181007243693,1e-10
FAILED,nan,nan,nan,2757,3221,1452,0.3559149795267731,0.1
FAILED,nan,nan,nan,4030,2326,3136,0.8949050692077726,0.9
FAILED,nan,nan,nan,2492,4026,239,0.0826181517243385,1e-06
FAILED,nan,nan,nan,4636,4934,4225,0.8210730823166669,0.6
FAILED,nan,nan,nan,621,2937,3090,0.6158864851500839,1e-11
FAILED,nan,nan,nan,3195,3054,4667,0.9532843683734536,1e-06
FAILED,nan,nan,nan,4392,1556,82,0.2895447471402586,1e-08
FAILED,nan,nan,nan,2227,2444,4070,0.5494661883339286,0.4
FAILED,nan,nan,nan,3826,3832,2440,0.4886040526013821,1e-12
FAILED,nan,nan,nan,964,3417,1144,0.1996736827604472,0.6
FAILED,nan,nan,nan,683,1731,2528,0.4008609421160072,1e-07
FAILED,nan,nan,nan,2875,4408,896,0.5904286808520556,0.8
FAILED,nan,nan,nan,4071,984,3889,0.1626059247739613,0.2
FAILED,nan,nan,nan,1909,2724,2103,0.8463481473568827,1e-09
FAILED,nan,nan,nan,4754,3630,3748,0.1194819313641637,0.3
FAILED,nan,nan,nan,3441,2073,1662,0.625274162421003,0.5
FAILED,nan,nan,nan,3529,3566,158,0.7680701418723911,1e-11
FAILED,nan,nan,nan,4842,1981,4431,0.4786421549860388,1e-05
FAILED,nan,nan,nan,1372,4304,1532,0.5434693519063294,0.6
FAILED,nan,nan,nan,1977,1717,1067,0.734741560285911,0.7
FAILED,nan,nan,nan,4159,4667,3010,0.303450767070055,1e-06
FAILED,nan,nan,nan,1051,2234,2023,0.3366201098635792,1e-11
FAILED,nan,nan,nan,2315,3158,2761,0.9066752822361888,0.001
FAILED,nan,nan,nan,1671,824,4797,0.8713427283447236,1e-07
FAILED,nan,nan,nan,533,1464,3813,0.9730651150736958,0.7
FAILED,nan,nan,nan,4568,629,2604,0.7133953892886639,1e-12
FAILED,nan,nan,nan,1720,2991,821,0.2782594593819231,0.4
FAILED,nan,nan,nan,1099,3778,3672,0.8051851861327887,0.8
FAILED,nan,nan,nan,859,1076,1,0.6020770546961576,0.001
FAILED,nan,nan,nan,3011,2777,3374,0.4202776360921562,0.5
FAILED,nan,nan,nan,4247,1833,1377,0.8344561062976718,0.3
FAILED,nan,nan,nan,3617,112,4150,0.3620398434828967,0.9
FAILED,nan,nan,nan,176,3684,2360,0.6763966046646237,1e-07
FAILED,nan,nan,nan,213,1244,4259,0.4119828540552407,1e-12
FAILED,nan,nan,nan,4853,1670,3057,0.1512393641099333,0.6
FAILED,nan,nan,nan,2084,2028,1407,0.8751403426788747,1e-06
FAILED,nan,nan,nan,4287,4356,4467,0.0696119242925197,0.7
FAILED,nan,nan,nan,1140,1295,493,0.0404094644282013,0.3
FAILED,nan,nan,nan,2726,4912,3546,0.9823109205104412,1e-11
FAILED,nan,nan,nan,2365,2847,4766,0.7041486023422331,0.5
FAILED,nan,nan,nan,4606,3185,772,0.4490502476934344,1e-07
FAILED,nan,nan,nan,407,2403,3703,0.6455252846255899,0.0001
FAILED,nan,nan,nan,3224,3825,335,0.3322411648165435,0.7
FAILED,nan,nan,nan,4498,318,4921,0.9159406304974108,0.3
FAILED,nan,nan,nan,1712,3302,1707,0.1065366151593625,1e-12
FAILED,nan,nan,nan,3854,3041,2562,0.8650202435478568,0.01
FAILED,nan,nan,nan,712,138,2474,0.7734320539981127,0.5
FAILED,nan,nan,nan,2015,4159,2899,0.4703583461530506,0.3
FAILED,nan,nan,nan,3569,1050,3338,0.0031954345442354,1e-07
FAILED,nan,nan,nan,1263,2574,3470,0.1708982995096594,1e-06
FAILED,nan,nan,nan,4111,3466,1990,0.925529435461387,0.6
FAILED,nan,nan,nan,644,4292,697,0.6355100731886923,1e-12
FAILED,nan,nan,nan,1003,894,2976,0.9625287480186672,0.1
FAILED,nan,nan,nan,3785,1387,4339,0.7231998326741159,1e-06
FAILED,nan,nan,nan,2190,4965,2239,0.285144833477214,0.9
FAILED,nan,nan,nan,3156,616,1488,0.1884696167875081,1e-11
FAILED,nan,nan,nan,3360,3365,2819,0.6570542117152363,0.8
FAILED,nan,nan,nan,2453,1506,3418,0.8147529787961394,1e-12
FAILED,nan,nan,nan,2794,778,4542,0.6222075106948615,0.7
FAILED,nan,nan,nan,1228,3105,1333,0.4336495967116207,0.0001
FAILED,nan,nan,nan,3062,4097,1631,0.7933360545206815,1e-07
FAILED,nan,nan,nan,2152,3663,411,0.5189353629276157,0.2
FAILED,nan,nan,nan,1508,957,2145,0.7019145766217262,0.3
FAILED,nan,nan,nan,3728,3129,3842,0.0864827829077839,0.6
FAILED,nan,nan,nan,1491,3964,2555,0.3519904018957168,1e-11
FAILED,nan,nan,nan,3083,855,3680,0.1374026791024953,0.7
FAILED,nan,nan,nan,860,2862,329,0.8250138920359313,1e-06
FAILED,nan,nan,nan,1245,1973,3344,0.5281624062862247,0.5
FAILED,nan,nan,nan,4008,279,4636,0.784048083204776,1e-11
FAILED,nan,nan,nan,2441,3576,1287,0.2251500874105841,0.3
FAILED,nan,nan,nan,3387,1685,2488,0.256515129128471,1e-07
FAILED,nan,nan,nan,562,4677,4139,0.687749825719744,0.9
FAILED,nan,nan,nan,337,1803,304,0.1587488482408225,1e-12
FAILED,nan,nan,nan,3143,4483,3189,0.8502052015829832,0.3
FAILED,nan,nan,nan,4446,1066,1445,0.4047779650967568,0.7
FAILED,nan,nan,nan,1612,2808,4478,0.5865116504356265,0.0001
FAILED,nan,nan,nan,2217,83,3078,0.6291454485375434,1e-05
FAILED,nan,nan,nan,656,659,3999,0.2934017493166029,0.3
FAILED,nan,nan,nan,4124,1474,2711,0.0200777980145067,0.001
FAILED,nan,nan,nan,1930,4732,751,0.9572013244330884,0.5
FAILED,nan,nan,nan,1285,2379,1851,0.7586283514443785,0.9
FAILED,nan,nan,nan,4690,3770,4728,0.2035450357981026,1e-07
FAILED,nan,nan,nan,51,3326,3525,0.4846708495821804,0.2
FAILED,nan,nan,nan,119,2316,4560,0.0982244299147278,1e-06
FAILED,nan,nan,nan,3591,4058,1363,0.9106075334884226,0.7
FAILED,nan,nan,nan,4778,553,3419,0.3404923923611641,0.01
FAILED,nan,nan,nan,1998,917,2412,0.5688037973530591,1e-12
FAILED,nan,nan,nan,2907,1333,1193,0.867486677935347,0.6
FAILED,nan,nan,nan,1069,224,826,0.4825743393171579,0.9
FAILED,nan,nan,nan,2646,3482,2636,0.539537145268172,1e-07
FAILED,nan,nan,nan,2305,4229,3761,0.7719423723202199,0.1
FAILED,nan,nan,nan,4515,4575,410,0.0144331153649836,1e-11
FAILED,nan,nan,nan,3212,1129,4966,0.7385976850520819,0.001
FAILED,nan,nan,nan,424,2520,1613,0.2995946646109223,0.6
FAILED,nan,nan,nan,3319,2714,671,0.1468853769209236,0.01
FAILED,nan,nan,nan,2353,2105,565,0.3659654249306768,0.0001
FAILED,nan,nan,nan,3940,4113,3445,0.6724710009098053,0.7
FAILED,nan,nan,nan,1157,3600,4809,0.8892385219428688,1e-12
FAILED,nan,nan,nan,792,1528,1520,0.7173352695479989,0.2
FAILED,nan,nan,nan,4260,723,228,0.9691852110046894,1e-07
FAILED,nan,nan,nan,225,3862,1038,0.5026733674872667,0.3
FAILED,nan,nan,nan,188,1380,2966,0.2699439559653401,0.7
FAILED,nan,nan,nan,3600,4994,1160,0.7080665919613093,1e-06
FAILED,nan,nan,nan,2067,604,114,0.8027763652484864,0.4
FAILED,nan,nan,nan,4220,3278,3309,0.2350507289692759,1e-12
FAILED,nan,nan,nan,833,4006,4671,0.4529224707055836,0.6
FAILED,nan,nan,nan,1116,1161,1659,0.1551572868078947,1e-06
FAILED,nan,nan,nan,3979,1595,364,0.4081268110815436,0.1
FAILED,nan,nan,nan,1747,1936,3885,0.6826978717502207,1e-11
FAILED,nan,nan,nan,3360,193,2513,0.879012632612139,0.6
FAILED,nan,nan,nan,463,75,4693,0.5341828770209104,0.01
FAILED,nan,nan,nan,4478,2053,3560,0.7772957185432315,1e-06
FAILED,nan,nan,nan,2342,1791,1920,0.007135307367891,0.6
FAILED,nan,nan,nan,2607,966,708,0.3068914910983294,1e-12
FAILED,nan,nan,nan,1961,3396,4253,0.3361048814114183,1e-07
FAILED,nan,nan,nan,4816,3114,269,0.5751490948144347,0.5
FAILED,nan,nan,nan,3551,1496,4513,0.1764425447192043,0.3
FAILED,nan,nan,nan,12,803,444,0.7193209324218333,0.6
FAILED,nan,nan,nan,3463,2816,3634,0.2890237262938172,1e-05
FAILED,nan,nan,nan,4727,1326,1578,0.9664694982524962,1e-11
FAILED,nan,nan,nan,4083,3914,783,0.752295426953584,1e-08
FAILED,nan,nan,nan,2858,541,3804,0.4958825594335794,1e-06
FAILED,nan,nan,nan,696,3176,2158,0.5597314012553543,0.7
FAILED,nan,nan,nan,2255,2639,1236,0.3965084030255675,1e-11
FAILED,nan,nan,nan,375,4363,3385,0.9216048652660102,1e-07
FAILED,nan,nan,nan,599,2117,2211,0.4550822734739631,0.3
FAILED,nan,nan,nan,3428,4169,4329,0.5228067085295915,1e-12
FAILED,nan,nan,nan,1835,3744,3045,0.7894028589371592,0.7
FAILED,nan,nan,nan,901,345,3479,0.0908708013426512,1e-11
FAILED,nan,nan,nan,3121,3293,600,0.900296764947474,0.3
FAILED,nan,nan,nan,4308,2410,4773,0.3476014614365995,0.5
FAILED,nan,nan,nan,2136,3796,1736,0.6609873626846821,0.001
FAILED,nan,nan,nan,1531,1443,628,0.618350441597402,1e-07
FAILED,nan,nan,nan,4991,4706,2748,0.4375066583734006,0.9
FAILED,nan,nan,nan,3687,686,2000,0.8186699943412096,0.2
FAILED,nan,nan,nan,260,1428,2452,0.0708223450873047,1e-11
FAILED,nan,nan,nan,3684,4691,4086,0.8753914418555796,0.2
FAILED,nan,nan,nan,4997,700,1172,0.3676508248448372,0.6
FAILED,nan,nan,nan,2131,341,4679,0.5964766598828137,1e-06
FAILED,nan,nan,nan,2738,2771,352,0.5126275998465717,1e-12
FAILED,nan,nan,nan,2475,4514,1650,0.7995828747730702,0.6
FAILED,nan,nan,nan,1831,2121,874,0.9825621163509786,0.8
FAILED,nan,nan,nan,4618,4173,2501,0.0416201008576899,1e-06
FAILED,nan,nan,nan,4412,2005,1806,0.5709730536583811,0.3
FAILED,nan,nan,nan,2251,1644,2658,0.3305280474778265,1e-09
FAILED,nan,nan,nan,3807,4631,716,0.6448019454479218,0.2
FAILED,nan,nan,nan,947,2653,1931,0.9161766203735024,1e-07
FAILED,nan,nan,nan,700,2220,4242,0.7442410079017282,0.7
FAILED,nan,nan,nan,4090,535,3113,0.94154851561971,1e-12
FAILED,nan,nan,nan,4734,2831,4523,0.7741554080471397,1e-08
FAILED,nan,nan,nan,3459,1311,262,0.4691323550455272,1e-05
FAILED,nan,nan,nan,3547,3119,1570,0.1138734465315938,0.1
FAILED,nan,nan,nan,1387,4794,433,0.324843390615657,1e-07
FAILED,nan,nan,nan,768,3381,2582,0.8519519904665649,1e-11
FAILED,nan,nan,nan,3876,970,2376,0.7564113878197968,1e-06
FAILED,nan,nan,nan,2339,2668,4162,0.1896803498808294,0.7
FAILED,nan,nan,nan,1655,61,3396,0.0300934193432331,0.6
FAILED,nan,nan,nan,3246,2068,4603,0.283934345761314,1e-12
FAILED,nan,nan,nan,518,1951,3037,0.1313467634133994,1e-07
FAILED,nan,nan,nan,3353,4276,1090,0.8149891099501401,0.9
FAILED,nan,nan,nan,4550,178,4317,0.4319363975804299,0.2
FAILED,nan,nan,nan,1743,3441,2221,0.6214840897247196,1e-09
FAILED,nan,nan,nan,3983,2551,3239,0.3503089261613786,0.3
FAILED,nan,nan,nan,2062,4021,3487,0.9848418268859388,0.01
FAILED,nan,nan,nan,1456,1374,3952,0.7935722377244383,0.3
FAILED,nan,nan,nan,4910,4988,2012,0.2307320212908089,1e-12
FAILED,nan,nan,nan,3596,871,2739,0.518211860165,0.0001
FAILED,nan,nan,nan,191,2923,636,0.4572402117457241,0.7
FAILED,nan,nan,nan,232,441,2546,0.6924137664176524,0.1
FAILED,nan,nan,nan,4870,2428,3833,0.9941076212879272,1e-07
FAILED,nan,nan,nan,4264,4840,3692,0.7872493067868054,0.001
FAILED,nan,nan,nan,2989,708,1684,0.468460963383317,1e-11
FAILED,nan,nan,nan,1160,2099,1280,0.8203495646826923,1e-08
FAILED,nan,nan,nan,3945,34,138,0.6161226534824819,0.7
FAILED,nan,nan,nan,2348,3604,3354,0.4236539866551757,1e-06
FAILED,nan,nan,nan,4590,2701,2496,0.6670413729809225,0.6
FAILED,nan,nan,nan,477,4395,1127,0.894669146252796,1e-11
FAILED,nan,nan,nan,3208,4589,1434,0.5497176816016436,1e-07
FAILED,nan,nan,nan,2298,230,2342,0.9530331056118012,0.3
FAILED,nan,nan,nan,3838,3487,4286,0.022784192001447,1e-11
FAILED,nan,nan,nan,2641,1905,970,0.7331837166640908,0.001
FAILED,nan,nan,nan,1350,2310,3534,0.5906799584850669,1e-12
FAILED,nan,nan,nan,3586,558,4739,0.8456095204222948,0.7
FAILED,nan,nan,nan,3497,3755,3430,0.7349775650333613,1e-11
FAILED,nan,nan,nan,1282,3339,4569,0.9508128805123268,0.6
FAILED,nan,nan,nan,1927,654,2835,0.7678339066188783,0.9
FAILED,nan,nan,nan,4127,2975,1203,0.2078613640591502,1e-06
FAILED,nan,nan,nan,985,98,3752,0.1825579439848661,1e-12
FAILED,nan,nan,nan,2573,3708,2122,0.8711066492404789,0.4
FAILED,nan,nan,nan,3770,2153,2626,0.3809698062483221,0.6
FAILED,nan,nan,nan,2210,4201,838,0.5656092361398041,1e-05
FAILED,nan,nan,nan,1605,1807,1603,0.6550273886378855,1e-06
FAILED,nan,nan,nan,4453,4487,4974,0.3378458407223225,0.7
FAILED,nan,nan,nan,341,2803,3611,0.1004436679277569,1e-08
FAILED,nan,nan,nan,3384,2608,3907,0.4395474670343101,0.001
FAILED,nan,nan,nan,1869,4683,2783,0.248973950413987,0.3
FAILED,nan,nan,nan,2778,292,3453,0.2794698950480669,1e-07
FAILED,nan,nan,nan,867,1284,3272,0.8846363271269947,0.0001
FAILED,nan,nan,nan,3077,4854,219,0.0752217828668654,0.7
FAILED,nan,nan,nan,4352,849,4414,0.6766477856338025,0.4
FAILED,nan,nan,nan,2170,2858,1511,0.3632504650410265,1e-12
FAILED,nan,nan,nan,3721,2247,2266,0.1417346966471523,0.8
FAILED,nan,nan,nan,301,3950,4362,0.8342046799510717,1e-06
FAILED,nan,nan,nan,279,942,945,0.2367640470713377,0.9
FAILED,nan,nan,nan,3748,2677,3065,0.8034999051894992,1e-07
FAILED,nan,nan,nan,1513,4450,4270,0.5087705456204712,0.1
FAILED,nan,nan,nan,4369,4092,291,0.2682308683693409,1e-11
FAILED,nan,nan,nan,1222,1519,4754,0.3715678032115102,1e-06
FAILED,nan,nan,nan,2800,4784,1872,0.6819747333358973,0.7
FAILED,nan,nan,nan,1852,425,1903,0.8366115619819612,1e-11
FAILED,nan,nan,nan,3367,2490,765,0.6003479906134307,0.6
FAILED,nan,nan,nan,4426,619,347,0.7481056167781353,1e-07
FAILED,nan,nan,nan,2556,1403,2574,0.2152045631613582,1e-11
FAILED,nan,nan,nan,998,4981,919,0.7780343677848578,0.3
FAILED,nan,nan,nan,4105,1920,4113,0.8618791299983859,0.8
FAILED,nan,nan,nan,4710,4566,3326,0.9201173854786904,0.7
FAILED,nan,nan,nan,3485,1138,1261,0.3344069551657885,0.3
FAILED,nan,nan,nan,73,2560,4614,0.640923060066998,1e-12
FAILED,nan,nan,nan,141,1870,3462,0.7525315283648669,0.6
FAILED,nan,nan,nan,4798,1044,4830,0.5590079505424946,1e-11
FAILED,nan,nan,nan,4193,3730,2804,0.7190850615166128,1e-10
FAILED,nan,nan,nan,2929,2130,1978,0.0261678378954529,1e-06
FAILED,nan,nan,nan,2624,3038,4351,0.3209634791109711,0.6
FAILED,nan,nan,nan,2281,4722,2984,0.1178133044838905,1e-12
FAILED,nan,nan,nan,4495,3809,1499,0.8558156698830426,0.01
FAILED,nan,nan,nan,3230,332,3251,0.3947950328737497,0.7
FAILED,nan,nan,nan,402,3316,211,0.5804129405524582,1e-06
FAILED,nan,nan,nan,489,527,4193,0.0516714459788054,0.3
FAILED,nan,nan,nan,3299,3199,2386,0.9887141316905618,1e-10
FAILED,nan,nan,nan,1764,3927,1180,0.6977463875431568,0.5
FAILED,nan,nan,nan,3918,4917,4534,0.453384153900668,1e-07
FAILED,nan,nan,nan,2732,787,56,0.7896543075907976,1e-09
FAILED,nan,nan,nan,816,2012,422,0.4358086354639381,1e-12
FAILED,nan,nan,nan,2977,4340,3617,0.6176118592768908,0.4
FAILED,nan,nan,nan,4281,269,1639,0.1274145790822804,0.6
FAILED,nan,nan,nan,2089,3535,4988,0.8189213165882975,0.0001
FAILED,nan,nan,nan,169,2181,4055,0.6122589889373631,0.001
FAILED,nan,nan,nan,3623,4192,1937,0.4275176586359739,0.6
FAILED,nan,nan,nan,1483,3679,730,0.135704574400559,1e-11
FAILED,nan,nan,nan,853,4457,3581,0.6709812383688987,1e-07
FAILED,nan,nan,nan,1096,359,248,0.9979713601898402,0.6
FAILED,nan,nan,nan,3957,2356,1462,0.6884881775341928,1e-12
FAILED,nan,nan,nan,2409,3783,4500,0.258212921531871,0.4
FAILED,nan,nan,nan,4562,4748,979,0.5284137136619538,1e-08
FAILED,nan,nan,nan,3336,643,4235,0.2234520496297627,1e-06
FAILED,nan,nan,nan,441,839,3283,0.3165883392728865,1e-10
FAILED,nan,nan,nan,3268,2888,93,0.6298686538729816,0.3
FAILED,nan,nan,nan,2322,2239,1134,0.8494817657414824,1e-07
FAILED,nan,nan,nan,1047,3152,4078,0.4060038595404476,1e-09
FAILED,nan,nan,nan,2969,4651,3898,0.7579048635531217,1e-12
FAILED,nan,nan,nan,1981,2596,2538,0.5536355968639255,0.7
FAILED,nan,nan,nan,1375,302,4869,0.7293114267308265,0.8
FAILED,nan,nan,nan,33,4,1542,0.3770365883577615,1e-07
