Status,ACCURACY,RUNTIME,REQLABELS,recent_samples_size,batch_size,gamma,alpha,use_mmd2,use_k2s_test
FAILED,,,,4409,1419,5.443713363707065,0.0085002397149801,True,False
COMPLETED,0.7099999999999999,8695.0,0.83,1602,2930,1.362313886396587,0.0295466614370234,False,True
FAILED,,,,1007,657,8.047502021157182,0.0229415825270116,False,True
COMPLETED,0.7099999999999999,154.0,0.0,2574,4942,4.043619749529288,0.0398311486570164,True,False
COMPLETED,0.6199999999999999,82.0,0.05,3445,579,1.1809455914981664,0.0493172852233983,True,False
COMPLETED,0.7099999999999999,11716.0,0.82,2,3770,7.176664093232715,0.0134788507069461,False,True
COMPLETED,0.7,9037.0,0.68,1922,2278,3.572353918353096,0.0316613486567512,False,True
COMPLETED,0.7099999999999999,233.0,0.0,4105,3321,9.489353881862945,0.0063606172595173,True,False
COMPLETED,0.7199999999999999,2.0,0.0299999999999999,3769,1108,2.7764479541825127,0.0169480321262963,False,False
COMPLETED,0.68,11050.0,0.89,2202,4490,9.318375937776642,0.0458366424902342,True,True
COMPLETED,0.7,8664.0,0.52,368,1597,0.0920502603044733,0.0020958005962893,True,True
COMPLETED,0.7099999999999999,2.0,0.0,3175,2752,6.712715853702278,0.0359147040061652,False,False
COMPLETED,0.7099999999999999,2.0,0.0,2835,2144,8.218520324727518,0.0252918424899689,False,False
COMPLETED,0.7299999999999999,9028.0,0.91,652,3455,4.83956611043308,0.0127420668588019,True,True
COMPLETED,0.75,103.0,0.95,1312,94,5.9076210295706995,0.0433103277925401,True,True
COMPLETED,0.7099999999999999,2.0,0.0,4755,4256,2.451168858106248,0.0194494115421548,False,False
COMPLETED,0.7399999999999999,169.0,0.95,4887,247,9.050639250342734,0.034451963189058,True,True
COMPLETED,0.7099999999999999,2.0,0.0,1454,4102,3.055378466503695,0.003775315400213,False,False
COMPLETED,0.7099999999999999,2.0,0.0,784,1985,6.364441676198505,0.0474434824888594,False,False
COMPLETED,0.7299999999999999,8607.0,0.79,2976,3613,0.446678849529475,0.0155096262707375,True,True
COMPLETED,0.69,13234.0,0.68,3355,1752,4.487379856666551,0.0242234552595764,True,True
COMPLETED,0.7099999999999999,2.0,0.0,539,2597,8.569236874938943,0.0387545686820521,False,False
COMPLETED,0.7199999999999999,2.0,0.02,2383,951,2.169798357024789,0.0082106899167411,False,False
FAILED,,,,3940,4648,6.172917765493505,0.0299931641952134,True,True
COMPLETED,0.7199999999999999,5191.0,0.8499999999999999,4286,2437,1.7158721018759533,0.0414623472206294,False,True
COMPLETED,0.7099999999999999,219.0,0.0,2093,3161,5.094063453011216,0.021527157950215,True,False
FAILED,,,,182,426,4.326366980218329,0.0280599393411539,True,False
COMPLETED,0.7199999999999999,11558.0,0.95,3616,3923,7.783276869578287,0.0101553960000164,False,True
FAILED,,,,2706,816,7.4433315802700815,0.0018532215962186,False,True
COMPLETED,0.7199999999999999,58.0,0.2899999999999999,1149,4782,0.900640733516775,0.0363870289269834,True,False
FAILED,,,,1733,1266,9.836563626864924,0.0182285358593799,True,False
COMPLETED,0.7099999999999999,10751.0,0.7399999999999999,4550,3084,3.216355751362629,0.0447375448341481,False,True
COMPLETED,0.7199999999999999,1349.0,0.95,4660,773,0.3016700357161462,0.0308266102126799,True,True
COMPLETED,0.7099999999999999,2.0,0.0,1853,4885,6.80453996567335,0.0074007525560446,False,False
COMPLETED,0.7299999999999999,2.0,0.04,1186,1534,2.6143510335404425,0.0379206736460328,False,False
COMPLETED,0.7099999999999999,7600.0,0.95,2752,2873,9.195957381327636,0.0250325191086158,True,True
COMPLETED,0.7099999999999999,7491.0,0.93,3740,2237,5.737721169809811,0.0147971419789828,True,True
COMPLETED,0.7099999999999999,2.0,0.0,298,3421,2.3197076726555825,0.0481809867951087,False,False
COMPLETED,0.7099999999999999,2.0,0.0,2135,538,8.41901705016289,0.0044884847449138,False,False
COMPLETED,0.68,9246.0,0.94,4318,3870,4.923506787812338,0.0337154740151017,True,True
COMPLETED,0.7099999999999999,7473.0,0.5899999999999999,4060,1707,7.964792559472845,0.0439275366631336,False,True
COMPLETED,0.7099999999999999,400.0,0.0599999999999999,2493,2700,3.844335354455747,0.0190618638596497,True,False
FAILED,,,,585,1219,5.576386516340078,0.0371960219657048,True,False
FAILED,,,,3392,4438,1.5334451480982825,0.0010192085430026,False,True
COMPLETED,0.77,97.0,0.95,3091,48,3.693562565636821,0.0108928294959478,False,True
COMPLETED,0.7099999999999999,180.0,0.0,908,4360,9.650221933508291,0.0273473370322026,True,False
COMPLETED,0.68,26.0,0.2899999999999999,1485,2098,1.0878924987828356,0.0207905979659408,True,False
COMPLETED,0.7099999999999999,9087.0,0.94,4928,3559,6.9658345204032965,0.0421753985481336,False,True
FAILED,,,,4787,1943,4.194287160424516,0.0055513643985614,True,False
COMPLETED,0.7,10423.0,0.81,1353,3714,7.611537794419565,0.0324954319670796,False,True
COMPLETED,0.7299999999999999,163.0,0.95,766,206,1.7979783317521214,0.014288599055726,False,True
FAILED,,,,2959,4202,5.293946311998182,0.0484840274802409,True,False
FAILED,,,,3221,1065,9.930219802391715,0.0405678268428891,True,False
COMPLETED,0.68,11533.0,0.91,404,4592,3.426587009275332,0.0222282249080017,False,True
COMPLETED,0.7199999999999999,3947.0,0.94,2322,1866,7.321529274216853,0.0288093461426906,False,True
COMPLETED,0.67,64.0,0.19,3879,2542,0.740380644325167,0.0092125357785262,True,False
COMPLETED,0.7099999999999999,2.0,0.0,4147,379,6.525911674555392,0.0202836128696799,False,False
COMPLETED,0.7099999999999999,13751.0,0.79,1954,4028,0.5697100245794282,0.0425011457419022,True,True
COMPLETED,0.66,9678.0,0.55,127,2390,8.841636973174289,0.0119089271328412,True,True
COMPLETED,0.7099999999999999,2.0,0.0,3560,3267,2.962932088394649,0.0261016616490669,False,False
COMPLETED,0.7299999999999999,2.0,0.0299999999999999,2611,1375,1.9686842823429036,0.035201464404352,False,False
COMPLETED,0.7,10143.0,0.7,1054,3033,6.089599205255509,0.00283254959248,True,True
COMPLETED,0.7199999999999999,1772.0,0.94,1712,926,4.657906787709334,0.0465490565248765,True,True
COMPLETED,0.7099999999999999,2.0,0.0,4529,4732,8.700085292791949,0.0162107876422815,False,False
COMPLETED,0.7199999999999999,2.0,0.01,4483,506,4.707571563319304,0.0429175939918495,False,False
COMPLETED,0.68,9585.0,0.8399999999999999,1665,3843,8.164643561100586,0.0198784578512422,True,True
COMPLETED,0.7199999999999999,6673.0,0.92,1080,2205,2.4168592365188526,0.0264218136752024,True,True
COMPLETED,0.7099999999999999,2.0,0.0,2638,3394,5.795193624496461,0.0116000681538134,False,False
COMPLETED,0.7099999999999999,1.0,0.0,3527,1502,9.294098264725879,0.0032982711284421,False,False
COMPLETED,0.7099999999999999,6250.0,0.94,96,2847,2.674052497644909,0.0347485253293998,True,True
COMPLETED,0.7099999999999999,1709.0,0.69,2006,741,6.590828945454211,0.0165794576443731,True,True
COMPLETED,0.63,5.0,0.4,4198,4858,0.0482811355432495,0.0461931687993928,False,False
COMPLETED,0.7099999999999999,293.0,0.0,3833,2071,7.064198842993938,0.0328033575038425,True,False
COMPLETED,0.7199999999999999,11660.0,0.8499999999999999,2275,3528,1.1465981247462331,0.0052306565851904,False,True
COMPLETED,0.78,80.0,0.95,430,21,9.435514963400548,0.0488882490564137,False,True
COMPLETED,0.7099999999999999,198.0,0.0,3248,4328,3.440397216403857,0.0138715950185433,True,False
COMPLETED,0.65,78.0,0.11,2927,1192,1.3185069164708256,0.0225850460757501,True,False
COMPLETED,0.69,9791.0,0.8699999999999999,735,4407,5.321788433360868,0.040199712628033,False,True
COMPLETED,0.64,8008.0,0.5,1405,1680,3.94126213815622,0.0096664082957431,False,True
FAILED,,,,4837,2669,8.02326219327096,0.028344180393964,True,False
COMPLETED,0.7199999999999999,5361.0,0.93,4979,1834,0.7982452769791708,0.0185971100647002,False,True
FAILED,,,,1537,2515,7.419053907219322,0.0443810186171904,True,False
COMPLETED,0.7099999999999999,207.0,0.02,877,1033,3.1725866266014053,0.0006507509718649,True,False
COMPLETED,0.67,13540.0,0.8,3059,4565,9.714676718616856,0.0375532078803516,False,True
COMPLETED,0.7399999999999999,147.0,0.95,3419,174,5.0401866893842815,0.0269299682481214,False,True
COMPLETED,0.7,97.0,0.1,611,4175,1.583877554762177,0.0112973944284021,True,False
FAILED,,,,2446,1912,7.67084946450405,0.0418550812979228,True,False
COMPLETED,0.67,9552.0,0.7199999999999999,4014,3687,4.292057358630934,0.0210981115489266,False,True
COMPLETED,0.7199999999999999,2217.0,0.95,4369,899,8.447312121526338,0.0070445214742794,True,True
COMPLETED,0.7099999999999999,2.0,0.0,2187,4700,4.44357288674079,0.03119564496167,False,False
COMPLETED,0.7099999999999999,1.0,0.0,266,1348,6.148677937607282,0.0245799919874407,False,False
COMPLETED,0.69,10405.0,0.7199999999999999,3708,3001,2.067440745651722,0.0383860046188347,True,True
COMPLETED,0.67,8001.0,0.6,2780,2363,3.021030999751761,0.0478725183792412,True,True
COMPLETED,0.7099999999999999,2.0,0.0,1212,3235,8.938174000103956,0.0151168820513412,False,False
COMPLETED,0.7,3.0,0.16,1806,352,0.3147221475802362,0.0333099542497657,False,False
COMPLETED,0.7,11543.0,0.78,4615,3997,6.31060275773611,0.0049052763511426,True,True
COMPLETED,0.7,10527.0,0.53,4578,2310,9.54752192769386,0.0219325966709293,False,True
COMPLETED,0.7099999999999999,191.0,0.0,1760,3348,3.6689791513355448,0.0410454273629002,True,False
FAILED,,,,1102,611,6.921759654391558,0.0104637831868603,True,False
COMPLETED,0.7199999999999999,9381.0,0.83,2660,3797,0.9657010412579404,0.0277400708328932,False,True
FAILED,,,,3666,689,3.7907631401056414,0.0368394956565462,False,True
COMPLETED,0.7099999999999999,209.0,0.0,234,4968,7.833103753609582,0.0013877830249257,True,False
COMPLETED,0.63,52.0,0.13,2062,1451,1.4213234842745588,0.045093715339899,True,False
COMPLETED,0.7299999999999999,7353.0,0.82,4254,2957,5.542381444029512,0.0178593933274969,False,True
COMPLETED,0.75,121.0,0.95,3968,120,2.197478369966149,0.0040957404333166,True,True
COMPLETED,0.7099999999999999,2.0,0.0,2409,4287,5.693608458633535,0.0341445101820863,False,False
COMPLETED,0.7099999999999999,2.0,0.0,492,2171,4.898961218675599,0.0159271026533097,False,False
COMPLETED,0.7299999999999999,7038.0,0.92,3310,3487,8.316354889512994,0.0470389779480174,True,True
COMPLETED,0.69,6214.0,0.6,3027,1624,6.770497048198246,0.0391231546890921,True,True
COMPLETED,0.7299999999999999,3.0,0.32,835,2784,0.189510526727885,0.0238663505739532,False,False
COMPLETED,0.7099999999999999,1.0,0.0,1423,1136,9.064306420628911,0.0304580462416633,False,False
COMPLETED,0.7199999999999999,13287.0,0.79,4854,4522,2.5608166643548755,0.007757289007306,True,True
COMPLETED,0.7099999999999999,2.0,0.0,4723,982,5.957910399392248,0.0453828775715082,False,False
COMPLETED,0.7,11991.0,0.82,1281,4675,1.9151120679927989,0.0174132582666352,True,True
COMPLETED,0.7099999999999999,5616.0,0.94,704,1783,8.666080220481382,0.0355579906213097,True,True
COMPLETED,0.7099999999999999,1.0,0.0,2885,2624,4.54578512388561,0.0024639753871597,False,False
COMPLETED,0.7099999999999999,2.0,0.14,3129,2017,0.545126610278152,0.0123379735341295,False,False
COMPLETED,0.7099999999999999,9807.0,0.79,321,3640,6.423211668740959,0.0257089275717735,True,True
COMPLETED,0.7299999999999999,195.0,0.95,2229,279,2.840740630869753,0.0191416144412942,True,True
COMPLETED,0.7099999999999999,2.0,0.0,3797,4128,8.79756210716255,0.0436311168349348,False,False
COMPLETED,0.64,180.0,0.0299999999999999,4073,1292,3.314427500287071,0.0291779102059081,True,False
COMPLETED,0.64,8138.0,0.67,1891,3115,9.896176884916612,0.0088559990506619,False,True
COMPLETED,0.7399999999999999,1612.0,0.95,54,843,0.6868462751396,0.0393653460764326,False,True
COMPLETED,0.7099999999999999,146.0,0.0,3496,4814,7.18987831351813,0.0233943933504633,True,False
FAILED,,,,2528,453,7.567425083243288,0.0131586381047964,True,False
COMPLETED,0.7099999999999999,8171.0,0.8699999999999999,960,3955,4.072057857735082,0.0496260364195331,False,True
COMPLETED,0.7,8410.0,0.7399999999999999,1628,2464,5.191284151348286,0.0059441086179576,False,True
COMPLETED,0.7099999999999999,105.0,0.07,4436,3193,1.7734327626153827,0.0320663960766978,True,False
COMPLETED,0.69,7362.0,0.8399999999999999,4423,1249,7.729670423233881,0.0022425272739492,False,True
COMPLETED,0.7099999999999999,170.0,0.0,1605,4428,4.233540353191086,0.0357672575158067,True,False
FAILED,,,,944,1698,5.020880924824626,0.0168050906658172,True,False
COMPLETED,0.7199999999999999,8554.0,0.69,2502,2729,1.6034872726118192,0.0459788639536127,False,True
COMPLETED,0.7199999999999999,10808.0,0.77,3507,2088,3.152985252567567,0.0430669480734504,False,True
COMPLETED,0.7099999999999999,217.0,0.0,74,3589,9.733971755413341,0.0196936056721024,True,False
COMPLETED,0.67,33.0,0.16,1909,77,0.8567515546558425,0.0255314782978966,True,False
COMPLETED,0.69,10479.0,0.8599999999999999,4101,4350,7.360241292305291,0.0125032452773302,False,True
COMPLETED,0.7099999999999999,7966.0,0.93,3813,1563,0.3735430318117142,0.0231807810259051,True,True
COMPLETED,0.7099999999999999,2.0,0.0,2254,2864,6.252085826794618,0.0395911359316669,False,False
COMPLETED,0.7299999999999999,2.0,0.02,334,762,3.0017251606937494,0.0082556687137112,False,False
COMPLETED,0.7099999999999999,12806.0,0.8599999999999999,3152,4914,8.957783792451956,0.0297904180735349,True,True
COMPLETED,0.7399999999999999,2026.0,0.94,2867,529,6.129076489075088,0.0315187502759508,True,True
COMPLETED,0.7099999999999999,2.0,0.0,675,3899,2.0867358569465577,0.0065039356374181,False,False
COMPLETED,0.7099999999999999,2.0,0.0,1270,2267,8.505818324704654,0.0494651086311787,False,False
FAILED,,,,4702,3410,4.384760346325115,0.0133317471118643,True,True
COMPLETED,0.7099999999999999,2.0,0.0,4883,2419,6.610277746856212,0.028304428606294,False,False
COMPLETED,0.68,12494.0,0.78,1441,3258,0.0285283808512613,0.0099116029441356,True,True
COMPLETED,0.67,2240.0,0.34,856,369,9.235439414417373,0.0412230656486935,True,True
COMPLETED,0.7099999999999999,2.0,0.0,3038,4058,2.73240739466343,0.0217671359158121,False,False
COMPLETED,0.7199999999999999,2.0,0.02,3284,916,2.358495995684527,0.0180806524287909,False,False
FAILED,,,,476,4761,5.853863202568144,0.0448846374573186,True,True
FAILED,,,,2386,1404,4.727335045774468,0.0019957616138271,True,True
COMPLETED,0.7099999999999999,1.0,0.0,3954,3023,8.145186415882781,0.0362436982863582,False,False
COMPLETED,0.7099999999999999,792.0,0.01,4233,235,3.9607110140565776,0.0475864347368478,True,False
COMPLETED,0.69,12337.0,0.82,2051,4192,8.003509364080614,0.0153674646457657,False,True
COMPLETED,0.68,6209.0,0.76,206,1934,1.2598481406606734,0.0343052489585243,False,True
COMPLETED,0.7099999999999999,209.0,0.0,3648,3743,5.380143255881034,0.0039228204381652,True,False
FAILED,,,,2683,1856,9.37715179706458,0.0079710903437808,True,False
COMPLETED,0.7099999999999999,6278.0,0.9,1115,2572,3.499066719977185,0.0302320673745125,False,True
COMPLETED,0.7199999999999999,2154.0,0.94,1785,1094,7.083962399947458,0.0244668699228204,False,True
COMPLETED,0.7099999999999999,43.0,0.2099999999999999,4593,4583,1.1271409050300716,0.0385104578095488,True,False
COMPLETED,0.7199999999999999,2.0,0.04,4635,1568,2.8605041878232726,0.0369571267156861,False,False
FAILED,,,,1817,2762,8.77810488744639,0.0012588237901218,True,True
COMPLETED,0.7099999999999999,2425.0,0.94,1240,1119,0.4867634439421817,0.0441716569401323,True,True
COMPLETED,0.7099999999999999,2.0,0.0,2798,4460,6.481881172314287,0.0188184633953496,False,False
COMPLETED,0.7099999999999999,2.0,0.0,3685,103,8.607421444671228,0.0209327457607723,False,False
COMPLETED,0.7099999999999999,11371.0,0.83,253,4227,4.604139946405777,0.0420324365268461,True,True
COMPLETED,0.7199999999999999,6125.0,0.69,2161,2114,5.977359275292605,0.0107453091526404,True,True
COMPLETED,0.7299999999999999,2.0,0.08,4353,3465,1.8953592388024556,0.0274940429646521,False,False
FAILED,,,,3986,628,5.2110476338034495,0.0377735907961614,True,False
COMPLETED,0.7,9717.0,0.8699999999999999,2428,4951,1.7539756173975765,0.025180416369345,False,True
COMPLETED,0.7099999999999999,3802.0,0.88,590,1428,7.509061842408963,0.0309699491513893,False,True
COMPLETED,0.7099999999999999,231.0,0.0,3408,2901,4.130727435806767,0.0072582278437912,True,False
COMPLETED,0.7,33.0,0.26,3084,2288,0.6281874248310922,0.0047322621266357,True,False
COMPLETED,0.7099999999999999,8344.0,0.79,893,3291,7.248233210536653,0.0334709768206812,False,True
COMPLETED,0.7099999999999999,840.0,0.94,1560,550,3.3338763016890733,0.0145571498144418,False,True
FAILED,,,,4992,3780,9.876424130224622,0.0484202589625492,True,False
COMPLETED,0.7099999999999999,484.0,0.78,4821,397,1.4798296874528751,0.0117656229538843,False,True
COMPLETED,0.7099999999999999,226.0,0.0,1380,3933,5.483568903613836,0.0262442694343626,True,False
FAILED,,,,721,2447,3.771161691573448,0.0204307321389205,True,False
COMPLETED,0.7099999999999999,10271.0,0.89,2904,3132,7.852398864904419,0.0423533302634023,False,True
COMPLETED,0.7299999999999999,3561.0,0.7099999999999999,3267,1275,6.902453815333546,0.0467890609521418,False,True
COMPLETED,0.7,21.0,0.45,459,3054,0.9853108336059376,0.0159715738380327,True,False
FAILED,,,,2286,787,9.606342811925336,0.0349576979945413,True,False
COMPLETED,0.7099999999999999,11442.0,0.8399999999999999,3854,4792,3.610462220394053,0.0030771068097092,False,True
COMPLETED,0.7099999999999999,6970.0,0.63,4211,1957,9.122812698305584,0.0140444202311337,True,True
COMPLETED,0.7099999999999999,2.0,0.0,2029,3623,2.5020040494408455,0.0487274154974147,False,False
COMPLETED,0.7199999999999999,2.0,0.01,111,258,6.750895674164408,0.0057901998101733,False,False
COMPLETED,0.7,10059.0,0.8,3553,4072,0.2088055635243654,0.032255805932451,True,True
COMPLETED,0.7099999999999999,4038.0,0.4899999999999999,2627,960,4.879655454115944,0.0289567832285538,True,True
COMPLETED,0.7099999999999999,2.0,0.0,1059,4619,8.335964607362635,0.0090657949019223,False,False
COMPLETED,0.7199999999999999,2.0,0.04,1646,1722,2.2562993286959827,0.0404255974502302,False,False
COMPLETED,0.7,7851.0,0.78,4455,2608,5.635091453193688,0.0223711506943218,True,True
COMPLETED,0.7099999999999999,6994.0,0.95,4505,2161,2.1112814260832966,0.0490361110963858,True,True
COMPLETED,0.7099999999999999,1.0,0.0,1698,3516,6.231738649724983,0.0137245237859897,False,False
COMPLETED,0.7199999999999999,2.0,0.0,1028,149,4.506989649014548,0.032660797570832,False,False
ABANDONED,,,,2595,4278,8.549931035880931,0.0053740071412175,True,True
COMPLETED,0.7199999999999999,2487.0,0.95,3581,1165,6.3837367874933415,0.009421899115201,True,True
COMPLETED,0.7099999999999999,4.0,0.3699999999999999,138,4512,0.427077400997281,0.0285879933652468,False,False
COMPLETED,0.7099999999999999,1.0,0.0,1982,1614,8.991826709927059,0.0228243062570691,False,False
COMPLETED,0.7299999999999999,6769.0,0.93,4165,2813,3.1138846696820113,0.0399597560530528,True,True
COMPLETED,0.7299999999999999,1043.0,0.95,3904,601,9.778046621425075,0.0266613933327607,False,True
FAILED,,,,2338,3826,3.2751767100924623,0.0113611848899163,True,False
FAILED,,,,427,2339,7.462941298119725,0.0426741579379886,True,False
COMPLETED,0.7099999999999999,11146.0,0.65,3234,3338,0.8813349689571187,0.0201225901143625,False,True
COMPLETED,0.7199999999999999,2887.0,0.94,2931,1479,4.34566201701481,0.0164364840057678,False,True
COMPLETED,0.7099999999999999,334.0,0.0,748,2948,7.76367549554445,0.0463353518149815,True,False
COMPLETED,0.7199999999999999,176.0,0.05,1332,679,1.6570594869619235,0.0034449654435738,True,False
COMPLETED,0.67,11769.0,0.88,4775,4998,5.152569730687887,0.0346010402068495,False,True
COMPLETED,0.63,267.0,0.02,4946,834,3.552601089162752,0.0248233444150537,True,False
COMPLETED,0.7,9786.0,0.8499999999999999,1513,4843,9.508802757763306,0.0381418377803638,False,True
FAILED,,,,919,1322,1.239300414018333,0.0068048598500899,False,True
COMPLETED,0.7099999999999999,218.0,0.0,3112,3105,7.118005317422561,0.0314344923594035,True,False
FAILED,,,,3376,2493,8.106171524730511,0.033163201755844,True,False
COMPLETED,0.7299999999999999,12475.0,0.91,559,3184,3.985256583193317,0.005052748657763,False,True
COMPLETED,0.7199999999999999,311.0,0.95,2479,443,5.42425596705731,0.0480154325482435,False,True
COMPLETED,0.69,43.0,0.1799999999999999,4036,3984,1.3820774433501064,0.0149746878794394,True,False
COMPLETED,0.7099999999999999,1.0,0.0,4307,1773,5.887868274878711,0.0007933235364034,False,False
COMPLETED,0.7,7651.0,0.8,2114,2654,2.4706176595082505,0.0374099153187125,True,True
FAILED,,,,279,1012,8.276875221746042,0.0184492593654431,True,True
COMPLETED,0.7099999999999999,2.0,0.0,3712,4665,4.780907260124573,0.0445281495037488,False,False
COMPLETED,0.68,3.0,0.17,2766,309,0.1507198383761569,0.0416158555075526,False,False
COMPLETED,0.7099999999999999,10995.0,0.9,1209,4118,6.654352612867952,0.0213381515657529,True,True
COMPLETED,0.69,10431.0,0.56,1869,2008,2.756990808964707,0.027174513479229,True,True
COMPLETED,0.7099999999999999,2.0,0.0,4686,3669,9.338139420231805,0.0110536636081524,False,False
FAILED,,,,4561,30,7.302072128999046,0.0156870783106423,True,False
COMPLETED,0.68,10068.0,0.8499999999999999,1754,4299,0.760144126780331,0.047278211667668,False,True
COMPLETED,0.68,8965.0,0.57,1167,2042,9.988889380463402,0.0043394854525104,False,True
FAILED,,,,2734,3538,3.368223768441007,0.0338999743554741,True,False
COMPLETED,0.7099999999999999,72.0,0.08,3602,1652,1.8563332287706436,0.0306013290300033,True,False
COMPLETED,0.7,13885.0,0.68,159,2678,5.235287461689674,0.0076147026126272,False,True
COMPLETED,0.7199999999999999,4749.0,0.95,2077,1202,4.174534405732528,0.0389760155044496,False,True
COMPLETED,0.7099999999999999,234.0,0.0,4260,4377,7.630986595821566,0.0240141859678551,True,False
COMPLETED,0.7099999999999999,1.0,0.0,3922,2215,4.638449567993172,0.0103163247103802,False,False
COMPLETED,0.7,9384.0,0.81,2355,3364,8.719848849745468,0.027886833100114,True,True
COMPLETED,0.7099999999999999,995.0,0.95,528,477,2.0273537859162314,0.0220748061481863,True,True
COMPLETED,0.7099999999999999,2.0,0.0,3335,3852,6.0312360389195385,0.040902521491982,False,False
COMPLETED,0.7099999999999999,1.0,0.0,2992,711,8.899991795694456,0.0453378742490895,False,False
FAILED,,,,809,4868,2.904273312584497,0.017616025225725,True,True
COMPLETED,0.7299999999999999,4850.0,0.93,1467,1512,6.506158845365048,0.0366006388543173,True,True
COMPLETED,0.68,3.0,0.28,4910,2817,0.5891589004797861,0.0016274304501712,False,False
COMPLETED,0.67,9125.0,0.34,4729,1358,8.360204435248857,0.0392231724653393,True,True
COMPLETED,0.7099999999999999,2.0,0.0,1296,2972,4.98201306548901,0.0235373811880126,False,False
COMPLETED,0.7099999999999999,1.0,0.0,628,870,5.757016206606292,0.0293254032577387,False,False
COMPLETED,0.7099999999999999,14340.0,0.82,2822,4710,2.300106298621744,0.008709320409689,True,True
FAILED,,,,3203,323,2.6339607513900845,0.0061829765764996,True,True
COMPLETED,0.7099999999999999,2.0,0.0,386,4007,9.17665161676798,0.0318268081210553,False,False
COMPLETED,0.69,4.0,0.33,2223,2373,0.2431530302762985,0.0129144920115359,False,False
COMPLETED,0.7099999999999999,12834.0,0.8399999999999999,3780,3206,6.863360924403184,0.049869462700095,True,True
COMPLETED,0.7,11542.0,0.3099999999999999,4129,1043,1.0290799583671615,0.0353141859481111,False,True
COMPLETED,0.7099999999999999,180.0,0.0,1935,4537,7.024340723581613,0.002708499873057,True,False
COMPLETED,0.7099999999999999,412.0,0.04,28,1804,3.7128576769316566,0.0456228439197875,True,False
COMPLETED,0.7,5904.0,0.94,3461,2525,9.630620484976097,0.0171740119154565,False,True
COMPLETED,0.7299999999999999,4925.0,0.95,2553,1883,5.595996308688075,0.0192886714749038,False,True
COMPLETED,0.69,43.0,0.17,996,3696,1.5141393090402706,0.0434832453904673,True,False
FAILED,,,,1574,184,7.906275628531352,0.0121946073039434,True,False
COMPLETED,0.68,11216.0,0.91,4390,4146,3.9031562386872247,0.0258514795755036,False,True
COMPLETED,0.7099999999999999,2.0,0.07,4377,191,0.7741751190973445,0.0239515205421485,False,False
COMPLETED,0.7099999999999999,12508.0,0.91,1570,4156,7.27705456621945,0.0388211993011646,True,True
COMPLETED,0.7,7913.0,0.91,981,1889,3.382265041531064,0.0074795273290947,True,True
COMPLETED,0.7099999999999999,2.0,0.0,2547,3707,9.96386183490418,0.0305673623438924,False,False
COMPLETED,0.7099999999999999,2.0,0.0,3477,1811,5.260304260861129,0.0338418404213152,False,False
COMPLETED,0.7199999999999999,5500.0,0.95,34,2536,1.8423003181209787,0.0041801370200701,True,True
COMPLETED,0.7,8072.0,0.41,1949,1049,7.656012483792381,0.0471475678756833,True,True
COMPLETED,0.7099999999999999,2.0,0.0,4132,4547,4.160492704276927,0.0156485793953761,False,False
FAILED,,,,3776,2375,8.735100348618813,0.0014725699904374,True,False
COMPLETED,0.7,7410.0,0.92,2210,3222,4.614652660766617,0.0365379232713021,False,True
FAILED,,,,380,325,6.046497818565928,0.0175820142831653,False,True
COMPLETED,0.7,103.0,0.0899999999999999,3187,4022,2.003546895910054,0.0452026488082483,True,False
COMPLETED,0.7,110.0,0.04,2827,871,2.928069456202909,0.0407431288030929,True,False
FAILED,,,,644,4725,8.884738378488457,0.0220166220567189,False,True
COMPLETED,0.7,13243.0,0.35,1299,1360,0.6129641328975559,0.027848289928399,False,True
FAILED,,,,4743,2987,6.490896637353115,0.0101856307610869,True,False
COMPLETED,0.7299999999999999,3374.0,0.93,4913,1517,4.966760765758344,0.0499034267123788,False,True
FAILED,,,,1480,2829,8.384001845339313,0.0130496705221012,True,False
COMPLETED,0.7099999999999999,126.0,0.05,815,717,2.2848452080851422,0.0319816218349151,True,False
COMPLETED,0.7099999999999999,12936.0,0.8599999999999999,3008,4879,5.780822705496103,0.0062456454136408,False,True
COMPLETED,0.7299999999999999,1124.0,0.95,3328,483,9.152855827016754,0.0087478159135207,False,True
FAILED,,,,512,3864,2.649213516735472,0.0294560495391488,True,False
FAILED,,,,2351,2221,6.839555151872338,0.0236967263934202,True,False
COMPLETED,0.7099999999999999,12081.0,0.81,3908,3376,0.2584160763947293,0.0392813090733252,False,True
COMPLETED,0.7199999999999999,3618.0,0.95,4274,1203,7.0103090794039895,0.0259867023425176,True,True
COMPLETED,0.7299999999999999,2.0,0.1,2081,4393,1.0540978750139471,0.0122286214735358,False,False
COMPLETED,0.7099999999999999,2.0,0.0,176,1652,9.616580049992539,0.0435459584840573,False,False
COMPLETED,0.64,10463.0,0.68,3609,2695,3.7378846823778,0.0194435353460721,True,True
COMPLETED,0.69,11793.0,0.66,2718,2042,1.4891230127327144,0.0173047024533152,True,True
COMPLETED,0.7099999999999999,1.0,0.0,1161,3554,5.610028418480418,0.0456613895809277,False,False
COMPLETED,0.7199999999999999,3.0,0.0,1741,31,3.8781299596000465,0.0027666807374916,False,False
COMPLETED,0.7,11784.0,0.95,4558,4316,7.920318019096739,0.0354735813108272,True,True
COMPLETED,0.69,8566.0,0.46,4672,1999,6.216477615062148,0.0400904027954675,False,True
COMPLETED,0.7099999999999999,190.0,0.0,1865,3656,2.1350878690993413,0.0228628022219054,True,False
ABANDONED,,,,1193,300,8.53467879202403,0.0286461302498355,True,False
ABANDONED,,,,2759,4106,4.530787003231236,0.0095812445972114,False,True
FAILED,,,,3728,1003,0.403271721589379,0.00550918537518,False,True
FAILED,,,,285,4652,6.398999740488828,0.0326947613065131,True,False
ABANDONED,,,,2127,1764,3.090088973053731,0.0137871921621263,True,False
ABANDONED,,,,4310,2641,9.007079382149502,0.0491909243492409,False,True
COMPLETED,0.7399999999999999,1553.0,0.94,4033,438,3.26113618198596,0.0346395863289944,True,True
COMPLETED,0.7099999999999999,2.0,0.0,2466,3967,9.803073719994163,0.0035756564424373,False,False
COMPLETED,0.65,4.0,0.4,553,2489,0.8673032316565514,0.0464947474543005,False,False
COMPLETED,0.69,8542.0,0.83,3360,3166,7.487959307889454,0.0164946651468053,True,True
COMPLETED,0.7099999999999999,7895.0,0.4,3118,1318,7.738649160583504,0.0201566040073521,True,True
COMPLETED,0.7099999999999999,2.0,0.0,935,3087,4.359704463453964,0.0428093804283998,False,False
COMPLETED,0.7099999999999999,2.0,0.0,1517,829,5.127553378506565,0.01151604830008,False,False
FAILED,,,,4960,4825,1.6710916526280344,0.026724105965346,True,True
COMPLETED,0.7099999999999999,2.0,0.0,4779,671,9.522843937730418,0.0148153397236019,False,False
COMPLETED,0.67,12294.0,0.8699999999999999,1346,4984,3.527573636726476,0.0479572988906875,True,True
COMPLETED,0.7099999999999999,4116.0,0.94,754,1472,7.132036216616632,0.0050142502035014,True,True
COMPLETED,0.7299999999999999,2.0,0.07,2947,2934,1.2142829443616792,0.0330325584248639,False,False
COMPLETED,0.7099999999999999,2.0,0.0,3228,2331,4.010282415290364,0.0312796756951138,False,False
FAILED,,,,412,3324,8.092129879148677,0.0067421939633786,True,True
COMPLETED,0.7299999999999999,1324.0,0.95,2334,593,1.407094186647795,0.0381078708176501,True,True
COMPLETED,0.7099999999999999,2.0,0.0,3891,3812,5.410223112281413,0.0246881688549183,False,False
COMPLETED,0.66,146.0,0.04,4179,1611,2.4858794950284064,0.0109954797932878,True,False
COMPLETED,0.69,7513.0,0.8599999999999999,1986,2794,5.864061328998767,0.0270151210669428,False,True
COMPLETED,0.7199999999999999,2557.0,0.92,153,1162,4.796158814871684,0.0212074580774642,False,True
COMPLETED,0.7099999999999999,167.0,0.0,3586,4493,8.25307825864572,0.0415773127968423,True,False
FAILED,,,,2579,146,6.678157938408666,0.0444654334597289,True,False
COMPLETED,0.7099999999999999,11781.0,0.94,1022,4259,0.13545753724128,0.0182943984447047,False,True
COMPLETED,0.7099999999999999,6817.0,0.95,1685,2158,9.36193565697316,0.0372746896012686,False,True
FAILED,,,,4501,3497,2.7417372986357655,0.0007593123172409,True,False
FAILED,,,,4470,1737,8.753087417789734,0.0274313742197118,True,False
COMPLETED,0.7099999999999999,11776.0,0.7199999999999999,1652,2610,2.8745350870173425,0.0105904955309815,False,True
COMPLETED,0.65,11034.0,0.32,1073,975,6.456853719878011,0.0418972579240798,False,True
COMPLETED,0.7,52.0,0.17,2631,4621,0.5008046239092945,0.0208987816562876,True,False
FAILED,,,,3540,273,4.590107091629879,0.0187603268795646,True,False
COMPLETED,0.7,9589.0,0.8,107,4074,8.632438187968917,0.0440123118269257,False,True
FAILED,,,,2013,1972,1.8813175932206212,0.0011281774165108,False,True
COMPLETED,0.7099999999999999,178.0,0.0,4205,3624,6.002385107389652,0.0369186311196535,True,False
COMPLETED,0.7199999999999999,2.0,0.0599999999999999,3860,798,1.730178654297255,0.0482653951835818,False,False
COMPLETED,0.66,13097.0,0.8399999999999999,2302,4799,5.226299188550562,0.0144944368130527,True,True
COMPLETED,0.67,8386.0,0.56,462,1286,4.106920489926823,0.0334369625588879,True,True
COMPLETED,0.7099999999999999,2.0,0.0,3280,3061,7.52432367792912,0.0045970392674207,False,False
COMPLETED,0.7099999999999999,2.0,0.0,2900,2457,7.232979700207711,0.007098832573276,False,False
COMPLETED,0.7199999999999999,6093.0,0.9,708,3139,0.6519836615724489,0.0309117683791555,True,True
COMPLETED,0.7199999999999999,266.0,0.95,1374,407,9.861161829089744,0.0251418706160038,True,True
COMPLETED,0.7099999999999999,2.0,0.0,4806,3940,3.3576816272297876,0.0376429001661017,False,False
COMPLETED,0.7299999999999999,900.0,0.95,4986,566,5.507366257830523,0.0031110734036192,True,True
COMPLETED,0.68,2.0,0.0899999999999999,1545,3780,1.4645774435959755,0.035092873185873,False,False
COMPLETED,0.7099999999999999,1.0,0.0,889,2304,7.876205307920464,0.0161263901335187,False,False
COMPLETED,0.7099999999999999,9646.0,0.79,3071,3292,3.7559006569106126,0.0468517264700494,True,True
COMPLETED,0.7099999999999999,3777.0,0.89,3412,1445,1.0005635058283806,0.0423918290864676,True,True
COMPLETED,0.7099999999999999,2.0,0.0,604,2902,6.878658118705266,0.0205613758387044,False,False
COMPLETED,0.68,2.0,0.01,2434,644,3.6257251733895393,0.0264036179590038,False,False
COMPLETED,0.7,10070.0,0.8699999999999999,4002,4952,9.582537132517432,0.011823756980244,True,True
COMPLETED,0.7299999999999999,5316.0,0.94,4337,2126,2.527022059210576,0.022506376042962,False,True
FAILED,,,,2155,3471,9.108780961005015,0.040459608300589,True,False
COMPLETED,0.65,53.0,0.05,239,114,0.2338326620934531,0.0091285105771385,True,False
COMPLETED,0.7099999999999999,8325.0,0.83,3681,4232,6.736855146057905,0.0291116437804885,False,True
COMPLETED,0.7199999999999999,4000.0,0.95,2811,1130,8.349996773028746,0.0323864997895434,False,True
COMPLETED,0.7099999999999999,168.0,0.0,1243,4466,4.85463910193462,0.0058287428896874,True,False
ABANDONED,,,,1833,1579,5.649133899632842,0.0487855996810831,True,False
FAILED,,,,4641,2767,2.2312729937350375,0.0142038130122236,False,True
ABANDONED,,,,4610,1076,4.2573468520808975,0.0126338887005113,True,True
FAILED,,,,1792,4579,7.71440933269728,0.0255699768443591,False,False
FAILED,,,,1129,1838,1.627284682702273,0.0197517392374575,False,False
ABANDONED,,,,2687,2567,5.00562862509396,0.043226296137087,True,True
FAILED,,,,3635,1916,9.749234801531768,0.046114039605949,True,True
FAILED,,,,203,3739,3.1291794800367208,0.0168390577207319,False,False
FAILED,,,,2035,217,7.375494057650679,0.035829923310317,False,False
FAILED,,,,4227,4188,0.8329557649046183,0.0023973438460379,True,True
ABANDONED,,,,3960,1392,6.277112832240761,0.0133702899147756,False,True
FAILED,,,,2402,3014,0.3595025968281552,0.0495958022116683,True,False
FAILED,,,,479,903,8.982801709098739,0.0066633279575034,True,False
ABANDONED,,,,3297,4752,2.987693516516127,0.0315769339986145,False,True
FAILED,,,,3034,356,2.1007782475119456,0.0298244293848983,False,True
ABANDONED,,,,842,4049,6.10405020998791,0.0083908945233561,True,False
FAILED,,,,1434,2406,4.39879245611746,0.0397459967602044,True,False
ABANDONED,,,,4866,3248,8.480802028397097,0.0232434969777241,False,True
FAILED,,,,4695,2248,0.0035008352920413,0.0360843527121469,True,False
ABANDONED,,,,1254,3407,6.62431901994627,0.0019376246370375,False,True
ABANDONED,,,,671,510,2.707389831883833,0.0448461415846832,False,True
ABANDONED,,,,2853,3895,9.249470406734384,0.0179500057785771,True,False
FAILED,,,,3155,744,5.839821501112544,0.021612322570756,True,False
ABANDONED,,,,347,4911,2.3835218836553396,0.041160397180356,False,True
FAILED,,,,2260,1544,8.131153505233119,0.0098776393006555,False,True
ABANDONED,,,,3828,2861,4.752351844945922,0.0281692504645325,True,False
ABANDONED,,,,4086,63,7.979702474074438,0.0384522765763103,False,False
ABANDONED,,,,1903,4342,3.975972793702968,0.0243074741913005,True,True
ABANDONED,,,,61,2074,5.35634634865448,0.03010137646785,True,True
ABANDONED,,,,3503,3581,1.2750996395340188,0.0079325443138368,False,False
ABANDONED,,,,2516,1684,3.4838045119652525,0.0038601077133789,False,False
ABANDONED,,,,948,2722,9.400957029482349,0.0341503854561597,True,True
ABANDONED,,,,1621,1235,1.1118874878240748,0.0152322422475554,True,True
ABANDONED,,,,4429,4420,7.10775854356587,0.0475524209360592,False,False
ABANDONED,,,,4450,2480,3.6451728573162105,0.0177242151857353,True,True
ABANDONED,,,,1632,3195,9.562783111353404,0.0450597516964189,False,False
ABANDONED,,,,976,468,0.941903538044542,0.0013251145565882,False,False
ABANDONED,,,,2535,3956,6.937011749251746,0.0366846823114901,True,True
ABANDONED,,,,3480,858,7.817840949610808,0.0276094241826795,True,True
ABANDONED,,,,48,4816,3.814568968510256,0.0104252873142249,False,False
ABANDONED,,,,1878,1307,5.527128622810356,0.0409872903861105,False,False
ABANDONED,,,,4070,3117,1.445119031906128,0.021773251096718,True,True
ABANDONED,,,,3800,290,5.668581509061158,0.0077232752065174,False,True
ABANDONED,,,,2242,4135,2.211519047069363,0.030322823843453,True,False
ABANDONED,,,,327,2028,8.291336730746552,0.0237114870715886,True,False
ABANDONED,,,,3145,3647,4.912992806979456,0.0390604419643059,False,True
ABANDONED,,,,2879,1793,0.1754682292854413,0.0470004319180734,False,True
ABANDONED,,,,687,2631,6.795523532155902,0.0157964117466472,True,False
ABANDONED,,,,1277,993,2.546784349692054,0.0339851144505664,True,False
ABANDONED,,,,4709,4682,9.089322623813523,0.0040375592000782,False,True
COMPLETED,0.7399999999999999,157.0,0.95,1405,190,4.60446614676714,0.0088768790587782,False,True
FAILED,,,,4778,4758,6.79266277668439,0.0497281627850607,True,False
COMPLETED,0.7099999999999999,81.0,0.07,2683,1552,1.576829777535051,0.0244493765472434,True,False
COMPLETED,0.7199999999999999,7872.0,0.94,1137,3542,9.390685559420849,0.0341617108196951,False,True
COMPLETED,0.69,6888.0,0.7099999999999999,168,1936,5.3699723679116,0.0258323452076874,False,True
FAILED,,,,3671,2994,3.176282052334398,0.0172812874265946,True,False
FAILED,,,,3870,740,8.318298505043611,0.0414058221466839,True,False
FAILED,,,,2293,4375,0.5013924811193718,0.0017138558262959,False,True
COMPLETED,0.7199999999999999,4034.0,0.94,2121,1575,7.571601963910275,0.014384877346456,True,True
COMPLETED,0.7199999999999999,2.0,0.08,4374,3336,1.0137255027666687,0.0287347976760938,False,False
COMPLETED,0.7099999999999999,2.0,0.0,3167,437,6.107495256060736,0.0049968439578078,False,False
COMPLETED,0.7099999999999999,9326.0,0.91,340,4619,2.673084540513344,0.0381167916269041,True,True
COMPLETED,0.7199999999999999,2392.0,0.95,702,1137,2.40226335110981,0.0468327087364159,True,True
COMPLETED,0.7099999999999999,2.0,0.0,2825,3751,8.955868951911107,0.0117783756800927,False,False
COMPLETED,0.7099999999999999,2.0,0.0,4636,2440,3.7894269469156865,0.0374437429197132,False,False
COMPLETED,0.67,8262.0,0.7299999999999999,1839,2634,7.217123293313199,0.0211613018745556,True,True
COMPLETED,0.66,3.0,0.3599999999999999,1618,2201,0.6570755217280239,0.0432862453693524,False,False
COMPLETED,0.69,8558.0,0.63,4409,2710,7.849655621276237,0.0021541227586567,True,True
COMPLETED,0.7,3688.0,0.54,3057,1063,3.019530928804539,0.0279161651679314,True,True
COMPLETED,0.7099999999999999,2.0,0.0,919,3994,5.838767898809166,0.0175181576213799,False,False
COMPLETED,0.7099999999999999,2.0,0.0,581,512,9.234352874528616,0.0231403385610319,False,False
COMPLETED,0.7099999999999999,10090.0,0.8599999999999999,3414,4376,2.0460460192700847,0.0316039389609359,True,True
COMPLETED,0.7199999999999999,4231.0,0.92,4123,1816,6.948842963443139,0.0077693023281171,True,True
COMPLETED,0.7099999999999999,2.0,0.0,1884,3258,4.136317978641018,0.0469689296707511,False,False
FAILED,,,,2378,815,6.436507427476347,0.0348899296158924,True,False
COMPLETED,0.7,8386.0,0.81,3961,4132,4.8830121917007485,0.0198483053334057,False,True
COMPLETED,0.7299999999999999,4572.0,0.91,3576,2177,9.737552751672457,0.0440695152231492,False,True
COMPLETED,0.7,45.0,0.2,87,2916,1.3085256081912666,0.0106747593483887,True,False
COMPLETED,0.67,170.0,0.0299999999999999,1071,1312,3.4543500133845955,0.0054391811699606,True,False
COMPLETED,0.69,9207.0,0.79,2612,3618,5.01333669055719,0.0399951445697806,False,True
COMPLETED,0.75,103.0,0.95,4853,116,0.2326126770256087,0.0146196754174306,False,True
COMPLETED,0.7099999999999999,156.0,0.0,1466,5000,8.66469244649261,0.0308206897601485,True,False
COMPLETED,0.7099999999999999,2.0,0.0,1559,1461,6.024730395536872,0.0478589311423711,False,False
COMPLETED,0.7199999999999999,7243.0,0.91,4937,3456,2.5799450390180567,0.0069110269215889,True,True
COMPLETED,0.7299999999999999,166.0,0.95,2529,236,7.802533623532393,0.0322863982487469,True,True
COMPLETED,0.64,2.0,0.22,978,4809,1.231841359307989,0.0224775142921134,False,False
COMPLETED,0.7199999999999999,2.0,0.01,14,635,4.00706601398252,0.0184317499008029,False,False
COMPLETED,0.68,9446.0,0.8399999999999999,3512,4266,7.448798744515517,0.0270796173727139,True,True
COMPLETED,0.7099999999999999,9616.0,0.46,4024,2007,2.308647060140036,0.0028583083669655,True,True
COMPLETED,0.7099999999999999,2.0,0.0,2451,3060,8.873847882967441,0.0426470135678537,False,False
COMPLETED,0.7099999999999999,201.0,0.02,1967,391,1.806078966299072,0.0299759210529737,True,False
COMPLETED,0.7099999999999999,9179.0,0.9,4215,4568,9.610779496294446,0.0155294038322754,False,True
COMPLETED,0.67,7885.0,0.54,3321,1665,4.520028490859084,0.0393639426399022,False,True
COMPLETED,0.7099999999999999,211.0,0.0,498,3421,6.701510891310871,0.0061474216831848,True,False
ABANDONED,,,,855,2370,8.22758526598662,0.0098063981737941,True,False
COMPLETED,0.7199999999999999,5774.0,0.9,2983,2568,0.4161727507887408,0.0449575173174962,False,True
COMPLETED,0.7199999999999999,2925.0,0.93,4482,1242,5.590504951101728,0.0191953757922165,False,True
ABANDONED,,,,1681,3861,3.40474930636026,0.0355745793213136,True,False
ABANDONED,,,,1776,1017,9.967242337464356,0.0010745414127595,False,True
COMPLETED,0.7099999999999999,86.0,0.0899999999999999,4563,3943,1.5278405530117452,0.0421100903670303,True,False
COMPLETED,0.7,10547.0,0.78,756,3998,5.754673671007157,0.0376347983777523,False,True
COMPLETED,0.65,130.0,0.0899999999999999,4357,1967,2.6401017160108315,0.0060904361116699,True,False
COMPLETED,0.7099999999999999,225.0,0.0,3345,3300,8.754775494649074,0.0364529961603693,True,False
COMPLETED,0.78,91.0,0.95,1612,19,1.9051304430952296,0.0200452878824435,False,True
COMPLETED,0.7199999999999999,8236.0,0.89,2370,2965,3.848086355961859,0.0133579028113745,False,True
FAILED,,,,2519,1247,6.977933165065945,0.0311672039697878,True,False
COMPLETED,0.7099999999999999,56.0,0.28,4781,4757,0.6722777865007519,0.0120078600267879,True,False
COMPLETED,0.7199999999999999,4703.0,0.95,264,1789,7.576218431435526,0.0452434659316204,False,True
COMPLETED,0.7199999999999999,9131.0,0.81,393,3717,0.294342852407135,0.0276570192272774,True,True
COMPLETED,0.7099999999999999,2.0,0.0,4642,436,8.412781910308636,0.0160833218782208,False,False
COMPLETED,0.7099999999999999,2.0,0.0,2999,4259,4.564116263710894,0.047980592304375,False,False
COMPLETED,0.7299999999999999,4662.0,0.88,1880,2229,6.408673342623748,0.0085086272801272,True,True
COMPLETED,0.68,11978.0,0.78,1483,4476,9.636785484628753,0.0032081013801507,True,True
COMPLETED,0.7299999999999999,2.0,0.1,3484,1508,1.5018888460416346,0.0412777300155721,False,False
COMPLETED,0.7099999999999999,2.0,0.0,3877,2529,5.230287923621014,0.023701436293777,False,False
COMPLETED,0.7299999999999999,1254.0,0.95,1246,810,3.3301765271145847,0.0335831240448169,True,True
COMPLETED,0.7099999999999999,2.0,0.0,1025,2753,8.456092804998159,0.0107746585542336,False,False
COMPLETED,0.7,2097.0,0.55,4020,722,0.3388755201250314,0.0457024746863171,True,True
COMPLETED,0.69,9910.0,0.79,3631,4545,6.686373942971231,0.01536417897325,True,True
COMPLETED,0.7099999999999999,1.0,0.0,1257,1265,4.8430386370867495,0.0283882457101717,False,False
COMPLETED,0.7299999999999999,2.0,0.1,2101,4210,1.6135522984182462,0.0359456476541236,False,False
COMPLETED,0.7099999999999999,5112.0,0.93,2856,2491,9.749670710033737,0.0213268292909488,True,True
COMPLETED,0.7299999999999999,6810.0,0.93,4495,3513,3.5199953101491555,0.0404620977258309,True,True
COMPLETED,0.7099999999999999,2.0,0.0,619,544,5.421328479683958,0.0040358201982453,False,False
COMPLETED,0.7099999999999999,157.0,0.0,133,4962,2.99714138863422,0.0239667552253231,True,False
COMPLETED,0.68,6188.0,0.54,4990,1681,6.110491281921044,0.0325436123954132,False,True
FAILED,,,,2722,3015,2.496483535060659,0.0006220776336267,False,True
FAILED,,,,2244,984,9.34490681358613,0.0430910716643556,True,False
FAILED,,,,1743,3231,7.403325395376422,0.0490684438897296,True,False
COMPLETED,0.7299999999999999,177.0,0.95,3136,263,4.272256813243963,0.0081949685970321,False,True
COMPLETED,0.7099999999999999,8506.0,0.83,4154,3774,8.079689706088043,0.0257953378269448,False,True
COMPLETED,0.7099999999999999,55.0,0.2399999999999999,882,2056,1.1745272881248965,0.0187176855606958,True,False
COMPLETED,0.7099999999999999,2.0,0.0,839,3430,4.505472694877536,0.0045060577359981,False,False
COMPLETED,0.7399999999999999,139.0,0.95,4127,149,6.3890859835930165,0.039234283553902,True,True
COMPLETED,0.68,10334.0,0.78,3270,3981,0.0013089819289743,0.0216331590139307,True,True
COMPLETED,0.7099999999999999,2.0,0.0,1853,1949,8.158804249633102,0.0348560607549734,False,False
COMPLETED,0.7099999999999999,2.0,0.0,2287,4784,5.093676629613154,0.0296523089562542,False,False
COMPLETED,0.7199999999999999,4499.0,0.92,2749,1816,3.232626210804097,0.0148335226238705,True,True
COMPLETED,0.7199999999999999,6660.0,0.93,4856,2826,9.422019455949776,0.0467558126957155,True,True
COMPLETED,0.69,2.0,0.1,23,1108,1.326183795060031,0.0105287478272803,False,False
COMPLETED,0.7099999999999999,195.0,0.0,475,4325,9.047771352341396,0.0176681312010623,True,False
COMPLETED,0.69,8485.0,0.53,4414,2295,2.1590700909849256,0.0260571046252734,False,True
COMPLETED,0.7,8555.0,0.79,2927,3617,5.813355224689468,0.0069210808803327,False,True
COMPLETED,0.63,226.0,0.02,2118,336,2.6597273485716433,0.049577203346882,True,False
COMPLETED,0.69,22.0,0.4199999999999999,1401,2619,0.887005541649647,0.0427930441745556,True,False
FAILED,,,,3712,901,7.751885208887048,0.0017320627910085,False,True
COMPLETED,0.7099999999999999,8833.0,0.8699999999999999,3949,4420,3.984735662755556,0.0320711138141341,False,True
FAILED,,,,1008,1452,7.075521494162269,0.0251802123286761,True,False
COMPLETED,0.7199999999999999,10690.0,0.82,1098,4684,2.203640994983725,0.0441207408178597,False,True
FAILED,,,,3781,1404,9.091120483311824,0.0123896266184747,True,False
COMPLETED,0.7099999999999999,243.0,0.0,3550,2726,2.938611671912484,0.0299666756503284,True,False
FAILED,,,,1485,695,6.091017775001936,0.0137464734632521,False,True
COMPLETED,0.69,7445.0,0.93,2028,3530,7.864808633323759,0.0198206197898834,False,True
COMPLETED,0.7099999999999999,92.0,0.05,3095,561,0.998707193057984,0.0374427925124764,True,False
COMPLETED,0.7099999999999999,177.0,0.0,4576,4081,7.2665239629410205,0.0055447667762637,True,False
COMPLETED,0.69,8154.0,0.6,391,2362,4.174516358505935,0.0389682564269751,False,True
COMPLETED,0.67,9369.0,0.5899999999999999,207,3071,6.744865684156307,0.0341250215321779,True,True
COMPLETED,0.7099999999999999,1.0,0.0,4750,1040,4.862474168469198,0.0223521115239709,False,False
COMPLETED,0.7099999999999999,2.0,0.0,2637,4872,8.74897365585435,0.0415122107770293,False,False
COMPLETED,0.7,7119.0,0.5899999999999999,2476,1591,0.5927001611785963,0.0022402137219905,True,True
COMPLETED,0.68,8136.0,0.8499999999999999,1669,3874,3.6567584318052977,0.0097008415646851,True,True
COMPLETED,0.7099999999999999,1.0,0.0,3376,2155,5.519030623642728,0.0475716351959854,False,False
COMPLETED,0.7199999999999999,2.0,0.07,4239,3165,1.8284713467191904,0.0172083198372274,False,False
COMPLETED,0.7399999999999999,167.0,0.95,650,197,9.92552878063731,0.0272895979024469,True,True
COMPLETED,0.7099999999999999,6953.0,0.95,695,2873,1.477289861584082,0.0226395155298523,True,True
COMPLETED,0.7099999999999999,2.0,0.0,4262,1155,9.573659824678675,0.0342613487741909,False,False
COMPLETED,0.7099999999999999,2.0,0.0,3401,4830,3.3836184438411148,0.0027262642732821,False,False
COMPLETED,0.7199999999999999,3710.0,0.94,1712,1862,5.245355737486856,0.0421493085878901,True,True
COMPLETED,0.7199999999999999,8880.0,0.95,2431,3915,8.31959959088359,0.0469156547258608,True,True
COMPLETED,0.67,3.0,0.22,2614,1884,0.1627906020293012,0.0091838233931921,False,False
COMPLETED,0.7099999999999999,2.0,0.0,4725,3363,6.54991887201462,0.0271721535040996,False,False
COMPLETED,0.75,98.0,0.95,164,82,4.666839289517142,0.0169518836359493,True,True
COMPLETED,0.7099999999999999,9282.0,0.8699999999999999,337,4413,6.915336741432548,0.0124896982400678,False,True
FAILED,,,,4542,1445,3.822643454134464,0.0443718892033211,True,False
FAILED,,,,3060,2611,7.591662908986213,0.0144198254193179,True,False
COMPLETED,0.7199999999999999,1798.0,0.94,1975,893,0.725028358489275,0.0304889803468249,False,True
COMPLETED,0.68,8245.0,0.8,1539,3644,2.509231274581514,0.0369378600395284,False,True
FAILED,,,,3584,364,5.661104863426648,0.0191767250183038,True,False
COMPLETED,0.67,70.0,0.1,3816,4351,2.0086878504818304,0.0386997360023669,True,False
COMPLETED,0.68,8281.0,0.5899999999999999,1151,2321,8.895482251933776,0.0054152381545864,False,True
COMPLETED,0.7099999999999999,182.0,0.0,964,4128,4.335916328408756,0.026663987728767,True,False
COMPLETED,0.7,7576.0,0.6099999999999999,3925,2409,7.427390226625838,0.0182327316934242,False,True
COMPLETED,0.68,7847.0,0.94,3687,3575,1.160145902105607,0.0497437406862154,False,True
FAILED,,,,1358,607,8.025561063521542,0.007129930335097,True,False
FAILED,,,,2162,2661,6.242730258138851,0.0014937561517581,True,False
COMPLETED,0.69,2541.0,0.45,2951,630,3.0896372802127154,0.0426091346116736,False,True
COMPLETED,0.7099999999999999,9656.0,0.91,4439,4617,9.242717940988019,0.0246450688363984,False,True
COMPLETED,0.67,77.0,0.0899999999999999,518,1337,2.3547041504550728,0.0314816027497872,True,False
COMPLETED,0.7099999999999999,2.0,0.0,77,3158,9.773206304966472,0.0397867998229339,False,False
COMPLETED,0.7399999999999999,159.0,0.95,4890,190,1.6780557309528812,0.0051008566161617,True,True
COMPLETED,0.7,8054.0,0.94,2783,3866,5.366823173432612,0.0350769959082826,True,True
COMPLETED,0.7099999999999999,2.0,0.0,2340,2148,3.5063052688678726,0.0218117820518091,False,False
COMPLETED,0.65,4.0,0.41,1799,4899,0.4306896027550101,0.0146858672061935,False,False
COMPLETED,0.7099999999999999,5417.0,0.63,3236,1618,8.5887179806903,0.0294502564622089,True,True
COMPLETED,0.68,8771.0,0.67,4093,3097,4.700424870900809,0.0099029811425134,True,True
COMPLETED,0.7099999999999999,2.0,0.0,786,1066,6.584723842479288,0.0461844135830178,False,False
FAILED,,,,935,4691,7.728426198263652,0.032746406184975,True,False
COMPLETED,0.7099999999999999,7954.0,0.56,4189,1723,0.8227306700693444,0.0241151814428158,False,True
COMPLETED,0.7,5593.0,0.89,3170,2900,7.130255957354792,0.0436617014524526,False,True
FAILED,,,,1797,1181,3.998501692359336,0.001247104498092,True,False
COMPLETED,0.7199999999999999,86.0,0.08,2191,3346,2.0671794240456074,0.0075993989170528,True,False
COMPLETED,0.77,100.0,0.95,2687,65,8.914917615694925,0.0485151863251812,False,True
COMPLETED,0.68,9211.0,0.79,4956,4045,2.802111957816407,0.0185398023431189,False,True
FAILED,,,,79,2013,5.914929336858914,0.0255751719982363,True,False
COMPLETED,0.7099999999999999,1.0,0.0,575,2555,3.1687375386981294,0.0458871565242297,False,False
COMPLETED,0.7199999999999999,1487.0,0.94,4470,836,5.069535810041241,0.0110137079642154,True,True
COMPLETED,0.7,9865.0,0.89,2832,4504,1.3404885967699811,0.028977018429432,True,True
COMPLETED,0.7099999999999999,1.0,0.0,2057,1535,9.475919537561946,0.015898554616142,False,False
COMPLETED,0.7099999999999999,2.0,0.0,1301,4251,6.257076164316387,0.0207614860278554,False,False
COMPLETED,0.7199999999999999,4680.0,0.93,3656,2221,4.413052791621537,0.0353379922755993,True,True
COMPLETED,0.7,9572.0,0.7199999999999999,4044,3710,8.261069706540555,0.0038277385928668,True,True
COMPLETED,0.66,3.0,0.1799999999999999,1070,430,0.1433169274888932,0.0402962987315841,False,False
COMPLETED,0.7199999999999999,7070.0,0.91,1193,3446,5.581551058953629,0.016726475354284,True,True
COMPLETED,0.7199999999999999,2.0,0.01,3842,478,3.681972176691517,0.0281611809004098,False,False
COMPLETED,0.7099999999999999,2.0,0.0,3450,4145,9.909855742132292,0.0086389252264052,False,False
COMPLETED,0.7099999999999999,5752.0,0.7399999999999999,1429,2426,1.775644190421328,0.0482498525492846,True,True
COMPLETED,0.68,8829.0,0.91,1933,4590,4.993420598221012,0.0410273524299263,True,True
COMPLETED,0.7099999999999999,2.0,0.0,3034,1310,6.838663359996864,0.0031087710540741,False,False
COMPLETED,0.7099999999999999,3.0,0.32,4676,2800,0.4893713147463277,0.0330600795280188,False,False
COMPLETED,0.7199999999999999,1539.0,0.95,447,769,8.608343482878988,0.0230273150131106,True,True
ABANDONED,,,,307,3800,1.0235347384698688,0.0066066820081323,False,True
ABANDONED,,,,4806,2082,7.928010877583176,0.0382900372296571,True,False
ABANDONED,,,,2542,3258,4.121150430101902,0.0203024624288082,True,False
COMPLETED,0.7099999999999999,373.0,0.56,2415,291,7.2516853060163555,0.0365712084081023,False,True
ABANDONED,,,,1569,3007,9.184074241782538,0.0310316194985061,False,True
COMPLETED,0.63,105.0,0.05,3320,976,2.33511666105222,0.0130712710805237,True,False
COMPLETED,0.7099999999999999,149.0,0.0,4334,4955,5.9496962572885685,0.0446056002713739,True,False
ABANDONED,,,,711,1674,2.83565948916506,0.0115210711304098,False,True
COMPLETED,0.7099999999999999,179.0,0.0,737,3610,9.260025650343856,0.0477210953086614,True,False
ABANDONED,,,,4298,329,2.4153615588312967,0.008394244229421,False,True
ABANDONED,,,,3284,4308,6.186821579805576,0.0279166090693324,False,True
COMPLETED,0.7099999999999999,350.0,0.05,1595,2276,3.067275509304367,0.0161976089477539,True,False
COMPLETED,0.68,46.0,0.2099999999999999,2389,4447,1.1043707062005996,0.0233688645251095,True,False
COMPLETED,0.7199999999999999,3091.0,0.94,2578,1479,8.003370918199419,0.0334919682536274,False,True
ABANDONED,,,,4842,2655,4.35339566335082,0.0035407689455896,False,True
ABANDONED,,,,281,937,7.488181117430329,0.0413687927760183,True,False
COMPLETED,0.7099999999999999,2.0,0.0,450,3949,4.756943858386018,0.0361331687737256,False,False
ABANDONED,,,,4663,1919,6.606475341484883,0.0199670653007924,True,True
ABANDONED,,,,3020,3407,0.4139922025511041,0.0379545309357345,True,True
COMPLETED,0.7199999999999999,2.0,0.0,1937,126,8.52745030041132,0.0061687515396624,False,False
COMPLETED,0.7099999999999999,2.0,0.0,1426,2839,5.349954110393301,0.0117595997434109,False,False
COMPLETED,0.7199999999999999,2029.0,0.94,3463,1120,3.444904068911448,0.0451405084207654,True,True
ABANDONED,,,,3856,4786,9.829591772774233,0.0136060700640082,True,True
COMPLETED,0.7299999999999999,2.0,0.04,1189,1818,1.6996355671230703,0.0312702572774142,False,False
ABANDONED,,,,1083,4855,6.493553053148092,0.0007122907624579,True,True
COMPLETED,0.7099999999999999,1.0,0.0,4040,1574,4.645240959130228,0.0434230784256942,False,False
COMPLETED,0.7099999999999999,2.0,0.0,3652,3063,8.336448967732489,0.0238766380776651,False,False
ABANDONED,,,,1315,1032,0.2242102589532733,0.0322115127877332,True,True
ABANDONED,,,,2043,3202,3.400334338261746,0.0259106635400094,True,True
COMPLETED,0.68,2.0,0.01,2836,234,5.3066037688246,0.0189777475637383,False,False
ABANDONED,,,,1780,3085,1.87034938660264,0.0357468920350074,True,True
COMPLETED,0.7099999999999999,2.0,0.0,4930,806,6.998211887459272,0.0244963677679188,False,False
COMPLETED,0.7099999999999999,2.0,0.0,2577,4238,3.2419954312834887,0.0396681420141831,False,False
ABANDONED,,,,717,2113,8.04767891750205,0.0006467406461015,True,True
ABANDONED,,,,512,4402,6.055773077994584,0.0127998002259992,True,True
COMPLETED,0.7,3.0,0.19,3700,1673,0.3130428894637152,0.0480295805050991,False,False
COMPLETED,0.7099999999999999,2.0,0.0,3804,3210,8.989812563078479,0.0135064854938536,False,False
ABANDONED,,,,1983,326,4.79960701781232,0.0270077995751053,True,True
ABANDONED,,,,2228,3907,9.92657483066991,0.0464053720170632,False,True
ABANDONED,,,,4167,2251,3.8640545662632215,0.0080860195467248,True,False
COMPLETED,0.7099999999999999,431.0,0.0,3340,2559,5.126333104757593,0.0286705290605314,True,False
ABANDONED,,,,269,1061,1.241270662711002,0.0182678508912213,False,True
ABANDONED,,,,999,3658,2.921615831296891,0.0199793451745063,False,True
ABANDONED,,,,2899,305,8.369268333530984,0.0343247300479561,True,False
COMPLETED,0.7099999999999999,195.0,0.0,4606,4967,2.1834042337890716,0.0052173900692723,True,False
COMPLETED,0.7199999999999999,4083.0,0.93,1496,1456,6.683944765784777,0.0411469533159397,False,True
COMPLETED,0.7099999999999999,181.0,0.0,1385,4841,4.347943827142008,0.0156256733178161,True,False
COMPLETED,0.7199999999999999,7899.0,0.3599999999999999,4407,1311,9.519591749275103,0.0261039046212099,False,True
ABANDONED,,,,3090,3494,0.7206113975597545,0.0103384569454938,False,True
ABANDONED,,,,1122,121,5.57008619042486,0.0485882987622171,True,False
COMPLETED,0.7099999999999999,235.0,0.0,156,2724,8.577152958435006,0.0391573409517295,True,False
COMPLETED,0.69,3972.0,0.7,3139,1245,2.7906373858768494,0.0031583585147745,False,True
ABANDONED,,,,4356,4033,6.512219854625873,0.0366980401063337,False,True
COMPLETED,0.69,112.0,0.11,2349,2397,2.278222965463996,0.0224281169036403,True,False
COMPLETED,0.7099999999999999,2.0,0.0,2184,3395,7.442889385969379,0.0045789876151829,False,False
COMPLETED,0.7299999999999999,564.0,0.95,3918,491,1.3463436180781572,0.0436758978608995,True,True
ABANDONED,,,,3579,4547,7.644043456955813,0.0209478181242011,True,True
COMPLETED,0.7099999999999999,1.0,0.0,323,1798,3.724959087345749,0.0321288772388361,False,False
COMPLETED,0.7099999999999999,3.0,0.33,916,4092,0.4039049017364159,0.0308192199850454,False,False
ABANDONED,,,,2689,1988,5.885582870205865,0.0172483480433002,True,True
COMPLETED,0.7099999999999999,513.0,0.94,4986,550,1.994614580348134,0.0067601845785975,True,True
COMPLETED,0.7099999999999999,2.0,0.0,853,4159,6.095567231256515,0.0348334012227132,False,False
COMPLETED,0.7099999999999999,2.0,0.0,2464,2029,4.3023757067825645,0.0211520672133192,False,False
COMPLETED,0.7099999999999999,7126.0,0.9,3340,3423,7.544744990174659,0.0490805594613775,True,True
COMPLETED,0.7099999999999999,2696.0,0.91,2760,1258,7.34042784007825,0.0383954373737797,True,True
COMPLETED,0.66,3.0,0.26,1752,2671,0.8181105428123847,0.0163646893044933,False,False
COMPLETED,0.7099999999999999,2.0,0.0,236,1164,9.014154332651756,0.0270527266012504,False,False
COMPLETED,0.65,14028.0,0.8299999999999998,4238,4756,2.88179359215498,0.0052634063111618,True,True
COMPLETED,0.7199999999999999,6731.0,0.8299999999999998,3834,2255,9.723989720774814,0.0132260701805353,False,True
COMPLETED,0.7099999999999999,211.0,0.0,325,3665,3.435259930876084,0.0407436737567186,True,False
FAILED,,,,1350,171,6.475580147976988,0.0027224705275148,True,False
COMPLETED,0.7099999999999999,12731.0,0.7299999999999999,2852,3756,0.4220982661657035,0.0303847985919564,False,True
COMPLETED,0.6999999999999998,2649.0,0.93,3561,922,4.3774135699486365,0.0318823350276798,False,True
COMPLETED,0.7099999999999999,203.0,0.0,1928,4529,8.713479482479393,0.0105039034094661,True,False
COMPLETED,0.6999999999999998,73.0,0.1199999999999999,1076,1661,1.7645643852669743,0.045530293405056,True,False
COMPLETED,0.65,10392.0,0.66,4453,3048,5.084286801026203,0.0239104340076446,False,True
FAILED,,,,4637,1826,3.4834305022843184,0.0257475189184769,True,False
COMPLETED,0.7199999999999999,13203.0,0.6999999999999998,1124,2923,9.616020101728848,0.0042482376908883,False,True
COMPLETED,0.7299999999999999,1160.0,0.95,2115,758,0.157580745791085,0.0392172244908288,False,True
FAILED,,,,3611,4655,6.68027947463654,0.0178632342340424,True,False
FAILED,,,,3114,24,8.195128707178867,0.0192668525846675,True,False
COMPLETED,0.7099999999999999,8764.0,0.8599999999999999,1476,3943,4.953140855366365,0.0470986651452258,False,True
COMPLETED,0.68,11779.0,0.6099999999999999,590,2403,5.503466110616923,0.0089354632562026,False,True
COMPLETED,0.68,57.0,0.16,3962,3478,1.4027422907194123,0.0365252815550193,True,False
COMPLETED,0.7099999999999999,2.0,0.0,4188,979,5.734813480374404,0.0444184690695256,False,False
COMPLETED,0.68,11743.0,0.8599999999999999,49,4901,2.415167350931093,0.0227019299846142,True,True
COMPLETED,0.7199999999999999,3439.0,0.95,1704,1442,8.12123539949581,0.0332842235043644,True,True
COMPLETED,0.7099999999999999,1.0,0.0,2576,2524,3.7857034911764793,0.0114223934486508,False,False
COMPLETED,0.66,2.0,0.2,3212,2156,1.023572993375361,0.00064387255162,False,False
COMPLETED,0.69,9256.0,0.78,2199,3256,7.077588879398071,0.0285962396785616,True,True
COMPLETED,0.7199999999999999,421.0,0.95,727,422,2.774892316774465,0.0148212475907057,True,True
COMPLETED,0.7099999999999999,3.0,0.0,4724,4326,9.063698392989112,0.043015608979389,False,False
FAILED,,,,4802,1930,6.289507077065297,0.0369926126888021,True,False
COMPLETED,0.69,14290.0,0.7199999999999999,649,3327,0.5483604442011564,0.0092574798157438,False,True
COMPLETED,0.7299999999999999,1036.0,0.94,2276,498,9.850251936059443,0.048081527848728,False,True
COMPLETED,0.7099999999999999,268.0,0.0,3133,4095,3.249186897213571,0.0205883892374113,True,False
COMPLETED,0.66,93.0,0.0899999999999999,2653,1232,1.6369885777309536,0.0188982280837371,True,False
FAILED,,,,1625,4806,5.269236958227121,0.0404941889988258,False,True
FAILED,,,,129,1352,4.562363838897087,0.0046634376784786,False,True
FAILED,,,,4110,2772,8.585903786690906,0.026114107622765,True,False
COMPLETED,0.68,2.0,0.01,4041,271,4.176020554799587,0.0432401875909417,False,False
COMPLETED,0.69,13548.0,0.93,513,3852,7.730915802928621,0.0153845001515001,True,True
COMPLETED,0.7099999999999999,10183.0,0.64,1554,2307,2.1807853279160336,0.029821854904294,True,True
COMPLETED,0.7099999999999999,2.0,0.0,3036,3729,5.96921204202436,0.0017241732031106,False,False
COMPLETED,0.7099999999999999,2.0,0.0,3688,1593,8.829301917293106,0.0126019200086593,False,False
COMPLETED,0.6999999999999998,13988.0,0.65,2036,2998,3.0092764257434754,0.0344151387810707,True,True
COMPLETED,0.7299999999999999,2057.0,0.95,1203,828,7.467910561919213,0.0229725972618907,True,True
COMPLETED,0.6999999999999998,4.0,0.3599999999999999,4560,4427,0.6332580157062038,0.0449311070051044,False,False
FAILED,,,,4531,701,7.935148024899885,0.0063553183795884,True,True
COMPLETED,0.7099999999999999,2.0,0.0,999,4595,3.911989508685656,0.0282893867613747,False,False
COMPLETED,0.7099999999999999,2.0,0.0,2005,1722,5.861099535132759,0.0169163333987817,False,False
COMPLETED,0.7099999999999999,8850.0,0.93,3482,2832,2.2290800135843454,0.0386089740013703,True,True
COMPLETED,0.69,5209.0,0.93,2929,2492,2.647330812922679,0.0495800724094733,True,True
COMPLETED,0.7099999999999999,2.0,0.0,1271,3584,9.248624710716305,0.0214101759856566,False,False
COMPLETED,0.7099999999999999,3.0,0.02,404,87,1.2084994228500872,0.0359774444373324,False,False
FAILED,,,,3756,3998,6.950027487293817,0.0079522725017741,True,True
COMPLETED,0.7299999999999999,3165.0,0.92,4316,1499,0.0312398974923417,0.0252445321157574,False,True
COMPLETED,0.7099999999999999,302.0,0.0,159,2584,6.866426447916776,0.0465262840464711,True,False
COMPLETED,0.68,230.0,0.0299999999999999,1829,1083,3.6695774383153767,0.0108133614640682,True,False
FAILED,,,,2682,4993,9.489679216180928,0.0323365411739796,False,True
ABANDONED,,,,3417,333,5.318599391574041,0.0307403453122824,False,True
COMPLETED,0.68,94.0,0.1,2385,4220,1.5302489637816323,0.0031260620485991,True,False
ABANDONED,,,,932,2093,8.322635268493553,0.0420316831991076,True,False
ABANDONED,,,,4909,3201,4.768274024575949,0.0142726754471659,False,True
ABANDONED,,,,4861,1397,8.62006947745569,0.0461793467267416,False,True
ABANDONED,,,,864,2804,4.518430221767165,0.0248252738579176,True,False
ABANDONED,,,,2374,1186,5.059305509633385,0.0327088036010973,True,False
ABANDONED,,,,3387,4772,1.817622803084552,0.0112096049855463,False,True
COMPLETED,0.7199999999999999,848.0,0.95,2713,533,3.293098760823719,0.0035224678437225,False,True
COMPLETED,0.7099999999999999,277.0,0.0,1841,4137,9.816102634932847,0.0311123923580162,True,False
COMPLETED,0.69,24.0,0.2999999999999999,225,1894,0.3677426084857434,0.013853207708802,True,False
ABANDONED,,,,4363,3283,6.499416772139259,0.0416849140538834,False,True
COMPLETED,0.7199999999999999,1333.0,0.95,3826,783,0.9115205478360876,0.0278704855055548,True,True
COMPLETED,0.7099999999999999,2.0,0.0,454,4395,7.199411188259721,0.0060087380618788,False,False
COMPLETED,0.7099999999999999,1.0,0.0,1300,1639,2.906774883547798,0.0390055686240084,False,False
ABANDONED,,,,2938,3031,8.961095914834178,0.0172889469270594,True,True
ABANDONED,,,,3474,2272,6.23772840130888,0.021782627240289,True,True
COMPLETED,0.5799999999999998,2.0,0.0899999999999999,1978,3687,1.9025016382532196,0.0499768824134953,False,False
COMPLETED,0.7099999999999999,2.0,0.0,948,307,7.599100647854619,0.0076059016645886,False,False
ABANDONED,,,,4461,3896,4.278539082620293,0.0355583750070072,True,True
COMPLETED,0.7199999999999999,2.0,0.0,4590,119,7.13064323705528,0.0157384477849118,False,False
ABANDONED,,,,1213,4043,0.9985876418221742,0.0436668338174931,True,True
ABANDONED,,,,2103,2459,9.204710761152208,0.001347213783767,True,True
COMPLETED,0.7099999999999999,1.0,0.0,3737,3538,2.681478028095327,0.0294205367355607,False,False
COMPLETED,0.7199999999999999,2.0,0.04,2989,1764,2.439008184250444,0.0340139887868426,False,False
ABANDONED,,,,1487,2866,5.680462031851524,0.0122247511087916,True,True
ABANDONED,,,,501,657,3.8778205399932335,0.0453575378502719,True,True
COMPLETED,0.7099999999999999,2.0,0.0,4009,4559,7.979078364102171,0.0233267071689479,False,False
COMPLETED,0.7099999999999999,475.0,0.0,4101,2061,4.900086497709156,0.0096844771434552,True,False
ABANDONED,,,,100,3156,8.220114058732054,0.0373469114233739,False,True
COMPLETED,0.71,2.0,0.0,25,4859,3.768388286404986,0.05,False,False
COMPLETED,0.71,2.0,0.0,1623,3363,4.1694978605146265,0.0005,False,False
COMPLETED,0.69,105.0,0.0931612486147026,5000,1345,2.392673922089321,0.05,True,False
COMPLETED,0.67,102.0,0.0685029553010713,5000,989,2.003126476764109,0.05,True,False
COMPLETED,0.7,63.0,0.1239841152567417,1,1074,1.3810739060629738,0.05,True,False
COMPLETED,0.59,199.0,0.0282600664942741,1,408,2.687796520643214,0.0005,True,False
COMPLETED,0.71,1.0,0.0,4984,1582,5.874009009677371,0.05,False,False
COMPLETED,0.8,460.0,0.6154183598079054,1279,2,4.989694642175131,0.05,False,True
COMPLETED,0.71,2.0,0.0,3148,437,7.476816049766068,0.05,False,False
COMPLETED,0.71,2.0,0.0,5000,3295,3.4033622979236267,0.0005,False,False
COMPLETED,0.71,2.0,0.0,1594,5000,6.813980632035913,0.05,False,False
COMPLETED,0.71,422.0,0.0,4887,2051,9.696017891792952,0.0005,True,False
COMPLETED,0.71,237.0,0.0,5000,4813,6.892078189866675,0.0005,True,False
COMPLETED,0.78,102.0,0.9533385666789804,5000,30,9.154486050235588,0.05,False,True
COMPLETED,0.71,2.0,0.0,5000,4909,7.697762456730319,0.0005,False,False
COMPLETED,0.71,2.0,0.0,1,1780,7.656290575813417,0.05,False,False
COMPLETED,0.66,4.0,0.3992657923900997,1,4823,0.4716786107920515,0.0005,False,False
COMPLETED,0.77,102.0,0.9536156261544144,5000,42,5.4085100448507575,0.05,True,True
COMPLETED,0.77,100.0,0.9537541558921316,5000,27,4.765355452681515,0.05,False,True
COMPLETED,0.71,2.0,0.0,2429,931,3.929195453866203,0.0005,False,False
COMPLETED,0.72,2.0,0.0066263391207979,835,287,5.4862172625253205,0.0005,False,False
COMPLETED,0.81,403.0,0.6201745474695235,5000,2,2.946294890908276,0.05,False,True
COMPLETED,0.71,2.0,0.0,1,1222,6.522511206829821,0.0005,False,False
COMPLETED,0.77,106.0,0.9533385666789804,5000,65,4.780903028528869,0.05,False,True
COMPLETED,0.71,2.0,0.0,4791,2430,3.504144494839977,0.0005,False,False
