Status,ACCURACY,RUNTIME,recent_samples_size,n_samples,k_neighbors,n_permutations,significance_level
RUNNING,,,329,4475,72,933,0.8170288181304932
RUNNING,,,3635,2286,10,129,0.3006222271770239
RUNNING,,,4315,3277,81,688,0.1306793507691472
RUNNING,,,2308,1092,39,383,0.7369934084005653
RUNNING,,,1498,2692,22,359,0.5912252215053885
RUNNING,,,4500,505,61,586,0.0436324587501585
RUNNING,,,2512,3967,30,105,0.4043565498236566
RUNNING,,,828,1779,89,832,0.9794822486341
RUNNING,,,962,3466,37,514,0.3649962333776056
RUNNING,,,3046,654,96,303,0.7527837531175464
RUNNING,,,4942,4761,15,759,0.6766396510004997
RUNNING,,,1715,1947,54,48,0.1911477960888296
RUNNING,,,2135,4331,87,213,0.1078759576231241
RUNNING,,,3898,1517,45,971,0.526851806441322
RUNNING,,,3154,3114,66,467,0.9190153759606182
RUNNING,,,229,303,4,725,0.4647096863444894
RUNNING,,,65,2881,100,67,0.7087278487924485
RUNNING,,,3311,67,32,872,0.1569919143021106
RUNNING,,,4052,4095,53,314,0.2723566675689071
RUNNING,,,1987,1284,17,618,0.8433413584269583
FAILED,,,1860,4994,49,642,0.9512204663511364
FAILED,,,4805,2182,83,415,0.4306728906817734
FAILED,,,2872,3701,2,895,0.0153706764671951
FAILED,,,1128,888,68,169,0.6175415623635053
FAILED,,,677,3888,8,487,0.225257234621793
FAILED,,,2665,1701,74,698,0.6405772163923829
FAILED,,,4661,2614,43,241,0.7868931916505097
FAILED,,,1335,426,77,952,0.3289337987694889
FAILED,,,2478,3357,59,788,0.4988229022026062
FAILED,,,4142,1167,23,30,0.8829567186776549
RUNNING,,,3494,4552,94,535,0.5609650222994386
RUNNING,,,472,2366,26,277,0.0718173003401607
RUNNING,,,566,3126,14,184,0.989985233206302
RUNNING,,,3560,940,56,879,0.3761187857147306
RUNNING,,,4078,4431,35,437,0.0541444739550352
RUNNING,,,2383,2243,97,633,0.5629965103361755
RUNNING,,,1261,4002,64,609,0.7320320869982243
RUNNING,,,4576,1812,5,336,0.1493523327354341
RUNNING,,,2748,2774,86,856,0.2956547304429114
RUNNING,,,752,588,47,82,0.8356955792214721
RUNNING,,,1194,4776,79,264,0.4443977876845747
RUNNING,,,2966,1961,40,553,0.9218504239320756
RUNNING,,,4710,3568,71,10,0.5065346619095653
RUNNING,,,1796,757,12,799,0.1107057820297777
RUNNING,,,1902,2982,29,963,0.2174877108391374
FAILED,,,3978,171,91,221,0.6637515644319355
FAILED,,,3386,4267,20,716,0.779133672574535
FAILED,,,148,1454,62,474,0.3521181292086839
FAILED,,,302,4189,42,818,0.59905897468701
FAILED,,,3235,1376,78,122,0.0200350651647895
FAILED,,,3815,2905,7,563,0.4121812500655651
FAILED,,,2063,91,75,368,0.9558758244160562
FAILED,,,1623,3648,93,392,0.8717542067617177
FAILED,,,4880,833,27,665,0.2615414848420768
FAILED,,,3109,4852,58,146,0.1854109602756798
FAILED,,,1053,2041,24,919,0.6979188413973897
FAILED,,,909,2542,52,737,0.0843932482395321
FAILED,,,2584,352,18,448,0.5348002512603998
FAILED,,,4429,3765,99,992,0.8955378901418298
FAILED,,,1415,1580,33,203,0.4726633770354092
RUNNING,,,2246,4665,1,38,0.3258017586078494
RUNNING,,,4223,2477,69,780,0.8073954251147806
RUNNING,,,3726,3362,48,284,0.637435193831101
RUNNING,,,392,1173,84,526,0.245749463379383
RUNNING,,,432,2742,45,443,0.3878013832028955
RUNNING,,,3689,552,87,748,0.9939021260626612
RUNNING,,,4262,4034,5,190,0.5747086126003415
RUNNING,,,2205,1848,65,995,0.0580280549675226
RUNNING,,,1454,4386,94,768,0.145438057238236
RUNNING,,,4388,2200,38,41,0.720350679218769
RUNNING,,,2624,3171,54,521,0.8318089049663394
RUNNING,,,872,983,16,295,0.2839419143535196
RUNNING,,,1094,4222,60,114,0.9335327834784984
RUNNING,,,3071,1411,22,825,0.4483149184826761
RUNNING,,,4918,3027,88,367,0.1224176463522017
RUNNING,,,1583,214,32,578,0.5104184808637947
RUNNING,,,2100,3535,11,664,0.6598375268764793
RUNNING,,,3776,721,71,406,0.2058060651179403
RUNNING,,,3276,4808,39,910,0.3482316928952932
RUNNING,,,263,1997,81,153,0.7674206185434013
RUNNING,,,109,4888,23,558,0.0317116843666881
RUNNING,,,3423,2074,59,253,0.6029703651405871
RUNNING,,,3940,3611,27,812,0.9675857554618268
RUNNING,,,1943,801,93,7,0.4160631357431411
RUNNING,,,1757,2948,73,234,0.257629380563274
RUNNING,,,4751,136,10,960,0.8600744943171739
RUNNING,,,2926,4145,76,479,0.6940381454285233
RUNNING,,,1231,1332,44,706,0.1737036465890705
RUNNING,,,711,3405,83,888,0.5464771084040402
RUNNING,,,2787,1218,50,177,0.0883044007513672
RUNNING,,,4539,4621,66,634,0.4843735460229218
RUNNING,,,1301,2433,3,423,0.8994195378776639
RUNNING,,,2346,3801,33,337,0.8034830828942358
RUNNING,,,4118,1612,99,594,0.3141222841050476
RUNNING,,,3519,2505,17,91,0.2418685294687747
RUNNING,,,604,320,53,849,0.6257281180862337
RUNNING,,,512,3932,90,693,0.3123019693642854
RUNNING,,,3457,1745,30,498,0.8209409289155155
RUNNING,,,4181,2727,62,939,0.7487007518298923
RUNNING,,,2437,538,20,244,0.1345600764807313
RUNNING,,,1373,3235,41,17,0.0397210385538637
RUNNING,,,4620,1046,79,791,0.5795485725607723
RUNNING,,,2705,4517,13,272,0.975600333213806
RUNNING,,,640,2332,69,545,0.3926465890351683
RUNNING,,,1169,3071,7,863,0.764463257363066
RUNNING,,,2834,257,63,74,0.3689086053408682
RUNNING,,,4842,4373,47,617,0.2028549015764146
RUNNING,,,1820,1563,85,328,0.6805206146538257
FAILED,,,2025,4726,56,414,0.5229406241867691
FAILED,,,4012,1914,14,657,0.0961990707367658
FAILED,,,3352,3501,96,160,0.4608280088659376
FAILED,,,26,687,36,902,0.907305177230388
FAILED,,,189,3734,68,308,0.1686732923388481
FAILED,,,3192,923,2,503,0.712642094546929
FAILED,,,3859,4960,84,61,0.8550541447736322
FAILED,,,2175,2148,48,756,0.276243312081322
FAILED,,,1677,4141,18,983,0.4267560275681316
FAILED,,,4983,1326,51,210,0.9395378986056891
FAILED,,,3007,2835,35,730,0.6136580110937357
FAILED,,,999,24,98,456,0.003658603945747
RUNNING,,,787,4597,28,137,0.6522588323708624
RUNNING,,,2550,2408,91,926,0.2291712424345314
RUNNING,,,4463,3311,25,384,0.3406468230579048
RUNNING,,,1538,1126,57,673,0.7907795982211828
RUNNING,,,2271,2648,78,587,0.8790396176222712
RUNNING,,,4355,461,42,345,0.4871405723989009
RUNNING,,,3594,3854,74,841,0.0679335111286491
RUNNING,,,367,1667,8,98,0.5492531877197325
RUNNING,,,377,3590,76,763,0.0608323880061507
RUNNING,,,3624,779,44,52,0.5733395738918334
RUNNING,,,4365,4787,73,509,0.9962107000462712
RUNNING,,,2299,1974,9,298,0.385999178988859
RUNNING,,,1548,4280,27,462,0.2872593464516103
RUNNING,,,4492,1466,93,720,0.8309546160381287
RUNNING,,,2559,3004,24,215,0.7241029572859407
RUNNING,,,817,193,58,973,0.1450778469014912
RUNNING,,,990,4449,18,683,0.5130020039658993
RUNNING,,,2977,2259,52,378,0.1213151023946702
RUNNING,,,4973,3153,33,936,0.4503569977153092
FAILED,,,1648,967,99,132,0.9319513892009854
FAILED,,,2165,2801,67,108,0.7704715558905154
FAILED,,,3831,615,3,835,0.3475982139036059
FAILED,,,3182,4018,82,355,0.2093375332485884
FAILED,,,159,1830,50,581,0.6597438112907111
FAILED,,,17,3783,54,238,0.4201124245896935
FAILED,,,3322,1596,16,949,0.9601520725060254
FAILED,,,4002,2568,95,493,0.6074528194926679
FAILED,,,1996,380,37,704,0.024773760465905
FAILED,,,1810,3389,4,539,0.1791872556917369
FAILED,,,4813,1200,65,281,0.688040492935106
RUNNING,,,2825,4681,46,785,0.8650640248283744
RUNNING,,,1140,2496,87,27,0.2511968821007758
RUNNING,,,649,2927,39,319,0.9036896366607396
RUNNING,,,2734,113,80,623,0.4766733683161437
RUNNING,,,4630,4200,11,64,0.0930533498544245
RUNNING,,,1402,1390,72,869,0.5393183745667338
RUNNING,,,2448,4865,89,892,0.6314782219398766
FAILED,,,4210,2053,31,166,0.235650067038834
FAILED,,,3466,3669,60,647,0.3193326245527714
FAILED,,,542,856,22,420,0.796784089680761
FAILED,,,614,4744,34,13,0.1402987814377993
FAILED,,,3548,1930,98,802,0.7424708458893001
FAILED,,,4129,3438,19,258,0.8261703121382742
FAILED,,,2375,628,51,547,0.3056220040544867
FAILED,,,1311,3087,83,712,0.396928086714819
FAILED,,,4567,275,49,470,0.9679115990176796
FAILED,,,2796,4314,68,966,0.5842784788887948
FAILED,,,741,1500,2,224,0.0325432768128812
FAILED,,,1222,3256,74,432,0.6860232814028859
FAILED,,,2896,1069,8,628,0.1968762621153146
FAILED,,,4741,4462,77,187,0.3738867220841348
FAILED,,,1728,2274,43,882,0.7580193302612752
FAILED,,,1933,3955,25,859,0.9113354084305464
FAILED,,,3911,1766,57,85,0.4533753128778189
FAILED,,,3414,2669,28,604,0.1006929388567805
FAILED,,,79,484,92,331,0.5160141289252786
FAILED,,,254,2593,12,988,0.27930566319637
FAILED,,,3246,404,70,199,0.8544320944212376
FAILED,,,3765,3875,41,742,0.7161545050311833
FAILED,,,2071,1690,79,453,0.1685605637207627
RUNNING,,,1573,4540,62,289,0.0062307132799178
RUNNING,,,4889,2353,21,531,0.6125440384969115
RUNNING,,,3061,3334,90,36,0.9415990354847162
RUNNING,,,1064,1147,29,778,0.4251936463229358
RUNNING,,,881,4078,97,568,0.7940779875442385
RUNNING,,,2654,1267,36,373,0.339773506226018
RUNNING,,,4398,2853,55,815,0.232934919398278
FAILED,,,1482,41,14,119,0.651910065544769
FAILED,,,2215,3675,47,143,0.5520765635333955
FAILED,,,4290,860,85,916,0.0665835003238171
FAILED,,,3698,4976,6,396,0.4894377474859357
FAILED,,,462,2166,64,670,0.8772259698975831
FAILED,,,421,4347,3,362,0.7385861049108207
FAILED,,,3737,1535,67,573,0.1285878986250609
FAILED,,,4253,3054,49,116,0.3017058547660708
FAILED,,,2255,241,83,827,0.8144870305676013
FAILED,,,1445,3484,53,913,0.9796255750730632
FAILED,,,4438,670,16,156,0.4008135415185242
FAILED,,,2613,4698,100,659,0.0442239410243928
FAILED,,,919,1887,32,401,0.5881934384685009
FAILED,,,1024,2715,94,192,0.1929917590785771
FAILED,,,3099,526,26,997,0.6743121606484056
FAILED,,,4851,3909,60,438,0.7541034189146011
FAILED,,,1614,1724,23,743,0.3622032025717198
FAILED,,,2033,4496,43,516,0.4650890509914606
FAILED,,,3806,2309,77,290,0.9152211011759936
FAILED,,,3207,3223,9,771,0.5276945551950484
FAILED,,,291,1034,73,44,0.1046081363782286
FAILED,,,120,3300,31,638,0.850549465175718
FAILED,,,3376,1113,89,427,0.2675964162331074
RUNNING,,,3949,4575,21,885,0.1646503332331776
FAILED,,,1893,2387,61,174,0.7044766663778573
FAILED,,,1766,3833,82,88,0.6242520957514643
FAILED,,,4701,1644,38,846,0.010110725166276
FAILED,,,2937,2635,72,342,0.4368721988014876
FAILED,,,1184,449,10,599,0.9455123592149464
FAILED,,,781,4934,66,809,0.3358906390387564
FAILED,,,2759,2120,4,4,0.7823689785227179
FAILED,,,4606,3717,88,562,0.6479995971154421
FAILED,,,1270,906,44,257,0.2212573186866939
FAILED,,,2413,2819,15,484,0.0782917955201119
FAILED,,,4088,7,55,711,0.5559563374780118
FAILED,,,3588,4113,37,231,0.8889047603178769
FAILED,,,576,1300,95,957,0.493350833274424
FAILED,,,501,3040,58,613,0.5694595917481929
FAILED,,,3505,225,24,324,0.0491243604943156
FAILED,,,4172,4244,92,866,0.3820858850013464
FAILED,,,2487,1433,28,77,0.9845321773104369
FAILED,,,1365,4830,7,163,0.8426638332586734
FAILED,,,4670,2019,75,905,0.2911419459544122
FAILED,,,2694,3547,41,409,0.1567556558120995
FAILED,,,687,734,78,652,0.728013158030808
FAILED,,,1100,4061,48,942,0.1174353581927716
FAILED,,,2862,1875,85,247,0.5012937385123222
FAILED,,,4775,2758,1,689,0.9280383331552148
FAILED,,,1851,570,69,494,0.4386782370377331
FAILED,,,1957,3189,98,267,0.3593071931824088
FAILED,,,4043,999,34,540,0.7743543933350592
FAILED,,,3283,4413,52,20,0.6714213822595774
FAILED,,,54,2227,18,794,0.2132479719351977
RUNNING,,,200,4649,86,389,0.9562665879596024
RUNNING,,,3144,2459,46,678,0.4083984187915921
RUNNING,,,3868,3421,64,135,0.0208587711434811
RUNNING,,,2125,1236,6,924,0.5957721255384386
RUNNING,,,1685,2524,35,838,0.6997514054905623
RUNNING,,,4933,336,97,95,0.183072026412934
RUNNING,,,3018,3828,13,592,0.2628801934141665
RUNNING,,,952,1639,57,350,0.868980203859508
FAILED,,,856,3625,19,59,0.4727876458279788
FAILED,,,2522,812,63,754,0.8919758688043802
FAILED,,,4530,4910,29,313,0.5354031473025679
FAILED,,,1507,2096,91,508,0.0813728938419371
FAILED,,,2338,4168,70,735,0.2473612175360322
FAILED,,,4324,1353,12,461,0.6353627547193319
FAILED,,,3664,2960,80,980,0.8084676389358937
FAILED,,,339,149,40,207,0.3232485656421631
FAILED,,,349,2950,24,650,0.142158804565668
FAILED,,,3655,139,58,408,0.725082358026877
FAILED,,,4334,4177,28,904,0.8280222526825964
FAILED,,,2328,1364,92,162,0.2882254187371581
FAILED,,,1517,4920,75,77,0.3830686596818268
FAILED,,,4521,2105,7,866,0.997178616380319
FAILED,,,2532,3614,78,322,0.5704261826723814
FAILED,,,847,803,41,611,0.0618174398634582
FAILED,,,942,3819,85,797,0.6568095425423234
FAILED,,,3028,1629,48,24,0.2103017038591206
FAILED,,,4923,2533,69,543,0.3446810806784778
FAILED,,,1695,347,1,269,0.7714528545886277
FAILED,,,2116,3431,34,496,0.9290361000243574
FAILED,,,3878,1245,99,691,0.4513401404619216
RUNNING,,,3135,4638,18,250,0.1183864847626537
RUNNING,,,210,2450,52,946,0.5139718256928026
RUNNING,,,45,4403,46,350,0.2541159783452749
RUNNING,,,3293,2216,86,592,0.8640846891496331
RUNNING,,,4033,3198,6,97,0.6909729176349937
RUNNING,,,1968,1010,64,839,0.1782212410327047
RUNNING,,,1841,2768,97,925,0.0277042221464216
RUNNING,,,4785,580,36,136,0.6064848418142647
RUNNING,,,2853,4051,56,679,0.9630653986632824
RUNNING,,,1110,1866,13,390,0.41912731882371
RUNNING,,,697,3538,63,204,0.7997184160556644
RUNNING,,,2684,724,19,978,0.3183685152865946
RUNNING,,,4680,4839,90,458,0.2385672653261572
RUNNING,,,1355,2029,29,731,0.6304969771504401
RUNNING,,,2497,4254,12,505,0.5422336098346859
RUNNING,,,4163,1442,70,309,0.0920701420456171
RUNNING,,,3515,3029,40,751,0.4796019246038049
RUNNING,,,492,216,80,56,0.9027197573073208
RUNNING,,,586,4104,67,401,0.0354756401684135
RUNNING,,,3579,1290,2,659,0.5833124066032469
RUNNING,,,4098,2828,83,154,0.9708306413535028
FAILED,,,2404,18,49,912,0.3959486859738826
RUNNING,,,1280,3727,16,826,0.3085353952739387
RUNNING,,,4596,915,53,115,0.8251852602809667
RUNNING,,,2769,4924,32,572,0.7454013651963323
RUNNING,,,771,2111,100,361,0.1393308651037514
RUNNING,,,1174,2626,26,46,0.5189312621504067
RUNNING,,,2947,439,94,773,0.0997116401586681
RUNNING,,,4692,3842,23,293,0.4563095816262066
RUNNING,,,1776,1654,60,520,0.9103712378200144
RUNNING,,,1884,4585,77,746,0.7609479478932916
RUNNING,,,3959,2396,43,442,0.3729169003572315
RUNNING,,,3366,3289,73,1000,0.1997915512919425
RUNNING,,,130,1104,9,195,0.6850401386562734
RUNNING,,,282,3213,89,601,0.4222612216230481
RUNNING,,,3217,1024,31,343,0.9425650501437484
RUNNING,,,3797,4505,61,847,0.6096249422524124
RUNNING,,,2043,2319,21,89,0.0072100489586591
RUNNING,,,1604,3920,38,174,0.1656472375635057
RUNNING,,,4861,1733,82,885,0.7171396107971668
RUNNING,,,3089,2704,11,429,0.8515016327407211
RUNNING,,,1034,517,72,640,0.2802736408747732
RUNNING,,,929,4689,4,954,0.8743087716102599
RUNNING,,,2603,1877,65,227,0.4904189922753721
RUNNING,,,4448,3493,45,708,0.0636491739489138
RUNNING,,,1436,680,88,482,0.5530406727995723
RUNNING,,,2265,3064,55,255,0.6489815092571078
FAILED,,,4244,250,15,560,0.2339047987516969
FAILED,,,3747,4337,95,1,0.3368582709580659
FAILED,,,411,1526,37,805,0.795061195353046
FAILED,,,452,4967,98,226,0.5872254626490175
FAILED,,,3708,2155,34,969,0.0471544008459895
FAILED,,,4281,3684,51,473,0.3998284301757812
FAILED,,,2226,870,19,715,0.9825389068070798
FAILED,,,1473,2864,49,551,0.8135076893121003
FAILED,,,4408,50,84,262,0.3046249565873295
FAILED,,,2644,4068,1,804,0.1276218858249485
FAILED,,,891,1258,68,15,0.7415185277517885
FAILED,,,1074,3325,8,330,0.1036249341461807
FAILED,,,3052,1136,75,604,0.5306097848862409
RUNNING,,,4899,4549,42,84,0.9142512199636548
RUNNING,,,1563,2364,77,857,0.4680176091380417
RUNNING,,,2082,3886,57,880,0.3612390914466231
RUNNING,,,3756,1699,25,185,0.7570377471484244
RUNNING,,,3257,2583,92,627,0.6733309214357287
RUNNING,,,245,394,28,432,0.1959089517891406
RUNNING,,,89,2660,70,774,0.9464802774079144
RUNNING,,,3405,473,13,32,0.4339416776355355
RUNNING,,,3921,3964,79,529,0.011095771446824
RUNNING,,,1924,1776,41,286,0.621338710108772
RUNNING,,,1739,4473,21,450,0.7054560615420341
RUNNING,,,4731,2283,62,740,0.161731296474114
RUNNING,,,2906,3246,30,196,0.2685624903775751
FAILED,,,1213,1059,90,985,0.8476170999612658
FAILED,,,732,4305,36,671,0.494333981597796
FAILED,,,2806,1490,96,398,0.8859894655644893
FAILED,,,4558,3097,14,917,0.5569261573459952
FAILED,,,1321,286,55,143,0.0753631797470152
FAILED,,,2365,3449,85,120,0.2222214874383062
FAILED,,,4139,637,47,815,0.6450653302259743
FAILED,,,3539,4733,63,374,0.7833502827975898
FAILED,,,624,1920,6,569,0.3329735002368688
FAILED,,,532,3660,44,977,0.728998269373551
FAILED,,,3476,845,76,219,0.153842324078083
FAILED,,,4200,4874,9,722,0.2921099217738956
FAILED,,,2458,2063,73,465,0.8397333734370767
FAILED,,,1393,4210,93,301,0.9854981901105492
FAILED,,,4640,1399,26,512,0.3791534621603787
FAILED,,,2725,2917,59,55,0.0501037017498165
FAILED,,,659,104,24,766,0.5665404899269342
RUNNING,,,1150,4672,52,580,0.2142178531475365
RUNNING,,,2815,2485,17,353,0.6684928241129964
RUNNING,,,4823,3398,100,834,0.7753375955671072
RUNNING,,,1800,1210,33,108,0.3563919634912163
RUNNING,,,2006,2578,3,131,0.43965947625041
RUNNING,,,3993,389,67,936,0.9251211404446512
RUNNING,,,3332,3773,50,377,0.502257849637419
RUNNING,,,8,1587,82,682,0.1145010299589484
RUNNING,,,169,4009,16,25,0.86799515757896
RUNNING,,,3173,1820,54,782,0.265793579056859
RUNNING,,,3841,2811,38,278,0.1821041082199662
RUNNING,,,2156,625,95,536,0.7026819266565144
RUNNING,,,1658,3163,65,700,0.5948060513939708
RUNNING,,,4963,976,5,489,0.0237911363579332
RUNNING,,,2987,4438,87,947,0.4074190236274152
RUNNING,,,980,2250,46,236,0.959185624718666
RUNNING,,,807,2995,80,421,0.3222787457741796
FAILED,,,2569,182,39,647,0.8113962547089903
FAILED,,,4482,4289,71,167,0.6343796063959598
FAILED,,,1558,1476,11,894,0.2502765122894197
FAILED,,,2290,4797,31,871,0.0803915895670652
FAILED,,,4375,1983,88,66,0.5383202861044555
FAILED,,,3615,3580,22,624,0.8910117000527679
FAILED,,,387,769,60,319,0.4757219127174466
FAILED,,,358,3865,30,545,0.9765670189429074
FAILED,,,3605,1676,90,272,0.4053397520557046
FAILED,,,4345,2637,20,792,0.0407039006035774
FAILED,,,2281,452,62,19,0.5921951027177274
FAILED,,,1528,3302,79,245,0.7340590801667422
FAILED,,,4473,1115,40,941,0.1316434618942439
RUNNING,,,2541,4607,69,499,0.2977050344664603
RUNNING,,,797,2418,13,694,0.8180100341066718
RUNNING,,,1009,2846,63,900,0.4617792265228927
RUNNING,,,2997,34,6,158,0.9199833517801016
RUNNING,,,4993,4131,86,653,0.5239384747073054
RUNNING,,,1667,1317,47,411,0.1088610689658671
RUNNING,,,2185,4951,14,325,0.1882286942675709
RUNNING,,,3850,2137,56,614,0.6776189922560006
RUNNING,,,3202,3743,36,71,0.7498513302765786
RUNNING,,,180,933,96,860,0.365962246177718
RUNNING,,,36,3511,2,455,0.6204568571168929
RUNNING,,,3343,696,68,728,0.0143875281438231
FAILED,,,4023,4715,49,209,0.4336015064548701
FAILED,,,2015,1904,84,983,0.950250646483153
FAILED,,,1830,4364,51,756,0.8462756253164261
FAILED,,,4832,1552,19,61,0.2713924988172948
FAILED,,,2844,3081,98,502,0.1599090531039983
FAILED,,,1160,268,35,306,0.7077465445175766
FAILED,,,630,4528,91,102,0.0747478215061128
FAILED,,,2715,2341,29,844,0.5599971041064709
FAILED,,,4610,3225,57,348,0.8858701043203472
FAILED,,,1383,1037,25,590,0.4978378559220582
FAILED,,,2428,2718,42,675,0.3318528355285525
FAILED,,,4191,528,78,386,0.7859137964863329
FAILED,,,3448,3941,8,930,0.6435095816068351
FAILED,,,522,1755,74,141,0.2242911604773253
FAILED,,,595,2516,87,296,0.8386241373680531
FAILED,,,3529,329,45,523,0.2946848492305725
FAILED,,,4109,3791,65,42,0.1522675624266266
FAILED,,,2356,1603,5,768,0.7310488847661764
RUNNING,,,1291,4612,38,995,0.565913703046739
RUNNING,,,4549,2422,95,190,0.0531632347423583
RUNNING,,,2777,3414,15,749,0.3790531139485537
RUNNING,,,721,1228,54,445,0.9890211220812052
RUNNING,,,1241,4156,22,149,0.3550314609427004
RUNNING,,,2916,1341,61,907,0.7781485612317919
RUNNING,,,4761,2938,32,403,0.6666820242535322
RUNNING,,,1748,127,88,661,0.216519735019654
RUNNING,,,1953,3602,71,576,0.1136382048707455
RUNNING,,,3930,791,11,365,0.5055686491094529
RUNNING,,,3433,4897,81,821,0.924769525753334
RUNNING,,,99,2084,39,110,0.4434184464290737
RUNNING,,,273,4819,59,705,0.6949902256242931
RUNNING,,,3267,2006,23,479,0.1863807801436632
RUNNING,,,3786,3525,93,959,0.2586261900886893
RUNNING,,,2091,712,27,232,0.8727373550850896
RUNNING,,,1593,3018,10,6,0.9529586856141686
RUNNING,,,4908,204,72,810,0.413162554340437
RUNNING,,,3081,4232,44,252,0.0171007982753217
RUNNING,,,1084,1421,76,557,0.6000231434386223
RUNNING,,,862,3181,50,851,0.2428360777366906
FAILED,,,2634,992,82,93,0.6384202401116489
FAILED,,,4379,4376,3,598,0.8044649039488285
FAILED,,,1464,2190,66,340,0.3267696768008172
FAILED,,,2196,4025,99,426,0.469731011820957
FAILED,,,4272,1838,33,637,0.8965039642862975
FAILED,,,3679,2751,52,180,0.5318812145013361
FAILED,,,442,563,17,891,0.0853726434037089
FAILED,,,402,3372,56,79,0.2829777437429875
FAILED,,,3717,1182,13,852,0.8347431737147271
RUNNING,,,4233,4654,97,333,0.7193693805206566
RUNNING,,,2237,2468,35,607,0.1483551904633641
RUNNING,,,1425,3756,5,630,0.0570449122209101
RUNNING,,,4419,1570,64,435,0.5776239017769694
RUNNING,,,2594,2551,46,876,0.992932304335758
RUNNING,,,900,363,86,181,0.390730000834912
RUNNING,,,1044,4862,40,476,0.7664412178024649
RUNNING,,,3119,2051,80,718,0.3511507352311163
RUNNING,,,4871,3637,12,221,0.2048399928323924
RUNNING,,,1633,824,71,964,0.6627698902320117
FAILED,,,2053,2896,91,800,0.5094505645297467
FAILED,,,3826,81,29,11,0.1253481656592339
FAILED,,,3226,4198,63,554,0.4473298666253686
FAILED,,,312,1387,20,265,0.9364461746979504
FAILED,,,139,4277,78,922,0.1746677558552473
FAILED,,,3396,1463,42,148,0.69110381905362
FAILED,,,3969,2972,75,668,0.8610557391066103
FAILED,,,1912,162,7,395,0.2547121822759508
FAILED,,,1786,3559,27,372,0.4170463435519486
FAILED,,,4720,747,92,567,0.9646705201938748
FAILED,,,2956,4785,25,125,0.603940244494006
FAILED,,,1204,1972,58,820,0.0287831280790269
FAILED,,,762,2785,18,526,0.626707453764975
FAILED,,,2739,598,51,283,0.2389494332242756
FAILED,,,4586,3991,34,779,0.3150882987640797
FAILED,,,1251,1803,99,37,0.8005506581943482
FAILED,,,2393,4421,69,201,0.9003875155560672
FAILED,,,4069,2232,1,990,0.4814430843424051
FAILED,,,3570,3135,84,448,0.0892895065173506
FAILED,,,556,950,48,737,0.5435637822467833
RUNNING,,,483,4562,10,829,0.3936278877332806
RUNNING,,,3485,2375,72,103,0.972683199988678
RUNNING,,,4153,3347,38,583,0.5805127431713044
RUNNING,,,2469,1159,81,356,0.036786769805476
RUNNING,,,1345,2605,61,379,0.1355298982076346
RUNNING,,,4651,416,21,684,0.7457721341978758
RUNNING,,,2675,3897,89,126,0.8219240716621279
RUNNING,,,667,1712,30,931,0.3093866801876574
RUNNING,,,1119,3711,96,725,0.9082712495159356
RUNNING,,,2882,897,37,468,0.4578956455104052
RUNNING,,,4795,4983,55,972,0.0971784714777022
FAILED,,,1870,2173,15,214,0.5200215818509459
FAILED,,,1978,4086,45,50,0.6815056665111333
FAILED,,,4062,1274,88,761,0.1999415103569626
FAILED,,,3302,2890,4,303,0.3698765216749161
FAILED,,,75,77,66,514,0.7615327380560338
FAILED,,,219,3124,32,172,0.0026773591563105
FAILED,,,3164,312,100,899,0.6165752093810588
FAILED,,,3888,4321,17,418,0.9385737893395126
FAILED,,,2145,1508,53,644,0.429690353943035
FAILED,,,1706,4751,83,621,0.2752734327279031
FAILED,,,4952,1937,50,316,0.8579827010612934
FAILED,,,3037,3475,67,875,0.7116588867381214
FAILED,,,972,664,2,70,0.1715885276068002
FAILED,,,838,3977,74,275,0.5482871730607002
FAILED,,,2502,1788,9,533,0.0708659358285367
FAILED,,,4510,2682,76,30,0.4861612367201596
FAILED,,,1488,496,43,787,0.8819587138667702
FAILED,,,2318,3268,23,951,0.7897944924551993
FAILED,,,4306,1081,59,240,0.3435601492151618
RUNNING,,,3645,4484,26,697,0.2282032647561282
RUNNING,,,320,2297,94,486,0.6551892940513789
RUNNING,,,316,3276,35,261,0.5004628022648394
RUNNING,,,3651,1087,97,550,0.1163607677426189
RUNNING,,,4300,4481,14,14,0.4378644288778305
RUNNING,,,2322,2295,56,803,0.9269808782283216
RUNNING,,,1492,3974,86,968,0.7735387708693742
RUNNING,,,4504,1787,46,226,0.3582479239497333
RUNNING,,,2508,2690,64,714,0.2124190284498035
RUNNING,,,834,502,5,472,0.6703487845715134
RUNNING,,,973,4762,71,184,0.0480650020334869
RUNNING,,,3028,1950,12,880,0.5686438800543546
RUNNING,,,4961,3459,80,431,0.9834594903942196
RUNNING,,,1704,646,40,626,0.381256852287799
RUNNING,,,2143,3108,20,603,0.2900674447324126
RUNNING,,,3897,294,62,329,0.8418329862393438
RUNNING,,,3156,4332,29,856,0.726955792332068
RUNNING,,,221,1521,91,83,0.1559419368803501
RUNNING,,,74,4099,7,740,0.892867660511285
RUNNING,,,3310,1285,75,451,0.4739230880197137
FAILED,,,4054,2872,42,986,0.0822475500255823
FAILED,,,1979,61,78,197,0.5365214614067226
FAILED,,,1871,3693,58,33,0.6362393441796302
FAILED,,,4787,881,24,775,0.2484814649168402
FAILED,,,2891,4997,93,288,0.3241384835578501
FAILED,,,1118,2184,27,530,0.8096012073364108
FAILED,,,671,2611,99,816,0.4095186364296823
FAILED,,,2669,425,33,121,0.9571431476771832
FAILED,,,4657,3896,51,571,0.5969056641962379
FAILED,,,1341,1708,18,375,0.0217486593164503
FAILED,,,517,208,24,976,0.5196502997875213
FAILED,,,3969,4625,83,116,0.2584090821910649
FAILED,,,3026,2041,44,625,0.1672285844385623
RUNNING,,,1478,2777,53,483,0.9275940150599926
FAILED,,,1946,1457,96,301,0.8594784288760274
RUNNING,,,3494,3377,12,659,0.1071221247240901
RUNNING,,,4435,790,64,168,0.4517010599765926
RUNNING,,,982,4028,29,808,0.7049331566803158
FAILED,,,822,2222,70,736,0.3169986642301082
RUNNING,,,4909,2967,36,345,0.5858259478788823
RUNNING,,,3331,379,90,853,0.99375205174461
FAILED,,,2419,4787,6,243,0.2258053232003003
RUNNING,,,1641,970,50,38,0.0329387926850467
FAILED,,,2554,4219,60,927,0.8088965363614261
RUNNING,,,4129,1627,17,436,0.6543688699956983
FAILED,,,42,3538,77,544,0.3775305712148547
RUNNING,,,169,1791,32,141,0.8861727615687996
FAILED,,,4255,3711,73,752,0.1414020327143371
FAILED,,,2657,1120,3,259,0.2998284321483224
RUNNING,,,1744,4358,93,650,0.5454787606224417
RUNNING,,,2217,542,63,568,0.7268622226715087
RUNNING,,,3129,4960,47,459,0.4892229242008179
FAILED,,,4726,2371,80,966,0.0851949622668325
FAILED,,,638,3107,14,77,0.8219546611178666
FAILED,,,1113,636,86,381,0.2155706142242997
RUNNING,,,4566,3885,21,523,0.9367389480695127
FAILED,,,3602,1298,57,30,0.5960587533209472
RUNNING,,,2054,3208,41,890,0.374013671439141
RUNNING,,,1271,1888,9,831,0.4306480926908552
RUNNING,,,2819,2633,99,192,0.6607022861707955
RUNNING,,,3781,49,26,698,0.7557809184193611
RUNNING,,,329,4457,67,340,0.026603472976014
RUNNING,,,411,2145,89,89,0.6876375609021634
RUNNING,,,3862,2727,4,950,0.465592954903841
RUNNING,,,2899,297,71,441,0.1239228035379201
RUNNING,,,1351,4560,37,582,0.845091613266617
RUNNING,,,2131,896,19,639,0.9097960592024028
RUNNING,,,3679,3976,79,281,0.1806181378755718
RUNNING,,,4640,1548,49,772,0.2766867267414927
RUNNING,,,1188,3309,58,133,0.5067404443379491
RUNNING,,,715,448,42,325,0.3914072434473782
RUNNING,,,4803,4702,52,717,0.6370580478049814
RUNNING,,,3204,2267,25,208,0.7945249471645802
RUNNING,,,2291,2859,85,819,0.0497546941936016
RUNNING,,,1826,1699,65,899,0.2392100993320345
FAILED,,,2739,3451,31,9,0.9759693222995848
RUNNING,,,4335,1018,95,501,0.572900860439986
RUNNING,,,248,4108,10,392,0.3352610860858112
RUNNING,,,119,1191,55,795,0.8358312757238746
FAILED,,,4206,4271,39,185,0.0678840712960809
RUNNING,,,2629,1839,88,678,0.4748513889126479
RUNNING,,,1715,3600,22,286,0.7436781966779381
RUNNING,,,2500,2440,28,494,0.5588835943806916
RUNNING,,,3413,3022,68,602,0.2820457714833319
RUNNING,,,4989,587,7,95,0.1284768913667649
RUNNING,,,902,4851,98,985,0.904435110926628
FAILED,,,1064,1404,1,559,0.0093078121356666
RUNNING,,,4516,3156,92,417,0.7696727668736129
RUNNING,,,3573,727,34,911,0.6775030263289809
RUNNING,,,2025,3817,74,50,0.416261327272281
RUNNING,,,1555,153,82,234,0.3562157806437462
RUNNING,,,3103,4407,16,874,0.6094483532309533
RUNNING,,,4044,1976,61,367,0.9550165312755852
RUNNING,,,592,2568,46,725,0.2026607030071318
RUNNING,,,559,1492,59,413,0.4548914051596075
RUNNING,,,4021,3322,50,555,0.7002962000630795
RUNNING,,,3047,913,76,62,0.8577500126268714
RUNNING,,,1510,3925,17,922,0.1132210102751851
FAILED,,,1982,241,36,862,0.1776827556341886
RUNNING,,,3520,4573,71,222,0.9146880475413052
RUNNING,,,4491,2162,6,729,0.5116326724775135
FAILED,,,1029,2676,91,371,0.273751588018611
RUNNING,,,879,1084,13,173,0.6263565166499465
RUNNING,,,4956,4086,97,783,0.4040658565834164
FAILED,,,3368,1673,30,290,0.0624130749646574
RUNNING,,,2445,3512,64,682,0.7838231799267232
RUNNING,,,1662,2333,82,599,0.9730339809544384
RUNNING,,,2585,2837,23,490,0.2441020542103797
RUNNING,,,4171,422,53,997,0.3401532733291387
RUNNING,,,94,4764,43,107,0.5699657551776617
RUNNING,,,283,575,100,705,0.0727762696929275
RUNNING,,,4360,4907,10,314,0.8328961667437105
RUNNING,,,2792,2492,68,823,0.7407428441792726
RUNNING,,,1869,3006,27,212,0.4797433475088327
RUNNING,,,2337,1826,20,6,0.2947041411008685
RUNNING,,,3260,3656,85,895,0.5481818308606744
RUNNING,,,4825,1243,40,404,0.8937335909251123
RUNNING,,,748,4255,56,513,0.1411355007849633
RUNNING,,,1213,1999,46,945,0.7745649838596582
RUNNING,,,4675,2503,62,85,0.0063726771306246
RUNNING,,,3722,92,13,594,0.413325956184417
RUNNING,,,2184,4434,79,452,0.6823950109500438
RUNNING,,,1407,750,74,269,0.6221067637447267
RUNNING,,,2944,3752,33,628,0.3455139836631715
RUNNING,,,3895,1343,94,136,0.1919591421093791
RUNNING,,,433,3182,3,776,0.9676751741543412
RUNNING,,,353,842,31,527,0.2554660932496189
RUNNING,,,3816,4012,66,386,0.5245346721317617
RUNNING,,,2863,1444,11,879,0.9324786216281354
RUNNING,,,1325,3433,96,18,0.1642858390156179
RUNNING,,,2109,2093,51,203,0.0964129534084349
RUNNING,,,3648,2760,42,843,0.8721294613368809
RUNNING,,,4598,195,84,336,0.7175839493405073
RUNNING,,,1136,4682,25,695,0.440991645142436
RUNNING,,,673,1566,78,763,0.5828829849623143
FAILED,,,4750,3565,18,153,0.3218830124083906
RUNNING,,,3183,993,57,646,0.230689903743565
RUNNING,,,2260,4153,48,255,0.9908093249108642
FAILED,,,1790,317,5,463,0.7981873985063284
RUNNING,,,2713,4813,89,571,0.0455897842496633
RUNNING,,,4278,2244,38,65,0.3901813304144889
FAILED,,,201,2902,72,954,0.6436594960577786
RUNNING,,,20,2388,15,356,0.154052795631811
FAILED,,,4097,3056,81,748,0.8754633764773607
RUNNING,,,2508,486,45,239,0.5347696190495043
RUNNING,,,1586,4972,60,849,0.3124794348664581
FAILED,,,2365,1137,93,931,0.4941075010262429
RUNNING,,,3288,4307,2,41,0.723919506991282
RUNNING,,,4874,1735,75,532,0.8190117019191384
RUNNING,,,797,3724,35,424,0.0900792992915958
FAILED,,,950,22,69,120,0.9493897370118648
FAILED,,,4412,4518,28,980,0.2048612105436622
FAILED,,,3438,1953,99,472,0.3633045038413256
RUNNING,,,1900,2611,8,613,0.6087097746282815
RUNNING,,,1435,1271,39,671,0.665586896456778
FAILED,,,2973,3269,54,313,0.4277053361143917
RUNNING,,,3944,702,22,804,0.0236604803167283
RUNNING,,,482,3862,87,164,0.7606652963403612
FAILED,,,497,2302,40,859,0.1147861083317548
RUNNING,,,3910,2882,55,250,0.8517918445207178
RUNNING,,,3008,454,19,741,0.6972620366793126
RUNNING,,,1420,4716,85,352,0.4593795524537563
RUNNING,,,1886,1051,67,432,0.266331234447658
RUNNING,,,3472,4134,27,543,0.5117355255838483
RUNNING,,,4378,1703,100,34,0.9196637709252536
RUNNING,,,964,3467,9,925,0.1751362278256565
RUNNING,,,802,293,94,619,0.7853882519584148
RUNNING,,,4850,4545,3,479,0.0564549254477024
RUNNING,,,3312,2112,73,970,0.4010317192245274
RUNNING,,,2361,2702,33,112,0.6308446453548968
RUNNING,,,1580,1542,13,169,0.5625453681461513
RUNNING,,,2533,3296,79,810,0.3402561673317104
RUNNING,,,4072,861,46,302,0.2490778110548853
RUNNING,,,25,3953,62,662,0.9704874122496692
RUNNING,,,226,721,6,26,0.4813079083375632
RUNNING,,,4273,3804,90,884,0.7347850943300873
RUNNING,,,2718,1369,36,377,0.8298615851029753
FAILED,,,1765,3133,70,517,0.0772649542149156
RUNNING,,,2235,1973,76,701,0.1337156844418495
RUNNING,,,3187,2552,16,341,0.8938360257744788
RUNNING,,,4746,120,59,834,0.5531579725015908
RUNNING,,,698,4381,49,192,0.2921570760644972
RUNNING,,,1170,1872,52,266,0.6839595457538962
RUNNING,,,4583,3626,43,655,0.4073682249244302
RUNNING,,,3662,1195,82,148,0.0033381215147674
FAILED,,,2075,4287,23,757,0.7790536497924477
RUNNING,,,1290,623,30,964,0.96025532435067
RUNNING,,,2878,4875,64,73,0.1920616178549826
RUNNING,,,3801,2446,12,566,0.3504901587646454
RUNNING,,,388,3036,97,456,0.6195596578121185
RUNNING,,,467,363,75,207,0.1573608727157115
FAILED,,,3880,4783,34,815,0.933075925109908
RUNNING,,,2959,2196,92,324,0.5300057976581156
RUNNING,,,1372,2935,2,714,0.2534140009451657
FAILED,,,2150,1614,44,508,0.4420765841994434
FAILED,,,3737,3532,60,398,0.7111465591304003
RUNNING,,,4660,947,15,907,0.8686151240821927
FAILED,,,1247,4183,80,15,0.1004218934699892
RUNNING,,,772,2064,21,443,0.9838843400217592
RUNNING,,,4820,2813,87,583,0.2312872332502156
FAILED,,,3264,221,38,91,0.3273541565239429
FAILED,,,2312,4632,54,950,0.5808308666329831
RUNNING,,,1844,815,98,768,0.6447443942185491
RUNNING,,,2797,4061,8,126,0.3837439736649393
RUNNING,,,4355,1472,69,635,0.0420754878912121
RUNNING,,,307,3380,28,275,0.8021963051073253
RUNNING,,,99,1323,84,911,0.3055540540274232
RUNNING,,,4147,3241,24,52,0.5353674560412764
RUNNING,,,2610,652,51,559,0.8809339684937149
RUNNING,,,1657,3888,41,420,0.1520011178664863
RUNNING,,,2440,72,11,361,0.0911646528877317
RUNNING,,,3392,4492,95,721,0.8125737781990319
RUNNING,,,4932,1901,31,228,0.7204057032465934
RUNNING,,,884,2639,66,869,0.4981160265486687
RUNNING,,,1044,1106,37,675,0.6017843752000481
RUNNING,,,4457,4352,72,285,0.3639023668579757
RUNNING,,,3554,1768,5,792,0.2103318211492151
FAILED,,,1968,3675,89,183,0.947338033221662
FAILED,,,1495,2355,57,101,0.7617506090402602
RUNNING,,,3082,3103,47,993,0.0172225900571793
RUNNING,,,3987,516,77,499,0.4241915732659399
RUNNING,,,574,4927,18,609,0.6695953885186463
RUNNING,,,616,999,80,297,0.9223667816780508
RUNNING,,,4039,4167,14,686,0.1700118772927671
RUNNING,,,3108,1602,63,179,0.2660647620037198
RUNNING,,,1531,3588,47,788,0.5192964144255965
RUNNING,,,2001,2248,2,996,0.708203601790592
RUNNING,,,3578,2918,93,105,0.4469609193652868
RUNNING,,,4511,351,32,598,0.1053064721543341
FAILED,,,1089,4839,73,487,0.8656724065430462
RUNNING,,,936,1411,26,57,0.2205780637934803
RUNNING,,,4974,3407,66,915,0.9965353631880132
RUNNING,,,3428,838,8,408,0.5934816537164151
RUNNING,,,2466,3996,99,548,0.3166447547022253
RUNNING,,,1681,160,56,733,0.3808009828645735
RUNNING,,,2643,4658,41,372,0.6496287702806293
FAILED,,,4192,2087,86,866,0.8070809172522276
RUNNING,,,153,2747,20,224,0.0391327294558286
RUNNING,,,263,1918,63,587,0.540252064468339
FAILED,,,4301,2588,29,447,0.3026113067455589
FAILED,,,2773,16,96,938,0.1490581307839602
RUNNING,,,1811,4505,12,80,0.885818333402276
FAILED,,,2276,669,44,138,0.8252245690003037
RUNNING,,,3238,3837,53,780,0.080455239912495
RUNNING,,,4768,1267,23,271,0.4874068533740937
RUNNING,,,730,3254,83,631,0.7330567375663668
FAILED,,,1193,490,17,827,0.3687869492601603
RUNNING,,,4615,4988,76,218,0.5988416465073823
FAILED,,,3703,2421,50,710,0.944395072164014
FAILED,,,2126,3081,59,320,0.2152161674685776
RUNNING,,,1346,1741,90,401,0.0298733473978936
RUNNING,,,2923,3737,5,512,0.7510412369612604
FAILED,,,3838,1172,70,3,0.6588862488046288
FAILED,,,415,4330,35,895,0.4368425666894763
FAILED,,,333,1647,7,644,0.8488564938809722
RUNNING,,,3756,3479,98,254,0.1196780650690197
RUNNING,,,2844,1068,27,761,0.4642717527095228
RUNNING,,,1267,4082,68,153,0.6943269258402288
RUNNING,,,2049,398,87,69,0.5010340037234127
RUNNING,,,3627,4728,22,961,0.2789898457247763
RUNNING,,,4541,2319,54,468,0.1877945955842733
RUNNING,,,1119,2831,39,578,0.9089620092641562
RUNNING,,,654,927,61,880,0.0535195562187582
RUNNING,,,4691,3931,45,22,0.7902802347205579
RUNNING,,,3164,1515,81,528,0.6357368641998618
RUNNING,,,2202,3357,16,389,0.3980965823605656
RUNNING,,,1729,2178,33,329,0.3295546045750379
RUNNING,,,2691,2679,74,689,0.575204012883827
RUNNING,,,4221,267,1,196,0.9831458209045232
RUNNING,,,183,4606,91,838,0.2383760159332305
RUNNING,,,76,108,48,475,0.7474434918314218
RUNNING,,,4115,4437,58,614,0.4706061169337481
RUNNING,,,2568,2024,19,123,0.0665634026117622
RUNNING,,,1607,2536,78,982,0.8425202261228114
RUNNING,,,2384,1356,71,799,0.8987282557729631
RUNNING,,,3346,3189,37,157,0.130780543860048
FAILED,,,4895,773,88,666,0.2892216956820338
FAILED,,,857,3787,4,305,0.5580499589815736
RUNNING,,,1007,2469,95,239,0.4200266038365662
FAILED,,,4429,2970,10,847,0.673257780374959
RUNNING,,,955,2129,69,459,0.7297483370304108
RUNNING,,,4000,2592,25,945,0.075264733210206
FAILED,,,3145,584,97,162,0.2994362037759274
FAILED,,,1815,4797,41,680,0.8954430443327874
FAILED,,,2392,902,7,618,0.7706745638810099
RUNNING,,,2627,3876,51,104,0.4241675151251256
RUNNING,,,4576,1856,29,759,0.2000191490743309
RUNNING,,,437,3581,85,276,0.6050025521311909
RUNNING,,,273,132,32,56,0.0597169357091188
RUNNING,,,4726,4667,76,542,0.6517646338790654
RUNNING,,,3083,2337,4,322,0.9733667936008424
RUNNING,,,1911,3122,60,839,0.3150458661299198
RUNNING,,,1394,1336,94,896,0.4398067417405545
RUNNING,,,3658,3363,50,383,0.8486278774105012
RUNNING,,,4209,1041,72,725,0.5269873737487942
RUNNING,,,848,4318,16,243,0.1844398837778717
RUNNING,,,778,1169,81,809,0.9145702756736428
RUNNING,,,4294,4131,37,291,0.2649599492345005
RUNNING,,,3593,1464,58,574,0.1109603239260613
RUNNING,,,1484,3177,2,88,0.7098912305496632
RUNNING,,,2139,2366,45,148,0.5851444529872387
RUNNING,,,2840,2839,89,630,0.2357138140480965
RUNNING,,,4949,160,18,475,0.3896902753561735
RUNNING,,,25,4385,74,989,0.7898008694797753
RUNNING,,,528,1593,21,710,0.3741311598215252
RUNNING,,,4510,3629,64,193,0.96130557317473
RUNNING,,,2712,638,42,913,0.6630940681956708
RUNNING,,,2320,3924,98,427,0.0018490746580064
RUNNING,,,1569,378,56,371,0.1265730005186051
RUNNING,,,3366,4905,12,854,0.5383177263718097
RUNNING,,,3759,1923,84,12,0.8365676347762346
RUNNING,,,1181,2701,28,525,0.4988929537385702
RUNNING,,,1170,498,5,979,0.6182584724668412
RUNNING,,,3906,4712,62,493,0.2182087914291769
RUNNING,,,3355,2038,34,652,0.4072714430503547
RUNNING,,,1716,2503,78,134,0.7566411689035594
RUNNING,,,2214,1791,71,70,0.8813956256639212
RUNNING,,,2760,3514,14,584,0.2825256321262568
RUNNING,,,4404,831,92,305,0.0934403221309185
RUNNING,,,575,3805,48,787,0.7429897354841232
RUNNING,,,134,2251,95,508,0.171382064813748
RUNNING,,,4899,3037,39,21,0.50911765893735
RUNNING,,,2949,41,67,867,0.865843847285956
RUNNING,,,2089,4578,24,350,0.4540382083468139
FAILED,,,1492,976,31,417,0.3292609296273439
RUNNING,,,3448,4251,87,930,0.9905668362509458
RUNNING,,,4302,1266,9,214,0.6338784862160682
RUNNING,,,633,3292,52,696,0.046643159776926
RUNNING,,,878,1529,44,255,0.8076867643296719
RUNNING,,,4081,3243,100,773,0.4027642743587493
RUNNING,,,3688,1238,22,114,0.2214985274802893
RUNNING,,,1266,4203,66,601,0.567944663150236
RUNNING,,,1998,247,82,666,0.6926750078611075
RUNNING,,,3015,4470,26,184,0.0967290803901851
RUNNING,,,4813,2456,54,963,0.2780175451282411
RUNNING,,,205,2929,10,449,0.9324402432981878
RUNNING,,,347,704,57,229,0.4807175878882408
RUNNING,,,4646,3990,1,746,0.8233259909451008
RUNNING,,,2537,1663,79,400,0.5523653978537768
RUNNING,,,2461,3700,36,886,0.1434833490978926
RUNNING,,,1787,2010,19,817,0.0187453698031604
RUNNING,,,3270,2785,75,335,0.6771272103600204
RUNNING,,,3972,469,47,552,0.9480499056521802
RUNNING,,,1080,4995,90,38,0.3559412943962961
RUNNING,,,1053,802,50,737,0.2090677110310643
RUNNING,,,3945,3775,93,219,0.6120412201937288
RUNNING,,,3238,1723,15,878,0.7621121131852268
RUNNING,,,1756,3446,71,392,0.4176154342070221
RUNNING,,,2487,2106,76,343,0.2928924471009522
RUNNING,,,2565,2571,33,826,0.8868893937636166
RUNNING,,,4677,527,61,47,0.7367801233716309
RUNNING,,,380,4741,5,561,0.0843068818934261
RUNNING,,,173,1315,52,781,0.5029008825477213
RUNNING,,,4782,3341,8,264,0.1622414602991193
RUNNING,,,2988,985,86,609,0.4643817236199975
RUNNING,,,1971,4261,30,124,0.8713143156841398
RUNNING,,,1297,31,24,175,0.9960601284671576
RUNNING,,,3721,4568,68,657,0.3396272687185555
RUNNING,,,4107,2202,40,441,0.0375101954229176
RUNNING,,,906,2988,97,954,0.6276693499870598
RUNNING,,,683,2466,13,29,0.3982455952353775
RUNNING,,,4355,2939,57,515,0.7963458195813
RUNNING,,,3493,296,28,356,0.5761030218470841
RUNNING,,,1540,4518,84,874,0.2286822768021374
RUNNING,,,2037,1189,63,924,0.103920462436974
RUNNING,,,2898,4154,20,410,0.7008409992828964
RUNNING,,,4852,1520,98,689,0.9211221149321644
RUNNING,,,88,3234,42,207,0.2735216823872178
FAILED,,,621,400,88,487,0.811984570313245
RUNNING,,,4451,4927,45,973,0.476198432881385
RUNNING,,,2811,1980,73,127,0.1506675743032246
RUNNING,,,2266,2756,16,644,0.5605242324341088
RUNNING,,,1670,1693,38,591,0.6852936776652933
RUNNING,,,3309,3730,81,78,0.0259372277334332
RUNNING,,,3855,772,3,794,0.3514449557717889
RUNNING,,,1120,4059,60,311,0.9367313014026732
RUNNING,,,1228,1807,87,201,0.0707455633319914
RUNNING,,,3804,3532,31,719,0.7184069089628756
RUNNING,,,3418,892,54,436,0.9036018937844784
RUNNING,,,1619,3866,10,922,0.3066204438526183
RUNNING,,,2274,593,39,845,0.4313593581840395
RUNNING,,,2666,4807,95,362,0.7788410163149238
RUNNING,,,4459,2178,22,517,0.5936839627530425
RUNNING,,,476,2641,66,3,0.1955228253211826
RUNNING,,,77,1070,13,282,0.6404236742593347
RUNNING,,,4999,4347,69,799,0.0551982417143881
RUNNING,,,2887,1405,48,79,0.3222296303231269
RUNNING,,,2184,3431,92,566,0.9815251671690493
RUNNING,,,1433,2268,63,638,0.8567938539609313
RUNNING,,,3541,3054,7,156,0.4469981089159846
RUNNING,,,4248,103,78,998,0.1799440359082072
RUNNING,,,731,4638,34,485,0.5156692602541297
RUNNING,,,817,229,74,536,0.2558193595912307
RUNNING,,,4177,4454,18,49,0.908353514155373
RUNNING,,,3632,2395,90,832,0.715361684076488
RUNNING,,,1367,2869,46,314,0.1213038243278861
RUNNING,,,1944,1434,2,390,0.2460801680106669
RUNNING,,,3113,3148,58,904,0.5906377600748091
RUNNING,,,4754,1100,36,249,0.7835917183794081
RUNNING,,,299,4063,80,731,0.3805572961308061
RUNNING,,,410,1913,27,952,0.9550883357729762
RUNNING,,,4549,2691,83,466,0.3649900942947715
RUNNING,,,2595,329,11,686,0.012193050943315
RUNNING,,,2359,4856,55,169,0.6685649976059794
RUNNING,,,1842,687,100,98,0.5438115093428642
RUNNING,,,3171,3973,43,612,0.1369398303646594
RUNNING,,,4032,1603,65,270,0.489759498629719
RUNNING,,,986,3638,21,751,0.8303580077923834
FAILED,,,999,66,98,328,0.4218165540508925
FAILED,,,4048,4592,41,841,0.7575988546721637
FAILED,,,3184,2237,64,61,0.6152867288235575
FAILED,,,1858,3012,20,544,0.2054338480178266
RUNNING,,,2375,1280,29,723,0.0806958947479724
RUNNING,,,2609,3317,85,237,0.7400485078692435
RUNNING,,,4565,951,12,894,0.8823227954041212
RUNNING,,,424,4237,56,377,0.2970402270983904
RUNNING,,,275,2053,3,160,0.8667096280567347
RUNNING,,,4728,2527,59,674,0.4686132405214011
FAILED,,,3090,474,38,457,0.1586990264002233
RUNNING,,,1918,4697,82,939,0.5061159941200167
RUNNING,,,1341,855,73,765,0.6308463053703308
RUNNING,,,3608,3820,17,279,0.0339296053349971
RUNNING,,,4151,1776,88,624,0.3438664778303354
RUNNING,,,793,3490,44,106,0.9914631330501288
RUNNING,,,708,1649,61,907,0.23211432803981
RUNNING,,,4222,3675,5,425,0.5727699134778231
RUNNING,,,3518,729,77,704,0.8008476940691471
RUNNING,,,1407,4005,33,191,0.3939188793301582
RUNNING,,,2159,444,15,14,0.2691416340712458
RUNNING,,,2864,4981,71,531,0.9255706570092588
