Status,ACCURACY,RUNTIME,recent_samples_size,feature_id,batch_size,divergence,detect_batch,statistic,significance,subsets
COMPLETED,0.1,137.0,2036,11,3837,H,1.0,stdev,0.865809730529785,46
COMPLETED,0.11,174.0,2744,25,1912,KL,3.0,tstat,0.4245351444110274,55
COMPLETED,0.16,111.0,3795,0,2514,H,2.0,tstat,0.6119363046158105,100
COMPLETED,0.1199999999999999,306.0,744,14,724,KL,1.0,stdev,0.1794622289761901,1
COMPLETED,0.14,209.0,131,4,1333,KL,1.0,stdev,0.7114958538897335,84
COMPLETED,0.1,163.0,4433,18,4406,H,3.0,tstat,0.0290496962573379,17
COMPLETED,0.1,148.0,3376,7,18,KL,3.0,tstat,0.9644480911381542,37
COMPLETED,0.1,140.0,1417,20,3229,H,2.0,stdev,0.2751506389882415,64
COMPLETED,0.13,144.0,1673,1,479,H,3.0,stdev,0.6692702271863818,76
COMPLETED,0.1,144.0,3475,15,3696,KL,2.0,tstat,0.1027578558493405,25
COMPLETED,0.1199999999999999,178.0,4998,12,1804,H,1.0,tstat,0.9133681763336062,29
COMPLETED,0.2099999999999999,103.0,540,26,4882,KL,2.0,stdev,0.3576064887810498,72
COMPLETED,0.1,187.0,1156,8,2985,KL,3.0,stdev,0.7533694169726222,39
COMPLETED,0.11,219.0,4363,22,1199,H,1.0,tstat,0.4437118304558098,62
COMPLETED,0.1,139.0,2840,6,4299,KL,2.0,tstat,0.5062944597210735,91
COMPLETED,0.1,150.0,2288,19,2378,H,3.0,stdev,0.1917338456697761,10
COMPLETED,0.1,176.0,2361,5,3454,KL,1.0,tstat,0.4049725252259522,91
COMPLETED,0.1,136.0,3058,19,418,H,2.0,stdev,0.8388956679329275,10
COMPLETED,0.17,142.0,4115,9,4767,KL,3.0,stdev,0.1529859745372086,43
COMPLETED,0.13,201.0,1073,23,1597,H,1.0,tstat,0.5918140483126044,58
COMPLETED,0.1,133.0,437,11,948,H,2.0,tstat,0.0479384681470692,29
COMPLETED,0.1,159.0,4728,25,2915,KL,3.0,stdev,0.7396928974296897,72
COMPLETED,0.1,186.0,3676,2,2273,H,3.0,stdev,0.302780438710004,81
COMPLETED,0.11,185.0,1728,16,4100,KL,1.0,tstat,0.9837822806742041,20
COMPLETED,0.1,133.0,1353,7,2115,KL,2.0,tstat,0.0677842277809977,32
COMPLETED,0.11,176.0,3145,21,3937,H,1.0,stdev,0.6259705398250371,69
COMPLETED,0.16,300.0,4673,3,799,KL,1.0,stdev,0.3138918328806757,86
COMPLETED,0.1199999999999999,178.0,225,17,2761,H,3.0,tstat,0.8789313429761678,15
COMPLETED,0.1499999999999999,142.0,855,1,4618,H,3.0,tstat,0.4793516916837542,95
COMPLETED,0.1,140.0,4054,15,1443,KL,2.0,stdev,0.7953937403149903,6
COMPLETED,0.2099999999999999,107.0,4912,26,5000,KL,2.0,stdev,0.347735583175847,90
COMPLETED,0.1,174.0,3474,8,4943,KL,2.0,stdev,0.3702841977864732,89
COMPLETED,0.2099999999999999,115.0,1,26,5000,KL,2.0,stdev,0.3438835837975047,99
COMPLETED,0.2099999999999999,87.0,1567,26,4648,KL,2.0,stdev,0.4142720032488242,41
COMPLETED,0.22,116.0,78,26,4707,KL,2.0,stdev,0.4483242596649159,100
COMPLETED,0.2099999999999999,93.0,1,26,5000,KL,3.0,stdev,0.3192407317831056,87
COMPLETED,0.1,138.0,3622,20,4983,KL,2.0,stdev,0.3929451784696478,65
COMPLETED,0.1499999999999999,176.0,415,4,4465,KL,2.0,stdev,0.3690117194333163,47
COMPLETED,0.2099999999999999,118.0,4707,26,5000,KL,2.0,stdev,0.2898997932106217,100
COMPLETED,0.2099999999999999,94.0,233,26,5000,KL,2.0,stdev,0.3224670961855946,63
COMPLETED,0.2099999999999999,106.0,151,26,5000,KL,2.0,stdev,0.2535450805625525,100
COMPLETED,0.11,166.0,180,12,4999,KL,2.0,stdev,0.3528288010575865,97
COMPLETED,0.2099999999999999,121.0,815,26,5000,KL,2.0,stdev,0.4125219034152801,100
COMPLETED,0.17,99.0,1,0,5000,KL,2.0,stdev,0.2911670646440844,100
COMPLETED,0.2099999999999999,105.0,1,26,5000,KL,2.0,stdev,0.3949363031901798,77
COMPLETED,0.1499999999999999,150.0,1254,3,4904,KL,2.0,stdev,0.4538038356851464,68
COMPLETED,0.17,65.0,22,0,4965,KL,2.0,stdev,0.3504947882376225,32
COMPLETED,0.2099999999999999,88.0,4543,26,5000,KL,3.0,stdev,0.3113313458688313,96
COMPLETED,0.2099999999999999,115.0,1,26,5000,KL,2.0,stdev,0.388821208375676,100
COMPLETED,0.22,94.0,3709,26,4782,KL,3.0,stdev,0.3813854533873751,15
COMPLETED,0.11,203.0,834,25,4912,KL,2.0,stdev,0.4328792370466871,2
COMPLETED,0.1,147.0,1899,15,4984,KL,2.0,stdev,0.3751519330374399,64
COMPLETED,0.2099999999999999,94.0,2746,26,4831,KL,2.0,stdev,0.3437651586372523,46
COMPLETED,0.2099999999999999,92.0,207,26,4816,KL,2.0,stdev,0.3901222874535359,35
COMPLETED,0.2099999999999999,122.0,5000,26,5000,KL,2.0,stdev,0.3937568303365418,100
COMPLETED,0.2099999999999999,92.0,48,26,4796,KL,3.0,stdev,0.367615416234611,64
COMPLETED,0.2099999999999999,92.0,4887,26,4974,KL,2.0,stdev,0.4172872157098055,59
COMPLETED,0.2099999999999999,118.0,1,26,5000,KL,2.0,stdev,0.3031056952207946,100
COMPLETED,0.2099999999999999,108.0,56,26,5000,KL,2.0,stdev,0.481762093657708,100
COMPLETED,0.17,100.0,672,0,5000,KL,2.0,stdev,0.4196903379867781,100
COMPLETED,0.2099999999999999,188.0,5000,26,1,KL,2.0,tstat,0.001,3
COMPLETED,0.2099999999999999,90.0,5000,26,5000,H,3.0,tstat,0.001,61
COMPLETED,0.2099999999999999,118.0,5000,26,5000,KL,2.0,tstat,0.999,1
COMPLETED,0.22,105.0,1045,26,580,KL,1.0,stdev,0.5181183127847204,5
COMPLETED,0.2099999999999999,159.0,3805,26,1,H,3.0,stdev,0.999,71
COMPLETED,0.2099999999999999,105.0,609,26,5000,H,2.0,stdev,0.001,1
COMPLETED,0.22,110.0,1129,26,2610,H,1.0,tstat,0.001,97
COMPLETED,0.1799999999999999,79.0,4603,0,5000,KL,2.0,tstat,0.001,1
COMPLETED,0.23,108.0,3898,26,80,KL,2.0,stdev,0.999,1
COMPLETED,0.11,53.0,1562,0,4277,H,3.0,stdev,0.999,41
COMPLETED,0.2099999999999999,101.0,5000,26,3824,KL,3.0,tstat,0.999,67
COMPLETED,0.22,154.0,5000,26,5000,KL,1.0,tstat,0.999,1
COMPLETED,0.2099999999999999,92.0,5000,26,5000,KL,3.0,stdev,0.999,61
COMPLETED,0.16,61.0,2403,0,4569,KL,2.0,stdev,0.001,9
COMPLETED,0.22,131.0,4561,26,5000,H,1.0,stdev,0.999,100
COMPLETED,0.2099999999999999,168.0,5000,26,1,KL,3.0,tstat,0.001,76
COMPLETED,0.19,103.0,2510,0,785,KL,2.0,stdev,0.999,1
COMPLETED,0.2099999999999999,253.0,5000,26,1,H,3.0,tstat,0.999,100
COMPLETED,0.2099999999999999,551.0,362,26,1,H,2.0,tstat,0.999,20
COMPLETED,0.13,134.0,775,10,4752,KL,3.0,tstat,0.999,19
COMPLETED,0.2099999999999999,269.0,3972,26,1,H,3.0,stdev,0.001,77
COMPLETED,0.2099999999999999,270.0,1,26,1,KL,3.0,tstat,0.999,1
COMPLETED,0.2099999999999999,116.0,5000,26,5000,H,3.0,stdev,0.001,58
COMPLETED,0.22,136.0,5000,26,5000,H,1.0,tstat,0.001,1
COMPLETED,0.1799999999999999,79.0,3088,0,4666,H,2.0,stdev,0.001,3
COMPLETED,0.2099999999999999,164.0,5000,26,1,KL,3.0,stdev,0.999,100
COMPLETED,0.2099999999999999,108.0,5000,26,5000,H,2.0,tstat,0.001,1
COMPLETED,0.2099999999999999,358.0,750,26,1,H,2.0,stdev,0.001,17
COMPLETED,0.16,62.0,4099,0,4186,KL,2.0,tstat,0.999,23
COMPLETED,0.2099999999999999,84.0,233,26,4657,KL,3.0,tstat,0.001,61
COMPLETED,0.1499999999999999,61.0,4434,0,2726,KL,3.0,stdev,0.72404083893321,4
COMPLETED,0.16,69.0,3727,0,3627,H,2.0,stdev,0.001,64
COMPLETED,0.22,131.0,1746,26,4535,H,1.0,tstat,0.1366157397084556,100
COMPLETED,0.11,57.0,2035,0,3909,H,2.0,tstat,0.001,8
COMPLETED,0.22,78.0,3163,26,2709,H,3.0,stdev,0.999,100
COMPLETED,0.22,149.0,305,26,2461,KL,1.0,stdev,0.999,1
COMPLETED,0.2099999999999999,84.0,1732,26,5000,H,3.0,stdev,0.999,9
COMPLETED,0.16,67.0,3182,0,2709,KL,2.0,tstat,0.5497614718382963,42
COMPLETED,0.1499999999999999,159.0,4946,1,4894,KL,1.0,tstat,0.8375123921763701,17
COMPLETED,0.19,104.0,1376,0,3612,KL,1.0,stdev,0.8478000136829098,1
COMPLETED,0.1499999999999999,66.0,5000,0,2957,KL,3.0,stdev,0.4457590052073017,51
COMPLETED,0.1199999999999999,134.0,3514,1,4341,KL,3.0,stdev,0.999,8
COMPLETED,0.2099999999999999,84.0,3791,26,4554,H,3.0,tstat,0.999,100
COMPLETED,0.17,86.0,4280,0,4892,H,1.0,stdev,0.001,79
COMPLETED,0.19,106.0,1853,0,2596,KL,1.0,tstat,0.999,1
COMPLETED,0.1499999999999999,65.0,2022,0,2452,H,3.0,stdev,0.2495436586577434,1
COMPLETED,0.17,64.0,506,0,2286,KL,1.0,stdev,0.999,74
COMPLETED,0.17,70.0,4385,0,5000,KL,3.0,tstat,0.999,64
COMPLETED,0.16,62.0,966,0,4599,KL,3.0,tstat,0.999,1
COMPLETED,0.1499999999999999,128.0,4362,1,3091,KL,3.0,tstat,0.999,97
COMPLETED,0.11,114.0,1684,1,4009,KL,1.0,tstat,0.0834313480952945,55
COMPLETED,0.17,77.0,1,0,5000,H,3.0,stdev,0.001,82
COMPLETED,0.1799999999999999,143.0,2651,0,1,KL,3.0,tstat,0.999,32
COMPLETED,0.1499999999999999,138.0,4312,1,3977,KL,3.0,stdev,0.4190709733571396,38
COMPLETED,0.19,108.0,2571,0,2344,H,1.0,tstat,0.001,1
COMPLETED,0.1,154.0,2663,25,4476,H,1.0,tstat,0.001,91
COMPLETED,0.17,70.0,1477,0,3048,KL,1.0,tstat,0.999,46
COMPLETED,0.17,263.0,1466,1,1785,KL,1.0,tstat,0.8853120942432434,1
COMPLETED,0.16,58.0,2410,0,3785,KL,3.0,tstat,0.5370134982918094,38
COMPLETED,0.1799999999999999,64.0,3610,0,4569,H,1.0,tstat,0.6850783968919336,34
COMPLETED,0.17,70.0,1506,0,2710,H,1.0,stdev,0.9799181848949984,8
COMPLETED,0.1799999999999999,237.0,4800,0,634,KL,2.0,stdev,0.999,100
COMPLETED,0.2099999999999999,85.0,2748,26,5000,H,3.0,tstat,0.999,37
COMPLETED,0.17,66.0,3556,0,2541,H,1.0,stdev,0.999,58
COMPLETED,0.17,92.0,2669,0,2228,KL,1.0,stdev,0.001,62
COMPLETED,0.2099999999999999,84.0,656,26,3524,H,3.0,tstat,0.0939852496614371,100
COMPLETED,0.19,106.0,1,0,1620,H,1.0,stdev,0.001,1
COMPLETED,0.17,63.0,895,0,4827,H,1.0,tstat,0.001,60
COMPLETED,0.17,61.0,316,0,3820,KL,1.0,tstat,0.001,73
COMPLETED,0.19,106.0,1211,0,4864,H,1.0,tstat,0.999,1
COMPLETED,0.22,157.0,2809,26,2269,H,2.0,stdev,0.999,100
COMPLETED,0.11,52.0,3120,0,4282,KL,3.0,tstat,0.001,55
COMPLETED,0.22,115.0,3310,26,2428,KL,1.0,tstat,0.001,100
COMPLETED,0.1799999999999999,97.0,1,0,558,H,1.0,stdev,0.9868571198946208,62
COMPLETED,0.14,147.0,1142,10,89,KL,3.0,stdev,0.001,63
COMPLETED,0.1799999999999999,298.0,644,0,528,KL,2.0,stdev,0.001,100
COMPLETED,0.22,91.0,4009,26,1578,KL,3.0,stdev,0.001,1
COMPLETED,0.2,76.0,1903,26,3162,KL,3.0,tstat,0.001,100
COMPLETED,0.22,93.0,672,26,5000,H,1.0,stdev,0.999,22
COMPLETED,0.14,191.0,808,10,2046,H,3.0,stdev,0.001,62
COMPLETED,0.19,106.0,289,0,5000,H,1.0,tstat,0.001,1
COMPLETED,0.16,62.0,3038,0,2829,KL,3.0,tstat,0.999,100
COMPLETED,0.2099999999999999,97.0,2868,26,2791,KL,1.0,tstat,0.001,59
COMPLETED,0.17,91.0,4782,0,3189,H,1.0,stdev,0.999,100
COMPLETED,0.1799999999999999,100.0,2920,0,5000,H,1.0,tstat,0.999,100
COMPLETED,0.1799999999999999,152.0,659,9,2453,H,3.0,stdev,0.001,71
COMPLETED,0.14,148.0,3055,10,890,H,3.0,stdev,0.6745862333030632,70
COMPLETED,0.2,95.0,4511,26,3995,H,3.0,stdev,0.999,67
COMPLETED,0.2099999999999999,83.0,4004,26,3369,KL,3.0,tstat,0.001,30
COMPLETED,0.17,59.0,1457,0,3112,KL,1.0,stdev,0.9738488278648164,69
COMPLETED,0.16,70.0,1370,0,3724,H,2.0,tstat,0.7638125349993541,38
COMPLETED,0.11,52.0,1865,0,3092,KL,2.0,stdev,0.999,46
COMPLETED,0.2,74.0,3941,26,4352,H,3.0,stdev,0.999,100
COMPLETED,0.1799999999999999,98.0,2086,0,3189,KL,1.0,tstat,0.999,100
COMPLETED,0.1799999999999999,79.0,1,0,1108,H,2.0,stdev,0.999,1
COMPLETED,0.19,179.0,952,9,653,H,1.0,tstat,0.999,33
COMPLETED,0.22,88.0,1130,26,3586,H,3.0,stdev,0.999,41
COMPLETED,0.17,63.0,432,0,3269,H,1.0,tstat,0.999,44
COMPLETED,0.2099999999999999,92.0,5000,26,5000,H,2.0,stdev,0.999,24
COMPLETED,0.1799999999999999,69.0,4433,0,3861,KL,1.0,stdev,0.001,64
COMPLETED,0.22,108.0,4105,26,2888,KL,3.0,stdev,0.001,100
COMPLETED,0.1499999999999999,58.0,2602,0,4665,H,2.0,tstat,0.3167903679055472,50
COMPLETED,0.2099999999999999,107.0,2272,26,3056,KL,2.0,stdev,0.001,18
COMPLETED,0.22,85.0,1407,26,3284,H,3.0,tstat,0.999,100
COMPLETED,0.2,164.0,4515,9,247,H,3.0,tstat,0.999,100
COMPLETED,0.2,466.0,3156,9,686,KL,1.0,tstat,0.999,100
COMPLETED,0.2099999999999999,90.0,2145,26,5000,KL,3.0,tstat,0.7493810462402197,100
COMPLETED,0.22,81.0,4628,26,2818,KL,3.0,stdev,0.999,27
COMPLETED,0.22,151.0,5000,26,5000,KL,1.0,stdev,0.001,1
COMPLETED,0.22,86.0,392,26,2198,KL,3.0,stdev,0.999,62
COMPLETED,0.17,62.0,3987,0,2450,KL,1.0,stdev,0.999,41
COMPLETED,0.14,145.0,2376,9,4801,H,1.0,stdev,0.999,62
COMPLETED,0.16,98.0,1700,0,3626,KL,2.0,tstat,0.999,100
COMPLETED,0.2099999999999999,103.0,2573,26,3512,KL,2.0,tstat,0.001,1
COMPLETED,0.22,146.0,5000,26,5000,H,1.0,stdev,0.999,1
COMPLETED,0.2099999999999999,100.0,1,26,5000,H,2.0,stdev,0.999,48
COMPLETED,0.1799999999999999,79.0,4657,0,3774,H,1.0,tstat,0.0177770744860913,59
COMPLETED,0.1799999999999999,192.0,4767,9,1726,H,3.0,tstat,0.999,1
COMPLETED,0.1799999999999999,171.0,4933,9,223,H,3.0,stdev,0.999,1
COMPLETED,0.2099999999999999,87.0,17,26,3741,KL,2.0,tstat,0.001,66
COMPLETED,0.2099999999999999,85.0,5000,26,4245,KL,3.0,tstat,0.001,100
COMPLETED,0.1799999999999999,157.0,2927,9,100,H,3.0,tstat,0.0095409461706826,1
COMPLETED,0.22,111.0,1,26,2262,KL,3.0,stdev,0.999,1
COMPLETED,0.1799999999999999,60.0,4854,0,4093,KL,1.0,tstat,0.001,51
COMPLETED,0.22,108.0,5000,26,1726,KL,2.0,stdev,0.999,1
COMPLETED,0.2,182.0,2900,9,155,H,1.0,stdev,0.001,7
COMPLETED,0.19,188.0,4830,9,1845,H,3.0,stdev,0.999,1
COMPLETED,0.19,164.0,2881,9,72,H,3.0,stdev,0.001,1
COMPLETED,0.22,111.0,586,26,5000,H,1.0,stdev,0.001,60
COMPLETED,0.1799999999999999,80.0,673,0,342,H,3.0,tstat,0.999,1
COMPLETED,0.19,185.0,4197,9,3303,H,3.0,tstat,0.999,1
COMPLETED,0.2,201.0,4260,9,1960,H,2.0,stdev,0.999,1
COMPLETED,0.17,63.0,1,0,3646,H,1.0,stdev,0.999,52
COMPLETED,0.16,140.0,635,9,1481,H,3.0,tstat,0.001,1
COMPLETED,0.2099999999999999,95.0,2230,26,1042,KL,1.0,stdev,0.999,54
COMPLETED,0.2099999999999999,105.0,4424,26,4173,KL,2.0,tstat,0.001,63
COMPLETED,0.19,265.0,3405,9,1,H,2.0,stdev,0.999,1
COMPLETED,0.2099999999999999,85.0,1,26,4636,H,2.0,tstat,0.001,50
COMPLETED,0.2,234.0,476,9,2754,H,2.0,tstat,0.001,1
COMPLETED,0.2099999999999999,91.0,1,26,5000,H,3.0,stdev,0.999,100
COMPLETED,0.22,98.0,212,26,4805,H,3.0,tstat,0.1564413264959093,1
COMPLETED,0.2099999999999999,106.0,835,26,3157,H,1.0,stdev,0.999,72
COMPLETED,0.1799999999999999,79.0,3008,0,2848,KL,2.0,stdev,0.999,1
COMPLETED,0.2099999999999999,83.0,1,26,4560,H,3.0,tstat,0.2993808158385416,100
COMPLETED,0.1799999999999999,153.0,5000,0,1,H,2.0,tstat,0.999,1
COMPLETED,0.2099999999999999,80.0,1,26,3355,H,3.0,stdev,0.999,100
COMPLETED,0.2099999999999999,99.0,2130,26,1113,KL,2.0,stdev,0.999,73
COMPLETED,0.22,119.0,4009,26,1415,KL,1.0,stdev,0.001,63
COMPLETED,0.1799999999999999,134.0,5000,0,1,H,3.0,stdev,0.999,1
COMPLETED,0.2099999999999999,169.0,1,26,2366,H,1.0,stdev,0.001,100
COMPLETED,0.2099999999999999,86.0,783,26,3610,KL,3.0,stdev,0.999,100
COMPLETED,0.22,126.0,1,26,1738,KL,1.0,stdev,0.001,76
COMPLETED,0.11,52.0,4092,0,4843,KL,2.0,tstat,0.001,56
COMPLETED,0.2099999999999999,110.0,2952,26,5000,H,2.0,tstat,0.001,100
COMPLETED,0.2099999999999999,130.0,661,26,1505,KL,1.0,tstat,0.999,74
COMPLETED,0.1799999999999999,196.0,5000,0,1,H,2.0,tstat,0.001,1
COMPLETED,0.17,62.0,396,0,4775,KL,1.0,tstat,0.001,62
COMPLETED,0.22,101.0,3810,26,668,KL,1.0,tstat,0.999,32
COMPLETED,0.1799999999999999,140.0,4706,0,1,H,3.0,tstat,0.999,90
COMPLETED,0.16,176.0,2652,13,4714,H,3.0,tstat,0.999,98
COMPLETED,0.2099999999999999,113.0,616,26,3121,KL,1.0,stdev,0.001,84
COMPLETED,0.2099999999999999,90.0,3755,26,793,KL,1.0,tstat,0.001,33
COMPLETED,0.1799999999999999,140.0,5000,0,1,H,3.0,tstat,0.001,49
COMPLETED,0.17,64.0,1688,0,771,H,3.0,stdev,0.999,28
COMPLETED,0.14,168.0,3867,13,4370,KL,3.0,tstat,0.999,52
COMPLETED,0.13,58.0,2514,0,2140,H,2.0,stdev,0.999,36
COMPLETED,0.22,91.0,3815,26,2860,KL,3.0,stdev,0.001,29
COMPLETED,0.22,98.0,4188,26,5000,KL,1.0,stdev,0.999,63
COMPLETED,0.22,123.0,1481,26,4396,H,1.0,tstat,0.999,52
COMPLETED,0.1499999999999999,67.0,4214,0,2196,H,3.0,stdev,0.999,40
COMPLETED,0.1499999999999999,59.0,3159,0,1512,H,3.0,stdev,0.999,43
COMPLETED,0.2099999999999999,88.0,1,26,5000,KL,3.0,tstat,0.001,1
COMPLETED,0.2,75.0,280,26,3159,KL,3.0,tstat,0.001,72
COMPLETED,0.22,100.0,2607,26,2158,KL,2.0,stdev,0.999,46
COMPLETED,0.17,64.0,253,0,1856,H,3.0,tstat,0.999,23
COMPLETED,0.19,105.0,2970,0,661,H,1.0,stdev,0.999,1
COMPLETED,0.1499999999999999,60.0,69,0,2755,H,2.0,stdev,0.999,34
COMPLETED,0.22,128.0,2971,26,2228,KL,2.0,tstat,0.001,100
COMPLETED,0.1799999999999999,73.0,476,0,1112,H,3.0,tstat,0.999,24
COMPLETED,0.1499999999999999,64.0,1915,0,1512,H,2.0,stdev,0.999,41
COMPLETED,0.17,70.0,1,0,1854,H,1.0,stdev,0.999,29
COMPLETED,0.22,140.0,295,26,1560,KL,1.0,tstat,0.001,1
COMPLETED,0.1799999999999999,72.0,1200,0,1384,H,3.0,tstat,0.999,22
COMPLETED,0.2099999999999999,101.0,517,26,5000,H,2.0,tstat,0.999,39
COMPLETED,0.1799999999999999,193.0,1646,9,83,KL,3.0,tstat,0.001,1
COMPLETED,0.17,152.0,3233,9,1883,KL,3.0,tstat,0.001,22
COMPLETED,0.22,85.0,3088,26,2971,KL,2.0,stdev,0.999,50
COMPLETED,0.22,86.0,480,26,4342,H,1.0,stdev,0.999,51
COMPLETED,0.2,88.0,3250,26,3035,KL,1.0,stdev,0.999,76
COMPLETED,0.22,108.0,3792,26,3894,H,1.0,tstat,0.999,53
COMPLETED,0.17,65.0,4918,0,5000,H,1.0,stdev,0.999,50
COMPLETED,0.2099999999999999,885.0,2385,26,1,KL,2.0,stdev,0.001,25
COMPLETED,0.22,100.0,1625,26,1839,KL,2.0,stdev,0.4401350936592625,51
COMPLETED,0.22,108.0,4037,26,839,KL,1.0,tstat,0.5057011429186202,52
COMPLETED,0.23,137.0,4628,26,1836,KL,1.0,stdev,0.2511466187411216,1
COMPLETED,0.2099999999999999,91.0,2342,26,879,KL,1.0,stdev,0.7079317625627622,13
COMPLETED,0.1799999999999999,64.0,605,0,4643,H,1.0,stdev,0.5590006575947786,25
COMPLETED,0.22,103.0,770,26,3250,H,2.0,tstat,0.5760383511472512,1
COMPLETED,0.2,133.0,5000,26,900,H,1.0,tstat,0.002991879387738,91
COMPLETED,0.22,103.0,3968,26,1473,KL,2.0,stdev,0.540458145109692,1
COMPLETED,0.2099999999999999,85.0,1116,26,1499,KL,3.0,stdev,0.6044079864714021,22
COMPLETED,0.22,134.0,3129,26,1095,KL,1.0,stdev,0.6506194839806856,3
COMPLETED,0.2099999999999999,110.0,3790,26,2835,H,3.0,tstat,0.5580134460465104,92
COMPLETED,0.22,110.0,5000,26,2072,KL,1.0,stdev,0.001,7
COMPLETED,0.2099999999999999,89.0,4831,26,3495,KL,3.0,tstat,0.45932274535533,67
COMPLETED,0.22,140.0,1209,26,3349,KL,2.0,tstat,0.5091388469021508,100
COMPLETED,0.22,119.0,4802,26,2049,KL,1.0,stdev,0.2108159341840668,75
COMPLETED,0.22,183.0,3372,26,1967,KL,1.0,stdev,0.4783735818219033,100
COMPLETED,0.23,167.0,1329,26,2012,KL,1.0,stdev,0.3527230635522901,1
COMPLETED,0.2099999999999999,155.0,5000,26,1354,H,1.0,tstat,0.2551852753923294,100
COMPLETED,0.22,105.0,4299,26,686,KL,2.0,tstat,0.4884333668790057,1
COMPLETED,0.22,281.0,4736,26,709,KL,1.0,tstat,0.5534252546102308,90
COMPLETED,0.2099999999999999,95.0,2870,26,4897,H,3.0,stdev,0.6218132687441069,62
COMPLETED,0.22,115.0,49,26,2436,H,2.0,tstat,0.4743630674456927,1
COMPLETED,0.2099999999999999,197.0,2014,26,1351,KL,1.0,stdev,0.552948056747387,98
COMPLETED,0.22,114.0,4931,26,1314,KL,1.0,stdev,0.5390381446732228,24
COMPLETED,0.2099999999999999,85.0,2923,26,1444,KL,3.0,stdev,0.4697497454954818,90
COMPLETED,0.1799999999999999,78.0,3517,0,1987,H,1.0,stdev,0.58280680266132,60
COMPLETED,0.19,134.0,4244,0,3920,H,1.0,stdev,0.4906578052625237,1
COMPLETED,0.19,118.0,1,0,3174,KL,1.0,stdev,0.1410552437681242,1
COMPLETED,0.22,113.0,1616,26,2009,H,3.0,tstat,0.65006899489969,100
COMPLETED,0.22,97.0,5000,26,1082,H,2.0,tstat,0.001,16
COMPLETED,0.2099999999999999,83.0,3603,26,4160,KL,2.0,stdev,0.001,43
COMPLETED,0.22,92.0,658,26,2310,H,2.0,tstat,0.1009930959763029,44
COMPLETED,0.22,81.0,1334,26,2805,KL,2.0,stdev,0.6134922700242094,36
COMPLETED,0.22,82.0,2935,26,2842,H,2.0,stdev,0.4022839113322935,17
COMPLETED,0.2099999999999999,88.0,1320,26,2137,KL,1.0,tstat,0.6817714280721292,12
COMPLETED,0.22,86.0,2903,26,2127,KL,2.0,tstat,0.3490830280649069,17
COMPLETED,0.23,139.0,593,26,1078,KL,1.0,tstat,0.5146572565187782,1
COMPLETED,0.22,102.0,4223,26,2743,KL,2.0,stdev,0.7198357470077325,89
COMPLETED,0.2099999999999999,92.0,3683,26,2692,KL,1.0,tstat,0.9423720444325708,16
COMPLETED,0.2099999999999999,105.0,1350,26,3646,H,2.0,stdev,0.001,64
COMPLETED,0.22,94.0,4606,26,4747,KL,2.0,stdev,0.9879963119310564,67
COMPLETED,0.23,137.0,1175,26,301,KL,1.0,tstat,0.4694992831349128,1
COMPLETED,0.22,105.0,3716,26,2615,H,2.0,stdev,0.4219830704785492,1
COMPLETED,0.23,131.0,308,26,82,H,1.0,tstat,0.3479957777176205,3
COMPLETED,0.22,89.0,4064,26,2794,H,3.0,stdev,0.4919496671819846,1
COMPLETED,0.17,70.0,1933,0,4922,H,1.0,stdev,0.5698767977447265,83
COMPLETED,0.22,89.0,4927,26,3184,H,2.0,stdev,0.603496428820492,24
COMPLETED,0.17,65.0,1476,0,5000,KL,1.0,stdev,0.4867737971738935,71
COMPLETED,0.22,99.0,2088,26,3332,H,1.0,tstat,0.4764385348367962,11
COMPLETED,0.2099999999999999,93.0,3930,26,5000,KL,3.0,tstat,0.6243895165740747,1
COMPLETED,0.22,93.0,4037,26,3711,KL,1.0,tstat,0.5774047739890191,47
COMPLETED,0.2099999999999999,94.0,181,26,2647,H,3.0,stdev,0.157993794406291,1
COMPLETED,0.22,103.0,1669,26,2891,H,2.0,stdev,0.4232604232963719,85
COMPLETED,0.1799999999999999,94.0,2416,0,1174,H,1.0,tstat,0.626036251793739,69
COMPLETED,0.23,138.0,819,26,1471,H,1.0,tstat,0.1527860633891443,2
COMPLETED,0.22,93.0,2138,26,2767,KL,1.0,tstat,0.5515881772089222,29
COMPLETED,0.22,106.0,1890,26,3565,H,2.0,stdev,0.3645489902097087,58
COMPLETED,0.22,137.0,2808,26,1940,H,1.0,tstat,0.5757549910116228,1
COMPLETED,0.22,100.0,2863,26,112,H,1.0,stdev,0.77316537460646,31
COMPLETED,0.22,101.0,4073,26,4360,H,1.0,stdev,0.542750729521208,53
COMPLETED,0.2099999999999999,88.0,1001,26,3252,KL,3.0,stdev,0.431406105892584,43
COMPLETED,0.2099999999999999,91.0,2652,26,1090,H,3.0,stdev,0.4129438916073491,40
COMPLETED,0.2099999999999999,86.0,2956,26,2625,H,3.0,tstat,0.999,45
COMPLETED,0.2099999999999999,86.0,4465,26,1428,KL,3.0,stdev,0.3496717923525415,46
COMPLETED,0.2099999999999999,76.0,1414,26,3534,H,3.0,tstat,0.001,27
COMPLETED,0.2099999999999999,90.0,3150,26,3401,KL,3.0,tstat,0.6472241460070131,1
COMPLETED,0.1799999999999999,67.0,893,0,4597,H,1.0,stdev,0.8510930048910696,77
COMPLETED,0.1799999999999999,67.0,1090,0,2204,H,1.0,tstat,0.6754784650751245,20
COMPLETED,0.22,91.0,1519,26,194,KL,2.0,stdev,0.7414531668711731,13
COMPLETED,0.1799999999999999,74.0,1521,0,2079,KL,1.0,stdev,0.4965698028896423,31
COMPLETED,0.22,97.0,4930,26,3855,KL,1.0,stdev,0.6500079178087897,16
COMPLETED,0.22,89.0,1571,26,1631,H,3.0,stdev,0.1863293119733198,42
COMPLETED,0.2099999999999999,85.0,1752,26,3783,H,3.0,tstat,0.001,1
COMPLETED,0.2099999999999999,87.0,4749,26,461,KL,3.0,stdev,0.7236185331974306,39
COMPLETED,0.22,89.0,2538,26,1564,KL,3.0,tstat,0.999,16
COMPLETED,0.1799999999999999,70.0,816,0,4747,KL,1.0,tstat,0.5119482131090781,46
COMPLETED,0.1799999999999999,73.0,979,0,2570,H,1.0,stdev,0.0457742595745193,51
COMPLETED,0.19,106.0,3904,0,3922,H,1.0,tstat,0.3506337511085682,1
COMPLETED,0.17,67.0,668,0,2869,H,3.0,tstat,0.9665691589516624,1
COMPLETED,0.2099999999999999,93.0,3538,26,3614,KL,3.0,stdev,0.644917995946955,23
COMPLETED,0.23,169.0,3781,26,4015,H,1.0,stdev,0.2257358582445768,1
COMPLETED,0.22,91.0,2580,26,1649,KL,2.0,tstat,0.999,8
COMPLETED,0.1799999999999999,75.0,2835,0,898,H,3.0,stdev,0.6140638523999221,22
COMPLETED,0.16,59.0,1983,0,2883,KL,3.0,tstat,0.8278626249843432,55
COMPLETED,0.16,59.0,4053,0,3096,KL,1.0,tstat,0.0803602452707727,26
COMPLETED,0.2099999999999999,84.0,4772,26,1663,H,3.0,stdev,0.3350606470039182,65
COMPLETED,0.17,102.0,1666,0,2215,H,1.0,tstat,0.999,73
COMPLETED,0.19,104.0,4873,0,1457,H,1.0,stdev,0.5054069196973608,1
COMPLETED,0.16,63.0,290,0,4128,H,3.0,stdev,0.2697515455601636,80
COMPLETED,0.22,88.0,4899,26,3555,KL,1.0,stdev,0.3551301084665064,36
COMPLETED,0.22,84.0,4176,26,3798,H,3.0,tstat,0.399627730602796,47
COMPLETED,0.2099999999999999,99.0,1783,26,338,KL,1.0,stdev,0.8310906655199493,33
COMPLETED,0.1799999999999999,60.0,3633,0,4584,KL,1.0,stdev,0.8126989572456901,44
COMPLETED,0.2099999999999999,88.0,406,26,4718,KL,3.0,tstat,0.5975262835879797,50
COMPLETED,0.2,79.0,648,26,912,KL,3.0,stdev,0.999,36
COMPLETED,0.17,66.0,4955,0,2780,KL,1.0,tstat,0.1764853226078806,81
COMPLETED,0.17,70.0,2327,0,1241,H,3.0,tstat,0.6878547971309031,1
COMPLETED,0.16,58.0,2607,0,2606,KL,1.0,stdev,0.7273571003619346,52
COMPLETED,0.22,105.0,1352,26,366,H,1.0,stdev,0.5239831240145577,29
COMPLETED,0.2099999999999999,89.0,4679,26,2567,H,3.0,stdev,0.6457481694907447,47
COMPLETED,0.2099999999999999,91.0,440,26,755,KL,3.0,tstat,0.2896872820990134,34
COMPLETED,0.22,88.0,2826,26,1357,KL,3.0,tstat,0.2947068321340159,37
COMPLETED,0.23,146.0,1948,26,680,H,1.0,stdev,0.5021102631792883,1
COMPLETED,0.16,66.0,1727,0,4496,H,3.0,tstat,0.9836750429622904,51
COMPLETED,0.1499999999999999,61.0,39,0,2214,H,3.0,stdev,0.6014557289122461,25
COMPLETED,0.1199999999999999,55.0,2888,0,2610,KL,3.0,stdev,0.7440679141418804,97
COMPLETED,0.1799999999999999,73.0,130,0,613,H,3.0,tstat,0.6238259818754215,23
COMPLETED,0.1799999999999999,72.0,1838,0,4668,KL,3.0,tstat,0.6141314220544764,1
COMPLETED,0.1799999999999999,363.0,3507,9,343,H,1.0,tstat,0.001,100
COMPLETED,0.1799999999999999,72.0,1402,0,3415,H,1.0,stdev,0.5035190737297502,69
COMPLETED,0.1799999999999999,63.0,4680,0,4515,KL,1.0,stdev,0.1898241877882779,48
COMPLETED,0.11,51.0,3095,0,2260,KL,3.0,stdev,0.7453843891527984,50
COMPLETED,0.1499999999999999,61.0,3993,0,2389,KL,3.0,tstat,0.1002430748151862,74
COMPLETED,0.17,101.0,4074,0,2509,KL,1.0,stdev,0.5197046700357592,100
COMPLETED,0.23,138.0,5000,26,1656,H,1.0,stdev,0.001,1
COMPLETED,0.2,231.0,4615,9,996,H,1.0,tstat,0.001,91
COMPLETED,0.22,89.0,3493,26,1700,H,3.0,tstat,0.3999751275198764,48
COMPLETED,0.2099999999999999,91.0,77,26,4154,H,3.0,tstat,0.6354260417472464,52
COMPLETED,0.2099999999999999,101.0,4788,26,1804,KL,3.0,tstat,0.6230434885547228,37
COMPLETED,0.2,85.0,2579,26,4100,KL,3.0,stdev,0.001,100
COMPLETED,0.2099999999999999,97.0,3060,26,368,H,2.0,tstat,0.1029400848521678,38
COMPLETED,0.1799999999999999,95.0,2750,0,4964,H,1.0,tstat,0.4797258297201034,95
COMPLETED,0.19,106.0,3837,0,2769,H,1.0,stdev,0.001,1
COMPLETED,0.1799999999999999,161.0,2310,9,1250,KL,2.0,stdev,0.2335597179542538,22
COMPLETED,0.2099999999999999,82.0,4630,26,4181,KL,3.0,tstat,0.3249301814325475,1
COMPLETED,0.22,87.0,2111,26,4804,KL,3.0,tstat,0.2864613925015167,100
COMPLETED,0.22,86.0,2801,26,415,H,3.0,stdev,0.5863389460748644,80
COMPLETED,0.1799999999999999,94.0,4990,0,1868,KL,1.0,tstat,0.1590870111044373,6
COMPLETED,0.22,157.0,4324,26,2547,H,2.0,tstat,0.999,100
COMPLETED,0.2099999999999999,90.0,860,26,4483,H,3.0,stdev,0.8007876568295524,27
COMPLETED,0.2,276.0,3021,9,2336,KL,1.0,stdev,0.001,1
COMPLETED,0.14,64.0,4617,0,4220,KL,3.0,tstat,0.7558795850787386,61
COMPLETED,0.1799999999999999,67.0,4904,0,5000,KL,1.0,stdev,0.001,34
COMPLETED,0.23,142.0,4366,26,126,H,1.0,tstat,0.0384649795801861,1
COMPLETED,0.17,93.0,3672,0,2952,H,1.0,stdev,0.1968119884090217,100
COMPLETED,0.1799999999999999,78.0,2838,0,1288,H,1.0,tstat,0.1504270333167766,50
COMPLETED,0.17,190.0,3912,9,3661,KL,2.0,tstat,0.7664191487385728,98
COMPLETED,0.1799999999999999,68.0,4645,0,4541,H,1.0,stdev,0.8732256689875321,27
COMPLETED,0.17,102.0,3500,0,1767,H,1.0,tstat,0.001,100
COMPLETED,0.2099999999999999,93.0,266,26,520,H,3.0,stdev,0.51216347331421,100
COMPLETED,0.17,157.0,2728,9,2979,KL,2.0,tstat,0.4963787834142243,74
COMPLETED,0.1799999999999999,67.0,483,0,917,KL,1.0,tstat,0.3114418559754948,30
COMPLETED,0.1799999999999999,158.0,999,9,3458,KL,2.0,tstat,0.6450298735254693,29
COMPLETED,0.19,106.0,104,0,3985,KL,1.0,tstat,0.001,1
COMPLETED,0.1799999999999999,172.0,541,9,1841,KL,2.0,stdev,0.001,61
COMPLETED,0.1799999999999999,167.0,3242,9,1652,KL,2.0,stdev,0.4861941595834678,44
COMPLETED,0.19,110.0,600,0,3664,KL,1.0,tstat,0.7170633505205463,1
COMPLETED,0.2,188.0,2470,9,3200,KL,1.0,stdev,0.001,12
COMPLETED,0.19,168.0,3871,9,3983,H,2.0,stdev,0.3592590174000733,26
COMPLETED,0.22,90.0,3670,26,3128,H,3.0,tstat,0.999,1
COMPLETED,0.1799999999999999,75.0,1444,0,641,KL,3.0,tstat,0.577756150921913,1
COMPLETED,0.2099999999999999,86.0,4580,26,2755,H,3.0,stdev,0.2497657162210091,44
COMPLETED,0.17,68.0,4623,0,5000,H,1.0,stdev,0.3309128930803328,34
COMPLETED,0.17,60.0,1926,0,4022,KL,1.0,tstat,0.2821553316539828,63
COMPLETED,0.19,78.0,1124,26,4087,H,3.0,tstat,0.001,57
COMPLETED,0.1799999999999999,87.0,4500,0,1696,KL,1.0,tstat,0.3236120412762094,72
COMPLETED,0.2099999999999999,83.0,742,26,4976,H,3.0,tstat,0.6066805390858627,77
COMPLETED,0.17,66.0,482,0,215,KL,3.0,tstat,0.4048944037666673,86
COMPLETED,0.19,121.0,1349,0,900,KL,1.0,tstat,0.6409409626658082,1
COMPLETED,0.19,105.0,4416,0,2297,H,1.0,tstat,0.999,1
COMPLETED,0.17,61.0,2852,0,5000,KL,1.0,stdev,0.756006623453773,19
COMPLETED,0.22,84.0,4103,26,3017,KL,3.0,tstat,0.3030429746115043,9
COMPLETED,0.2,255.0,4291,9,4926,KL,1.0,tstat,0.001,1
COMPLETED,0.16,65.0,2309,0,1787,H,3.0,tstat,0.4237837184465874,37
COMPLETED,0.1799999999999999,66.0,627,0,707,H,3.0,tstat,0.303934956204551,100
COMPLETED,0.16,59.0,1749,0,2831,KL,3.0,tstat,0.2701533292893041,45
COMPLETED,0.17,227.0,582,3,3615,H,1.0,tstat,0.001,1
COMPLETED,0.22,141.0,3376,26,4717,H,1.0,tstat,0.7281200078976021,100
COMPLETED,0.17,90.0,3696,0,1121,KL,1.0,tstat,0.001,76
COMPLETED,0.22,97.0,402,26,2738,H,1.0,tstat,0.3185404102924026,58
COMPLETED,0.1799999999999999,352.0,1892,0,579,H,1.0,tstat,0.2628702685766601,100
COMPLETED,0.1799999999999999,162.0,3271,9,4991,KL,1.0,tstat,0.3072703222969463,32
COMPLETED,0.2,252.0,1990,9,4117,KL,1.0,tstat,0.001,1
COMPLETED,0.19,101.0,4568,0,15,KL,1.0,tstat,0.4467827451353835,18
COMPLETED,0.14,131.0,2988,1,65,KL,3.0,tstat,0.3700573669553012,76
COMPLETED,0.14,125.0,739,3,1267,H,3.0,tstat,0.001,1
COMPLETED,0.22,136.0,300,26,2461,H,1.0,tstat,0.999,1
COMPLETED,0.16,231.0,1969,3,3336,H,1.0,tstat,0.999,100
COMPLETED,0.17,64.0,1638,0,2278,H,1.0,tstat,0.2833221806440921,48
COMPLETED,0.22,96.0,1500,26,1911,KL,3.0,stdev,0.001,44
COMPLETED,0.1799999999999999,71.0,1478,0,677,KL,3.0,tstat,0.2518034918135439,56
COMPLETED,0.22,107.0,1754,26,1315,KL,1.0,tstat,0.999,33
COMPLETED,0.16,65.0,4634,0,1522,H,3.0,tstat,0.2145208214751209,89
COMPLETED,0.2099999999999999,90.0,3686,26,3529,H,3.0,tstat,0.999,48
COMPLETED,0.17,70.0,2403,0,1656,KL,1.0,tstat,0.001,46
COMPLETED,0.2099999999999999,82.0,4372,26,813,KL,3.0,stdev,0.7448140347012454,1
COMPLETED,0.22,93.0,4772,26,2015,KL,3.0,stdev,0.1723344355995725,1
COMPLETED,0.22,96.0,3880,26,3975,KL,1.0,stdev,0.821060088277676,77
COMPLETED,0.22,91.0,274,26,3424,H,1.0,tstat,0.001,38
COMPLETED,0.17,75.0,111,0,1240,H,3.0,tstat,0.547001924074236,96
COMPLETED,0.23,148.0,1733,26,3196,H,1.0,tstat,0.001,1
COMPLETED,0.1799999999999999,65.0,4604,0,680,KL,3.0,tstat,0.070898871258504,13
COMPLETED,0.2,252.0,4223,9,4916,KL,1.0,tstat,0.9755417507855244,1
COMPLETED,0.2099999999999999,83.0,4400,26,794,KL,2.0,stdev,0.7518172841356576,23
COMPLETED,0.16,64.0,797,0,1294,H,3.0,tstat,0.0105749627400943,68
COMPLETED,0.2099999999999999,95.0,4612,26,4649,KL,3.0,stdev,0.999,1
COMPLETED,0.2099999999999999,78.0,1615,26,1203,H,3.0,tstat,0.001,74
COMPLETED,0.1799999999999999,67.0,1386,0,1630,H,1.0,tstat,0.4291813396013196,24
COMPLETED,0.1799999999999999,67.0,1059,0,1092,KL,3.0,tstat,0.0382494851885785,47
COMPLETED,0.23,151.0,5000,26,1920,KL,1.0,tstat,0.999,1
COMPLETED,0.19,105.0,4564,0,5000,KL,1.0,stdev,0.3060831476298622,1
COMPLETED,0.22,122.0,781,26,3847,KL,1.0,stdev,0.999,100
COMPLETED,0.2,280.0,134,9,4552,H,1.0,tstat,0.9741383732967168,1
COMPLETED,0.1799999999999999,67.0,678,0,1177,KL,3.0,tstat,0.3234190422210867,83
COMPLETED,0.1799999999999999,273.0,3306,13,948,H,1.0,stdev,0.999,100
COMPLETED,0.11,52.0,1936,0,5000,H,3.0,stdev,0.7446117451817322,1
COMPLETED,0.19,106.0,1672,0,761,KL,1.0,tstat,0.001,1
COMPLETED,0.19,190.0,2407,9,4360,H,2.0,tstat,0.999,1
COMPLETED,0.22,99.0,141,26,2556,KL,3.0,tstat,0.999,1
COMPLETED,0.17,65.0,256,0,372,KL,3.0,tstat,0.2401440421992444,33
COMPLETED,0.22,89.0,677,26,2677,KL,2.0,tstat,0.7294995295813931,10
COMPLETED,0.22,138.0,4097,26,3132,KL,1.0,tstat,0.7558213199398851,1
COMPLETED,0.1799999999999999,69.0,2522,0,996,H,3.0,tstat,0.3296318180550273,53
COMPLETED,0.2099999999999999,91.0,3293,26,1015,KL,2.0,tstat,0.19707575315141,35
COMPLETED,0.22,93.0,4495,26,3803,H,2.0,tstat,0.1945435936824098,51
COMPLETED,0.16,65.0,3784,0,1262,KL,3.0,tstat,0.241901525254674,1
COMPLETED,0.17,65.0,4921,0,1807,KL,3.0,stdev,0.4241551779202436,1
COMPLETED,0.2099999999999999,81.0,3222,26,2667,H,3.0,stdev,0.999,15
COMPLETED,0.23,150.0,4975,26,342,KL,1.0,stdev,0.7547632772335883,1
COMPLETED,0.16,61.0,289,0,4438,H,2.0,stdev,0.6608175069997049,55
COMPLETED,0.22,95.0,3466,26,3676,KL,1.0,tstat,0.999,14
COMPLETED,0.1799999999999999,167.0,4932,0,1,KL,3.0,tstat,0.4090977327011972,1
COMPLETED,0.1799999999999999,64.0,2768,0,1819,H,1.0,tstat,0.001,46
COMPLETED,0.16,58.0,2909,0,3374,KL,3.0,tstat,0.231849968562504,100
COMPLETED,0.19,105.0,3679,0,2475,H,1.0,stdev,0.5626454263925262,3
COMPLETED,0.19,104.0,3300,0,1968,KL,1.0,stdev,0.001,1
COMPLETED,0.22,93.0,3918,26,3301,H,2.0,tstat,0.001,71
COMPLETED,0.11,52.0,1416,0,5000,H,3.0,stdev,0.8357634972419759,100
COMPLETED,0.22,138.0,787,26,3730,KL,1.0,tstat,0.750360670221699,1
COMPLETED,0.2,86.0,4508,26,1504,KL,1.0,tstat,0.001,54
COMPLETED,0.16,64.0,464,0,2688,H,3.0,tstat,0.4972301895119542,1
COMPLETED,0.16,60.0,1040,0,3377,KL,2.0,tstat,0.0640808530992622,49
COMPLETED,0.2099999999999999,85.0,3059,26,2358,H,3.0,tstat,0.001,98
COMPLETED,0.22,104.0,4227,26,5000,H,1.0,stdev,0.6543333895535169,42
COMPLETED,0.22,84.0,3451,26,2192,H,3.0,tstat,0.001,34
COMPLETED,0.2,75.0,1677,26,1212,KL,2.0,tstat,0.001,43
COMPLETED,0.17,61.0,2965,0,1878,KL,3.0,stdev,0.0709023742168932,1
COMPLETED,0.16,60.0,2670,0,3167,KL,3.0,tstat,0.001,1
COMPLETED,0.22,138.0,2499,26,3343,H,1.0,stdev,0.999,1
COMPLETED,0.22,90.0,3987,26,4158,H,1.0,tstat,0.4035020935542682,38
COMPLETED,0.22,97.0,77,26,3902,KL,3.0,tstat,0.9131728670597076,7
COMPLETED,0.1,144.0,3798,11,646,H,1.0,stdev,0.3161650901753455,66
COMPLETED,0.1199999999999999,203.0,2752,17,3714,KL,2.0,stdev,0.515966040527448,88
COMPLETED,0.1,162.0,1511,5,1731,H,3.0,tstat,0.2397113356944173,35
COMPLETED,0.1199999999999999,180.0,2278,14,464,H,3.0,tstat,0.6401462648604064,82
COMPLETED,0.1499999999999999,166.0,3537,1,4709,KL,2.0,stdev,0.1055413169357925,42
COMPLETED,0.13,172.0,4915,23,2152,H,1.0,stdev,0.8043301471304148,14
COMPLETED,0.1,160.0,1136,7,2668,KL,2.0,tstat,0.4656978249382227,60
COMPLETED,0.1,184.0,758,19,2462,KL,1.0,tstat,0.7457760704606771,79
COMPLETED,0.1499999999999999,161.0,4518,3,2983,H,2.0,stdev,0.0250082399696111,46
COMPLETED,0.11,188.0,3321,25,149,KL,3.0,stdev,0.8232191718332469,24
COMPLETED,0.1199999999999999,179.0,2041,12,4398,H,2.0,tstat,0.4212247483246028,51
COMPLETED,0.11,258.0,1597,21,3400,H,1.0,tstat,0.956171174250543,5
COMPLETED,0.19,171.0,2817,9,1421,KL,3.0,stdev,0.2977752505168319,70
COMPLETED,0.1,189.0,4347,15,4212,H,2.0,stdev,0.5969745381064712,98
COMPLETED,0.1799999999999999,71.0,607,0,961,KL,1.0,tstat,0.1326324778981506,27
COMPLETED,0.11,188.0,323,16,2885,H,3.0,stdev,0.3680476661268621,95
COMPLETED,0.1499999999999999,214.0,4084,1,2286,KL,2.0,tstat,0.9016143552605062,30
COMPLETED,0.1,157.0,3120,20,4574,H,1.0,tstat,0.2028135052900761,1
COMPLETED,0.1,162.0,1840,8,247,KL,3.0,stdev,0.5425090701561421,74
COMPLETED,0.2,91.0,2122,26,1121,H,3.0,tstat,0.1060270623127633,35
COMPLETED,0.22,112.0,2297,26,3159,KL,1.0,tstat,0.999,55
COMPLETED,0.17,73.0,330,0,1145,KL,3.0,tstat,0.6973731963693338,43
COMPLETED,0.2099999999999999,120.0,2671,26,1169,KL,3.0,stdev,0.6987780367704506,51
COMPLETED,0.16,68.0,46,0,1754,H,2.0,tstat,0.639834535066537,42
COMPLETED,0.1799999999999999,79.0,2407,0,2272,H,3.0,stdev,0.001,41
COMPLETED,0.1799999999999999,74.0,1292,0,604,H,3.0,tstat,0.7186407590939933,66
COMPLETED,0.17,78.0,4277,0,5000,KL,1.0,stdev,0.999,58
COMPLETED,0.1499999999999999,63.0,4187,0,2568,KL,3.0,stdev,0.001,19
COMPLETED,0.1799999999999999,3642.0,698,13,22,H,1.0,tstat,0.001,100
COMPLETED,0.22,91.0,3991,26,3908,KL,3.0,stdev,0.001,1
COMPLETED,0.17,91.0,1371,0,5000,H,1.0,stdev,0.7170996422205229,40
COMPLETED,0.16,68.0,2013,0,3135,H,3.0,tstat,0.148663530504801,37
COMPLETED,0.1499999999999999,164.0,1673,1,3261,H,1.0,stdev,0.999,29
COMPLETED,0.19,114.0,3281,0,3827,H,1.0,tstat,0.999,4
COMPLETED,0.1799999999999999,69.0,2417,0,4225,H,1.0,tstat,0.999,59
COMPLETED,0.16,87.0,2676,0,2843,H,3.0,tstat,0.999,51
COMPLETED,0.19,120.0,652,0,1989,KL,1.0,stdev,0.8258417433648227,1
COMPLETED,0.1799999999999999,81.0,1773,0,4240,H,1.0,stdev,0.22057636759928,66
COMPLETED,0.1,186.0,4133,13,3297,H,1.0,stdev,0.999,100
COMPLETED,0.1799999999999999,177.0,2845,9,3992,KL,3.0,stdev,0.6028577263742977,68
COMPLETED,0.17,165.0,3140,9,4568,KL,3.0,stdev,0.717486311747869,22
COMPLETED,0.1799999999999999,156.0,1782,9,1065,H,3.0,stdev,0.4888312805185029,33
COMPLETED,0.14,219.0,534,10,4411,KL,1.0,stdev,0.1857415871138694,5
COMPLETED,0.2,214.0,2872,9,1404,H,1.0,tstat,0.3705496549427784,6
COMPLETED,0.1199999999999999,441.0,2258,14,306,H,1.0,tstat,0.999,75
COMPLETED,0.22,98.0,1185,26,4838,KL,1.0,tstat,0.3099533863454775,55
COMPLETED,0.16,252.0,3998,3,1145,H,1.0,tstat,0.9671547673434536,1
COMPLETED,0.16,167.0,2136,3,4824,H,1.0,stdev,0.8796507045827497,11
COMPLETED,0.17,254.0,2128,3,3807,KL,1.0,stdev,0.001,3
COMPLETED,0.16,241.0,2917,3,4933,KL,1.0,tstat,0.7912605614522304,51
COMPLETED,0.1499999999999999,226.0,3715,3,2005,H,1.0,tstat,0.001,94
COMPLETED,0.14,195.0,3880,1,1886,H,3.0,stdev,0.0781114659768715,38
COMPLETED,0.1499999999999999,224.0,4906,4,2661,H,1.0,stdev,0.001,71
COMPLETED,0.17,168.0,1429,1,2387,H,1.0,stdev,0.1105605290583059,11
COMPLETED,0.13,162.0,4576,13,4808,KL,3.0,tstat,0.1329834142472026,100
COMPLETED,0.1199999999999999,186.0,1070,23,2464,KL,3.0,stdev,0.001,100
COMPLETED,0.11,225.0,944,12,1771,H,3.0,stdev,0.999,97
COMPLETED,0.17,265.0,2437,1,891,KL,1.0,stdev,0.4161393524469212,1
COMPLETED,0.1,190.0,1596,8,2412,KL,1.0,tstat,0.0915962328114667,20
COMPLETED,0.16,196.0,2697,3,4878,H,1.0,stdev,0.2106442254352317,30
COMPLETED,0.1499999999999999,254.0,31,10,1627,KL,1.0,tstat,0.001,1
COMPLETED,0.14,177.0,1424,10,66,H,1.0,tstat,0.999,24
COMPLETED,0.17,267.0,3164,3,472,H,1.0,stdev,0.001,1
COMPLETED,0.17,233.0,2580,1,11,H,1.0,tstat,0.999,1
COMPLETED,0.1499999999999999,184.0,1981,4,3166,H,1.0,tstat,0.5963111804569254,8
COMPLETED,0.17,409.0,3434,4,1916,KL,1.0,tstat,0.001,1
COMPLETED,0.22,93.0,2085,26,2614,H,3.0,tstat,0.4346172259067645,40
COMPLETED,0.16,190.0,3624,3,2407,H,1.0,stdev,0.6619872493971871,11
COMPLETED,0.1499999999999999,160.0,1118,3,3725,KL,1.0,stdev,0.9255962789622972,28
COMPLETED,0.17,203.0,366,13,2518,KL,3.0,tstat,0.999,100
COMPLETED,0.1199999999999999,161.0,4306,4,3445,H,1.0,stdev,0.6878475723314565,8
COMPLETED,0.1499999999999999,187.0,392,4,4118,H,3.0,stdev,0.661445999310827,88
COMPLETED,0.13,185.0,744,10,3303,H,3.0,stdev,0.999,93
COMPLETED,0.16,215.0,1049,4,3949,KL,3.0,tstat,0.999,95
COMPLETED,0.16,166.0,959,3,2412,KL,1.0,tstat,0.5621911505214107,14
COMPLETED,0.1499999999999999,178.0,993,4,1583,H,3.0,tstat,0.999,100
COMPLETED,0.1499999999999999,216.0,2268,10,3599,KL,1.0,tstat,0.6293483478811008,5
COMPLETED,0.1499999999999999,186.0,903,4,126,H,1.0,tstat,0.3613106829048762,29
COMPLETED,0.19,125.0,1268,0,540,KL,1.0,stdev,0.4930234193752171,1
COMPLETED,0.22,99.0,1603,26,3445,H,3.0,stdev,0.8111643254443152,86
COMPLETED,0.1,205.0,1503,2,3776,KL,1.0,stdev,0.7197428461890207,4
COMPLETED,0.16,313.0,4382,4,3855,H,2.0,tstat,0.001,2
COMPLETED,0.17,178.0,338,9,3906,H,3.0,stdev,0.999,2
COMPLETED,0.1199999999999999,143.0,3056,1,432,H,3.0,tstat,0.001,18
COMPLETED,0.22,126.0,172,26,104,H,3.0,tstat,0.1865048164233307,100
COMPLETED,0.1499999999999999,265.0,1491,10,565,H,1.0,stdev,0.001,1
COMPLETED,0.16,187.0,1918,4,413,H,3.0,stdev,0.001,100
COMPLETED,0.13,176.0,3625,23,4685,H,3.0,tstat,0.999,44
COMPLETED,0.1799999999999999,179.0,4855,13,1620,KL,3.0,stdev,0.999,18
COMPLETED,0.1799999999999999,169.0,837,9,2439,H,3.0,tstat,0.001,100
COMPLETED,0.1,170.0,578,15,649,H,3.0,tstat,0.3168073909754086,100
COMPLETED,0.11,174.0,2873,14,2193,H,3.0,stdev,0.999,100
COMPLETED,0.1199999999999999,241.0,4079,14,2107,H,3.0,stdev,0.5758804992912339,65
COMPLETED,0.19,318.0,4113,9,2288,H,1.0,stdev,0.001,93
COMPLETED,0.2099999999999999,130.0,2027,26,5000,KL,3.0,stdev,0.999,64
COMPLETED,0.1499999999999999,213.0,1023,3,3844,H,1.0,stdev,0.5110837277636485,98
COMPLETED,0.1,244.0,1091,18,439,H,1.0,stdev,0.999,48
COMPLETED,0.1799999999999999,80.0,755,0,1002,H,3.0,stdev,0.001,1
COMPLETED,0.1,213.0,3759,21,4,H,3.0,stdev,0.001,1
COMPLETED,0.1,228.0,1227,24,1103,H,1.0,stdev,0.001,1
COMPLETED,0.16,165.0,114,13,2383,H,3.0,stdev,0.999,10
COMPLETED,0.1799999999999999,218.0,1336,9,3434,H,1.0,tstat,0.001,100
COMPLETED,0.13,172.0,1876,4,4759,KL,3.0,tstat,0.001,100
COMPLETED,0.2099999999999999,92.0,1113,26,1293,H,3.0,stdev,0.001,100
COMPLETED,0.13,154.0,1180,9,4975,H,3.0,tstat,0.5168593621629715,76
COMPLETED,0.1499999999999999,171.0,3462,4,3234,KL,3.0,stdev,0.999,85
COMPLETED,0.17,372.0,2979,3,3868,H,1.0,tstat,0.999,1
COMPLETED,0.2099999999999999,99.0,2136,26,2961,KL,2.0,tstat,0.999,46
COMPLETED,0.2099999999999999,120.0,481,26,773,H,2.0,stdev,0.6005040758096511,54
COMPLETED,0.22,157.0,1581,26,1436,H,2.0,tstat,0.8843434636321471,1
COMPLETED,0.22,89.0,3403,26,696,H,3.0,tstat,0.3054124453631255,51
COMPLETED,0.16,182.0,6,9,4824,KL,1.0,stdev,0.399952759612953,10
COMPLETED,0.23,160.0,1665,26,608,KL,1.0,stdev,0.999,1
COMPLETED,0.1799999999999999,177.0,88,9,3468,KL,3.0,stdev,0.001,97
COMPLETED,0.16,179.0,132,13,3313,H,3.0,tstat,0.999,39
COMPLETED,0.14,159.0,430,10,969,H,3.0,tstat,0.999,84
COMPLETED,0.14,173.0,2548,10,2812,H,1.0,tstat,0.001,35
COMPLETED,0.2,191.0,3194,9,203,H,3.0,tstat,0.999,1
COMPLETED,0.17,163.0,847,9,4720,H,3.0,stdev,0.001,87
COMPLETED,0.14,179.0,2197,4,1649,KL,3.0,tstat,0.999,26
COMPLETED,0.16,197.0,2369,4,1922,H,3.0,stdev,0.5727367877308656,52
COMPLETED,0.1799999999999999,124.0,4573,0,1740,H,2.0,stdev,0.2915656285308296,1
COMPLETED,0.1,273.0,3077,6,91,H,1.0,stdev,0.001,1
COMPLETED,0.22,104.0,293,26,665,H,1.0,stdev,0.999,41
COMPLETED,0.22,107.0,3751,26,2708,KL,2.0,tstat,0.999,1
COMPLETED,0.2099999999999999,161.0,398,26,1406,KL,2.0,stdev,0.8033134786627336,100
COMPLETED,0.1499999999999999,158.0,471,3,2440,KL,3.0,stdev,0.999,95
COMPLETED,0.17,76.0,4647,0,2257,KL,3.0,tstat,0.999,1
COMPLETED,0.17,180.0,156,13,507,H,3.0,tstat,0.001,49
COMPLETED,0.22,115.0,1,26,2197,KL,2.0,stdev,0.0791653985573135,1
COMPLETED,0.17,355.0,3127,13,1,H,2.0,stdev,0.999,1
COMPLETED,0.22,107.0,4035,26,760,H,2.0,stdev,0.6233859102914556,1
COMPLETED,0.2,229.0,55,9,1339,H,2.0,tstat,0.999,1
COMPLETED,0.1799999999999999,147.0,1,0,1,KL,3.0,stdev,0.001,100
COMPLETED,0.17,81.0,359,0,4995,KL,3.0,stdev,0.001,1
COMPLETED,0.2099999999999999,101.0,2894,26,1671,KL,2.0,stdev,0.7697458713997379,28
COMPLETED,0.1799999999999999,109.0,1,0,85,KL,2.0,tstat,0.1082624874373048,1
COMPLETED,0.19,215.0,2933,9,4723,KL,2.0,stdev,0.001,1
COMPLETED,0.22,157.0,4335,26,2131,H,2.0,stdev,0.4488073355367348,4
COMPLETED,0.1499999999999999,219.0,134,1,2021,H,1.0,stdev,0.3077316101581766,65
COMPLETED,0.16,174.0,3459,3,4348,KL,3.0,stdev,0.001,12
COMPLETED,0.16,239.0,2150,3,1541,KL,2.0,tstat,0.7342158133655012,62
COMPLETED,0.2,310.0,1150,9,1244,H,1.0,stdev,0.999,1
COMPLETED,0.16,149.0,4984,3,747,KL,3.0,stdev,0.001,32
COMPLETED,0.1799999999999999,196.0,2780,13,687,KL,3.0,tstat,0.5565013582847522,9
COMPLETED,0.1799999999999999,223.0,622,13,351,KL,3.0,stdev,0.001,82
COMPLETED,0.2099999999999999,80.0,2910,26,4117,KL,1.0,stdev,0.999,33
COMPLETED,0.11,185.0,235,4,201,KL,3.0,tstat,0.001,53
COMPLETED,0.17,111.0,747,0,5000,KL,3.0,stdev,0.001,100
COMPLETED,0.19,229.0,659,9,4993,H,2.0,stdev,0.999,1
COMPLETED,0.2099999999999999,117.0,1,26,5000,H,3.0,tstat,0.999,100
COMPLETED,0.1499999999999999,200.0,4824,3,2930,H,3.0,stdev,0.5543495022786407,6
COMPLETED,0.22,123.0,2053,26,3404,H,2.0,tstat,0.999,1
COMPLETED,0.22,1062.0,1372,26,116,KL,2.0,stdev,0.6108808684779236,100
COMPLETED,0.13,150.0,4969,9,4974,KL,3.0,tstat,0.2793794377827669,2
COMPLETED,0.16,197.0,2451,3,29,H,3.0,stdev,0.999,100
COMPLETED,0.2099999999999999,264.0,1151,26,1,H,2.0,tstat,0.001,1
COMPLETED,0.22,106.0,1,26,715,KL,2.0,stdev,0.999,4
COMPLETED,0.13,174.0,855,1,4972,H,2.0,tstat,0.999,11
COMPLETED,0.17,202.0,2008,4,70,H,2.0,stdev,0.001,1
COMPLETED,0.1499999999999999,159.0,421,3,4968,KL,3.0,tstat,0.999,81
COMPLETED,0.22,143.0,3893,26,3744,KL,2.0,stdev,0.999,1
COMPLETED,0.16,307.0,3759,4,425,H,2.0,stdev,0.999,94
COMPLETED,0.22,120.0,4803,26,1520,H,2.0,tstat,0.001,89
COMPLETED,0.1499999999999999,219.0,154,4,4190,KL,1.0,tstat,0.999,100
COMPLETED,0.1499999999999999,135.0,276,3,3328,KL,3.0,tstat,0.0165718764359029,65
COMPLETED,0.1799999999999999,80.0,1249,0,777,KL,2.0,tstat,0.1766905551109506,50
COMPLETED,0.1499999999999999,261.0,4359,1,4892,KL,1.0,stdev,0.1039502181807842,83
COMPLETED,0.1799999999999999,81.0,901,0,1491,KL,2.0,tstat,0.999,1
COMPLETED,0.16,186.0,3874,3,269,H,3.0,tstat,0.999,42
COMPLETED,0.19,185.0,4427,9,353,H,3.0,tstat,0.001,84
COMPLETED,0.17,406.0,944,13,1331,H,1.0,tstat,0.999,100
COMPLETED,0.16,149.0,193,3,2748,H,3.0,tstat,0.999,27
COMPLETED,0.17,202.0,184,13,2165,KL,2.0,stdev,0.999,100
COMPLETED,0.19,295.0,3874,9,862,H,2.0,tstat,0.999,89
COMPLETED,0.22,111.0,2575,26,855,H,1.0,tstat,0.2729636301384,41
COMPLETED,0.1799999999999999,173.0,2187,9,1227,H,2.0,tstat,0.1352964522617302,66
COMPLETED,0.1799999999999999,211.0,1034,13,2096,KL,1.0,tstat,0.999,37
COMPLETED,0.2099999999999999,80.0,489,26,1313,KL,3.0,tstat,0.001,1
COMPLETED,0.17,73.0,4201,0,3975,H,3.0,stdev,0.001,1
COMPLETED,0.1799999999999999,94.0,3743,0,3128,KL,2.0,stdev,0.001,1
COMPLETED,0.1799999999999999,189.0,129,9,4886,KL,1.0,stdev,0.001,98
COMPLETED,0.2099999999999999,110.0,1896,26,1392,KL,3.0,stdev,0.999,100
COMPLETED,0.22,111.0,293,26,1740,KL,2.0,tstat,0.7447650838782947,43
COMPLETED,0.1799999999999999,221.0,2529,13,922,KL,2.0,tstat,0.999,15
COMPLETED,0.2,409.0,1053,9,167,H,1.0,stdev,0.4924433726217108,70
COMPLETED,0.19,355.0,693,9,608,H,2.0,stdev,0.0507914377982208,87
COMPLETED,0.22,205.0,4125,26,454,H,2.0,tstat,0.999,74
COMPLETED,0.19,82.0,1311,0,1385,KL,2.0,tstat,0.001,2
COMPLETED,0.22,129.0,1508,26,600,H,2.0,stdev,0.999,1
COMPLETED,0.1799999999999999,99.0,2204,0,1043,KL,2.0,tstat,0.001,63
COMPLETED,0.1799999999999999,185.0,2505,9,3340,KL,2.0,stdev,0.999,11
COMPLETED,0.22,221.0,3386,26,199,H,2.0,tstat,0.8363343834045373,69
COMPLETED,0.2099999999999999,110.0,1333,26,5000,KL,2.0,tstat,0.999,100
COMPLETED,0.2099999999999999,90.0,1238,26,2336,H,1.0,tstat,0.6324779070902434,44
COMPLETED,0.22,166.0,3473,26,4558,H,1.0,stdev,0.3623616583090422,1
COMPLETED,0.22,144.0,2922,26,3810,H,2.0,stdev,0.289516167116898,1
COMPLETED,0.22,142.0,3107,26,4839,KL,2.0,tstat,0.5665863382447084,54
COMPLETED,0.2,256.0,1257,9,857,KL,2.0,tstat,0.001,3
COMPLETED,0.22,162.0,1723,26,5000,KL,1.0,stdev,0.001,100
COMPLETED,0.23,149.0,2842,26,985,H,1.0,stdev,0.001,1
COMPLETED,0.14,63.0,3510,0,4246,KL,2.0,stdev,0.001,53
COMPLETED,0.1799999999999999,98.0,4555,0,2997,KL,2.0,tstat,0.999,1
COMPLETED,0.2099999999999999,103.0,1083,26,1090,H,2.0,tstat,0.4255969798321238,56
COMPLETED,0.1799999999999999,143.0,2903,0,844,KL,2.0,tstat,0.999,70
COMPLETED,0.1799999999999999,143.0,1308,0,1,KL,3.0,stdev,0.001,1
COMPLETED,0.1799999999999999,182.0,4626,9,2498,KL,3.0,tstat,0.999,100
COMPLETED,0.23,159.0,2988,26,3559,H,1.0,stdev,0.3101676628179522,1
COMPLETED,0.2099999999999999,93.0,2325,26,1417,H,3.0,tstat,0.6046148787988302,1
COMPLETED,0.1799999999999999,113.0,1970,0,4757,KL,2.0,stdev,0.9399647431469385,1
COMPLETED,0.16,389.0,2013,4,790,KL,1.0,tstat,0.9234569000026872,94
COMPLETED,0.1499999999999999,155.0,462,3,4885,KL,3.0,tstat,0.4760747944128341,1
COMPLETED,0.22,102.0,3864,26,3309,KL,1.0,stdev,0.999,46
COMPLETED,0.17,242.0,2551,13,2660,H,2.0,tstat,0.999,100
COMPLETED,0.1799999999999999,221.0,959,9,2583,KL,3.0,stdev,0.001,1
COMPLETED,0.1799999999999999,201.0,3695,9,2972,H,2.0,stdev,0.999,100
COMPLETED,0.16,160.0,3931,13,2662,H,3.0,tstat,0.001,1
COMPLETED,0.2099999999999999,119.0,1988,26,1739,KL,2.0,stdev,0.9158757799034212,57
COMPLETED,0.14,153.0,521,9,4877,KL,2.0,tstat,0.1969701587438256,51
COMPLETED,0.22,120.0,118,26,2749,KL,2.0,stdev,0.001,79
COMPLETED,0.17,269.0,226,13,1065,H,3.0,tstat,0.999,85
COMPLETED,0.1799999999999999,123.0,1408,0,5000,H,2.0,tstat,0.999,1
COMPLETED,0.1799999999999999,327.0,2770,13,2293,H,1.0,stdev,0.999,1
COMPLETED,0.2099999999999999,96.0,3836,26,2060,H,3.0,tstat,0.999,1
COMPLETED,0.17,202.0,4995,13,582,KL,3.0,tstat,0.001,100
COMPLETED,0.22,186.0,578,26,4303,KL,1.0,stdev,0.0485595628653545,1
COMPLETED,0.19,201.0,1013,13,579,H,2.0,tstat,0.4853981262756907,7
COMPLETED,0.2099999999999999,120.0,405,26,1264,KL,3.0,tstat,0.5059043202599928,1
COMPLETED,0.17,210.0,2991,13,3107,H,2.0,tstat,0.0855329112052549,1
COMPLETED,0.22,99.0,2961,26,1863,H,3.0,stdev,0.4846237880637287,100
COMPLETED,0.23,147.0,3617,26,2727,H,1.0,stdev,0.2822218036083061,1
COMPLETED,0.22,102.0,4866,26,2225,H,2.0,stdev,0.246787618459867,46
COMPLETED,0.1799999999999999,96.0,2466,0,1454,KL,2.0,tstat,0.5038243322539497,1
COMPLETED,0.23,148.0,5000,26,892,H,1.0,stdev,0.999,1
COMPLETED,0.23,162.0,5000,26,2349,H,1.0,tstat,0.001,1
COMPLETED,0.19,245.0,2670,13,2624,KL,2.0,stdev,0.0474700538423902,1
COMPLETED,0.16,185.0,1170,1,3674,KL,2.0,stdev,0.001,4
COMPLETED,0.22,113.0,4751,26,2468,H,3.0,tstat,0.9034885473031512,100
COMPLETED,0.22,150.0,4323,26,3481,H,1.0,tstat,0.7946264710050533,100
COMPLETED,0.2099999999999999,104.0,798,26,1046,H,1.0,tstat,0.5605082502638988,19
COMPLETED,0.22,109.0,3395,26,327,H,2.0,tstat,0.999,1
COMPLETED,0.2,344.0,3148,9,3224,KL,1.0,stdev,0.999,1
COMPLETED,0.22,124.0,5000,26,4412,H,2.0,stdev,0.999,1
COMPLETED,0.22,120.0,3599,26,398,H,2.0,stdev,0.4786399747277356,1
COMPLETED,0.2099999999999999,119.0,3453,26,4194,H,2.0,tstat,0.999,100
COMPLETED,0.22,162.0,2066,26,2827,H,1.0,tstat,0.999,100
COMPLETED,0.2099999999999999,128.0,5000,26,4078,H,1.0,tstat,0.999,100
COMPLETED,0.1799999999999999,255.0,597,13,1248,KL,2.0,stdev,0.001,1
COMPLETED,0.22,121.0,5000,26,399,H,2.0,tstat,0.999,1
COMPLETED,0.23,144.0,4559,26,481,H,1.0,tstat,0.6575013084372715,1
COMPLETED,0.16,166.0,2559,1,3273,KL,1.0,tstat,0.999,15
COMPLETED,0.22,116.0,4323,26,1212,H,2.0,tstat,0.5653716320312899,37
COMPLETED,0.22,106.0,3742,26,228,H,1.0,stdev,0.999,12
COMPLETED,0.2099999999999999,87.0,4592,26,2951,H,1.0,stdev,0.6016658290162213,62
COMPLETED,0.22,97.0,2554,26,2853,H,1.0,stdev,0.2973001358583831,13
COMPLETED,0.22,119.0,300,26,2959,H,1.0,stdev,0.001,31
COMPLETED,0.22,129.0,1341,26,1549,H,1.0,stdev,0.6804763015968025,31
COMPLETED,0.19,356.0,392,13,1432,KL,1.0,stdev,0.3800873873936808,100
COMPLETED,0.17,445.0,1684,13,1521,H,1.0,stdev,0.001,100
COMPLETED,0.22,89.0,426,26,2439,H,1.0,stdev,0.999,22
COMPLETED,0.22,115.0,5000,26,1325,KL,2.0,tstat,0.999,1
COMPLETED,0.16,168.0,3952,3,1553,KL,3.0,tstat,0.999,100
COMPLETED,0.19,292.0,3292,9,4420,KL,2.0,stdev,0.001,100
COMPLETED,0.22,172.0,1148,26,328,H,1.0,tstat,0.999,55
COMPLETED,0.16,199.0,2609,9,2719,H,1.0,stdev,0.999,41
COMPLETED,0.1799999999999999,286.0,119,13,4769,KL,1.0,stdev,0.001,1
COMPLETED,0.22,94.0,1591,26,177,H,3.0,stdev,0.999,11
COMPLETED,0.2099999999999999,289.0,2898,9,186,H,1.0,tstat,0.001,1
COMPLETED,0.2099999999999999,127.0,4220,26,462,H,2.0,tstat,0.6971756177711335,46
COMPLETED,0.2099999999999999,91.0,1297,26,500,H,3.0,stdev,0.8103090401932167,14
COMPLETED,0.1799999999999999,100.0,3066,0,168,KL,1.0,tstat,0.001,40
COMPLETED,0.17,218.0,792,13,3816,KL,3.0,stdev,0.0592432343749905,1
COMPLETED,0.2099999999999999,117.0,2417,26,1642,H,1.0,tstat,0.5967435252038892,19
COMPLETED,0.22,101.0,1075,26,487,H,1.0,tstat,0.9467082272648406,18
COMPLETED,0.1799999999999999,76.0,503,0,929,H,3.0,tstat,0.5279232344195411,84
COMPLETED,0.22,108.0,4362,26,3302,KL,1.0,tstat,0.999,25
COMPLETED,0.22,119.0,5000,26,2942,H,2.0,stdev,0.999,1
COMPLETED,0.22,103.0,3929,26,637,H,2.0,tstat,0.881953422319508,20
COMPLETED,0.22,121.0,4504,26,667,H,3.0,tstat,0.6611413513492373,91
COMPLETED,0.2099999999999999,102.0,2963,26,2693,H,1.0,stdev,0.001,13
COMPLETED,0.1199999999999999,325.0,4274,14,1118,KL,1.0,tstat,0.999,1
COMPLETED,0.2099999999999999,103.0,3644,26,4750,H,1.0,tstat,0.5979823183378274,37
COMPLETED,0.23,201.0,4870,26,1329,H,1.0,stdev,0.3577955924501698,1
COMPLETED,0.22,288.0,123,26,883,H,2.0,tstat,0.6432080766577059,100
COMPLETED,0.22,197.0,4737,26,2812,H,1.0,tstat,0.3402756257715403,1
COMPLETED,0.14,374.0,4659,4,1338,KL,2.0,stdev,0.001,100
COMPLETED,0.2,275.0,4595,9,1539,KL,1.0,stdev,0.001,89
COMPLETED,0.1499999999999999,159.0,4178,3,4028,H,3.0,tstat,0.999,55
COMPLETED,0.2,310.0,375,9,2617,H,2.0,stdev,0.3095730625265293,1
COMPLETED,0.1499999999999999,157.0,4984,3,4146,H,2.0,stdev,0.7766801477776107,24
COMPLETED,0.17,110.0,5000,0,5000,KL,2.0,tstat,0.8887440954368035,100
COMPLETED,0.1799999999999999,134.0,1874,0,2281,KL,2.0,stdev,0.001,100
COMPLETED,0.16,71.0,1813,0,3514,KL,3.0,stdev,0.001,75
COMPLETED,0.1499999999999999,226.0,3305,1,3449,KL,1.0,stdev,0.116144250299346,80
COMPLETED,0.16,176.0,1737,3,2336,KL,2.0,stdev,0.001,1
COMPLETED,0.1499999999999999,151.0,1690,1,1415,KL,3.0,tstat,0.9956267305206996,100
COMPLETED,0.13,222.0,173,10,3131,KL,1.0,stdev,0.001,100
COMPLETED,0.17,393.0,126,4,4930,H,1.0,tstat,0.001,1
COMPLETED,0.1499999999999999,150.0,1382,1,1400,KL,2.0,tstat,0.999,29
COMPLETED,0.1,151.0,4445,13,3451,KL,1.0,stdev,0.001,43
COMPLETED,0.1,146.0,4592,13,4970,KL,1.0,tstat,0.999,15
COMPLETED,0.1799999999999999,286.0,547,13,3957,KL,1.0,tstat,0.7829280435185006,1
COMPLETED,0.11,555.0,4352,3,1,H,2.0,tstat,0.7686442708799008,21
COMPLETED,0.1499999999999999,259.0,4936,1,3981,KL,2.0,tstat,0.999,71
COMPLETED,0.16,174.0,1214,9,1289,H,3.0,tstat,0.001,100
COMPLETED,0.1799999999999999,115.0,2186,0,850,KL,2.0,tstat,0.999,11
COMPLETED,0.2099999999999999,101.0,4392,26,3582,KL,2.0,stdev,0.2509156750487391,55
COMPLETED,0.16,70.0,2387,0,3504,KL,2.0,stdev,0.4399866149839831,23
COMPLETED,0.14,162.0,3165,10,2277,H,3.0,tstat,0.999,2
COMPLETED,0.16,177.0,615,3,2548,KL,2.0,tstat,0.2176716767542658,92
COMPLETED,0.16,234.0,572,3,2866,H,2.0,tstat,0.999,22
COMPLETED,0.1799999999999999,98.0,5000,0,3149,KL,2.0,tstat,0.001,1
COMPLETED,0.2099999999999999,98.0,891,26,1429,H,2.0,stdev,0.529618988450858,14
COMPLETED,0.1199999999999999,288.0,321,12,3889,KL,1.0,stdev,0.001,2
COMPLETED,0.1499999999999999,196.0,593,9,2004,H,2.0,tstat,0.001,100
COMPLETED,0.23,156.0,1,26,1251,KL,1.0,stdev,0.001,1
COMPLETED,0.16,176.0,702,3,1515,H,3.0,stdev,0.001,91
COMPLETED,0.14,217.0,1353,4,4922,H,3.0,stdev,0.001,5
COMPLETED,0.22,114.0,4182,26,870,H,2.0,stdev,0.999,17
COMPLETED,0.17,181.0,347,13,2869,KL,3.0,stdev,0.001,100
COMPLETED,0.16,215.0,1281,3,2118,H,3.0,stdev,0.001,1
COMPLETED,0.2099999999999999,114.0,4290,26,1341,H,2.0,stdev,0.7253018076203062,19
COMPLETED,0.1799999999999999,98.0,4537,0,1573,KL,1.0,tstat,0.9439913919639796,49
COMPLETED,0.1799999999999999,188.0,4948,9,3326,KL,1.0,tstat,0.001,63
COMPLETED,0.11,166.0,1063,13,4880,KL,3.0,tstat,0.3306513341669954,1
COMPLETED,0.22,111.0,4007,26,2958,KL,1.0,stdev,0.001,13
COMPLETED,0.23,177.0,1,26,993,KL,1.0,tstat,0.999,1
COMPLETED,0.2099999999999999,137.0,1,26,2555,KL,2.0,stdev,0.999,100
COMPLETED,0.16,225.0,4904,1,1133,KL,2.0,stdev,0.999,1
COMPLETED,0.1499999999999999,222.0,1877,3,3684,H,3.0,stdev,0.999,100
COMPLETED,0.2,83.0,1,26,4514,H,3.0,stdev,0.999,1
COMPLETED,0.2,195.0,4896,9,1929,H,1.0,tstat,0.999,7
COMPLETED,0.2099999999999999,111.0,3657,26,1455,KL,2.0,tstat,0.6579735663228244,68
COMPLETED,0.16,83.0,1,0,1453,KL,3.0,tstat,0.001,1
COMPLETED,0.17,215.0,343,13,3931,H,2.0,tstat,0.999,82
COMPLETED,0.22,166.0,1374,26,1320,H,2.0,stdev,0.6266644344218995,1
COMPLETED,0.1499999999999999,179.0,436,4,2679,H,3.0,stdev,0.999,100
COMPLETED,0.1499999999999999,182.0,2304,10,3736,H,2.0,stdev,0.001,1
COMPLETED,0.17,212.0,1,13,5000,H,2.0,tstat,0.001,1
COMPLETED,0.1499999999999999,188.0,133,4,3171,H,2.0,stdev,0.999,83
COMPLETED,0.2099999999999999,98.0,214,26,3228,H,2.0,stdev,0.5109070342016273,61
COMPLETED,0.17,277.0,239,13,4569,H,2.0,stdev,0.999,1
