Status,ACCURACY,RUNTIME,REQLABELS,recent_samples_size,n_reference_samples,recent_samples_proportion,threshold
COMPLETED,0.16,461.0,1.0,4171,4119,0.5778703610897064,0.0260017657130956
COMPLETED,0.19,451.0,0.1799999999999999,1060,272,0.2482939305752515,0.8363196567259727
COMPLETED,0.0899999999999999,863.0,0.8699999999999999,2434,2782,0.9044693392179906,0.2753530939500778
COMPLETED,0.22,489.0,1.0,3109,1590,0.2947041234411299,0.5869374192990363
COMPLETED,0.13,408.0,0.88,3260,3672,0.1065553530715405,0.6568646864704787
COMPLETED,0.22,454.0,0.69,1355,1969,0.716441435817629,0.4690576552804559
COMPLETED,0.05,550.0,0.07,313,4517,0.4343727862462401,0.9062469313330948
COMPLETED,0.32,610.0,1.0,4616,1103,0.7640701023191213,0.219706335408613
COMPLETED,0.2,547.0,1.0,4713,2933,0.4772106705121695,0.388101560652256
COMPLETED,0.1199999999999999,614.0,0.25,371,1428,0.8379736678488552,0.700390135930851
COMPLETED,0.16,479.0,0.44,1725,3957,0.0560441450551152,0.1384527838602662
COMPLETED,0.1799999999999999,389.0,0.2,3670,423,0.6346208941936493,0.9500080323461442
COMPLETED,0.07,556.0,0.47,2542,4982,0.9475512662008404,0.8006481901425868
COMPLETED,0.39,950.0,1.0,1906,630,0.3688517168164253,0.1148194545656442
COMPLETED,0.1199999999999999,430.0,0.26,845,3199,0.5271154709868133,0.551030301162973
COMPLETED,0.22,527.0,1.0,3917,2433,0.1662297180183231,0.3644682387933135
COMPLETED,0.17,524.0,0.95,3885,3324,0.8514117335174232,0.8940424709077924
COMPLETED,0.14,515.0,0.32,730,2288,0.4637403953392058,0.2085805857293307
COMPLETED,0.04,642.0,0.45,2188,4817,0.6797794939782469,0.6446456149350852
COMPLETED,0.28,534.0,1.0,2741,814,0.0109143083374947,0.4579475130923092
COMPLETED,0.1499999999999999,420.0,0.93,3546,3809,0.3238130861427634,0.2944577384851873
COMPLETED,0.38,1264.0,0.99,1685,551,0.9925573899429292,0.6068785461690276
COMPLETED,0.0899999999999999,441.0,0.1799999999999999,559,3120,0.1529115322325378,0.0450908185578882
COMPLETED,0.2399999999999999,606.0,0.77,4984,1260,0.5404620034415275,0.8562754095774144
COMPLETED,0.1499999999999999,421.0,0.94,4417,4665,0.2036380738075822,0.5007552940100432
COMPLETED,0.0299999999999999,763.0,0.0299999999999999,31,975,0.6224978786241263,0.3133224894125014
COMPLETED,0.1499999999999999,405.0,0.41,1470,3485,0.280763675386086,0.750358304195106
COMPLETED,0.2,433.0,1.0,3292,2136,0.9184422979224472,0.063689520874992
COMPLETED,0.14,479.0,1.0,2838,2657,0.7302619482222943,0.18186185564287
COMPLETED,0.07,372.0,0.0899999999999999,2246,1735,0.0927060813177376,0.9923041260540484
COMPLETED,0.11,490.0,0.25,1100,4284,0.8086060531791299,0.4314948316160589
COMPLETED,0.2099999999999999,978.0,0.27,4295,88,0.3898690486084669,0.742701123304665
COMPLETED,0.17,480.0,0.77,4371,2664,0.039538420125842,0.8666333565749227
COMPLETED,0.22,478.0,0.69,1182,1706,0.6460105147585273,0.0561747834365814
COMPLETED,0.05,629.0,0.55,2321,4158,0.4916445177234709,0.6169845426045358
COMPLETED,0.45,1352.0,1.0,2918,233,0.816960850443691,0.3057926426734775
COMPLETED,0.14,494.0,0.76,3372,4401,0.5040310212410986,0.439071430189535
COMPLETED,0.26,1960.0,0.92,1545,1221,0.1788374738954007,0.6264860359616578
COMPLETED,0.04,743.0,0.0299999999999999,112,3711,0.9568682877868414,0.1894535635169595
COMPLETED,0.2099999999999999,534.0,0.8399999999999999,4493,1930,0.3505189636573195,0.8761348424963653
COMPLETED,0.16,437.0,0.97,4904,3997,0.875167590726167,0.7306467446330934
COMPLETED,0.35,500.0,1.0,484,385,0.2998839329890906,0.4182098721638322
COMPLETED,0.13,499.0,0.27,1604,2816,0.5780548254251479,0.9799980347622184
COMPLETED,0.26,447.0,1.0,3470,1546,0.2215519593432545,0.1688275975584983
COMPLETED,0.1,448.0,0.82,2665,3237,0.409700305879116,0.0847684944495558
COMPLETED,0.04,723.0,0.8599999999999999,2107,2393,0.7660823198631405,0.7702124187443405
COMPLETED,0.08,469.0,0.13,655,4864,0.1138056201227009,0.3341507616192102
COMPLETED,0.35,905.0,1.0,3805,747,0.6889683811478317,0.5208611211795359
COMPLETED,0.1499999999999999,412.0,0.8499999999999999,3997,4699,0.2514665593225509,0.2405350872166454
COMPLETED,0.17,413.0,0.39,920,931,0.9236172371003776,0.9263513271342962
COMPLETED,0.1799999999999999,472.0,0.5899999999999999,1987,3362,0.2038195675890892,0.4901380602233111
COMPLETED,0.1199999999999999,438.0,0.99,2618,2248,0.5957586362864821,0.6767183214183897
COMPLETED,0.19,415.0,0.99,3746,3003,0.7839384580533951,0.5746270413380115
COMPLETED,0.2899999999999999,660.0,1.0,1807,1378,0.3918766188528388,0.2623240743018686
COMPLETED,0.07,491.0,0.11,446,3849,0.737509471507743,0.8242600396182387
COMPLETED,0.41,1687.0,1.0,4793,513,0.065236008355394,0.0127210938595235
COMPLETED,0.1799999999999999,413.0,1.0,4539,3524,0.663270802212879,0.3453340820465237
COMPLETED,0.07,663.0,0.11,232,2098,0.0223066577967256,0.5331288555189966
COMPLETED,0.13,443.0,0.28,1280,4549,0.865850213157013,0.0959371888954192
COMPLETED,0.2399999999999999,582.0,0.8499999999999999,3180,1093,0.4427227075640112,0.782495745703578
COMPLETED,0.0899999999999999,550.0,0.4199999999999999,3029,4322,0.1298243387211114,0.9601173562482
COMPLETED,0.55,3296.0,1.0,2359,49,0.5530727410260587,0.1497853123489767
COMPLETED,0.1499999999999999,429.0,0.38,979,2539,0.3331349929701536,0.7107504586279391
COMPLETED,0.26,497.0,1.0,4095,1851,0.974219989484176,0.3991821980644017
COMPLETED,0.17,421.0,0.99,4113,3733,0.3615758143309503,0.5394231423605232
COMPLETED,0.2,433.0,0.51,960,1879,0.9401677917409688,0.3525929196476936
COMPLETED,0.0599999999999999,513.0,0.53,2413,4447,0.1580326872821897,0.7888054764512926
COMPLETED,0.26,436.0,1.0,2974,1184,0.518780456347391,0.103241570033133
COMPLETED,0.1199999999999999,411.0,0.75,3164,4184,0.8297233976479619,0.142470545426011
COMPLETED,0.1499999999999999,303.0,0.08,1295,177,0.4688528729509562,0.9537571576852352
COMPLETED,0.05,622.0,0.0599999999999999,174,2706,0.6273983501438051,0.3918219024762511
COMPLETED,0.25,668.0,0.93,4597,1674,0.0486835724879056,0.7043748310301453
COMPLETED,0.14,439.0,0.9,4812,4920,0.7090686501469463,0.9336850606165826
COMPLETED,0.23,491.0,0.5899999999999999,428,720,0.0992882060986012,0.2468763043489307
COMPLETED,0.1799999999999999,501.0,0.56,1862,3268,0.7557301094923168,0.684067260865122
COMPLETED,0.22,421.0,1.0,3692,2352,0.4261689035315066,0.4965250588338822
COMPLETED,0.11,608.0,0.91,2603,2868,0.2399463830981403,0.2560411436017602
COMPLETED,0.04,667.0,1.0,2004,1523,0.569628470899537,0.5673568327240645
COMPLETED,0.1,542.0,0.2099999999999999,863,4033,0.2873390113916248,0.0063923965524882
COMPLETED,0.23,700.0,0.3699999999999999,4055,339,0.8972403224091977,0.8169746399112044
COMPLETED,0.16,440.0,0.97,3789,3905,0.0853609916940331,0.4118990167696028
COMPLETED,0.23,545.0,0.54,670,486,0.7230243859589099,0.7233434881418943
COMPLETED,0.0299999999999999,1302.0,0.67,2049,3035,0.3814957643859088,0.1625320670995861
COMPLETED,0.1499999999999999,480.0,0.97,3488,3414,0.6141778338663278,0.7775739579498768
COMPLETED,0.07,475.0,0.11,539,4736,0.911043849863112,0.5281770127490162
COMPLETED,0.22,583.0,1.0,4478,2561,0.9853129162155092,0.0488247156254947
COMPLETED,0.05,706.0,0.0599999999999999,129,1800,0.3164629588462412,0.8602474863287061
COMPLETED,0.13,479.0,0.34,1488,4369,0.5322355627343058,0.2984576618559658
COMPLETED,0.11,417.0,0.63,2937,4575,0.4555215092822909,0.6328159806039184
COMPLETED,0.14,595.0,1.0,2303,1037,0.8430872087627648,0.4463555825613438
COMPLETED,0.13,703.0,0.3,1237,3566,0.003662160988897,0.8824189015608281
COMPLETED,0.2399999999999999,520.0,1.0,4317,2065,0.6723912365175783,0.1967226437665522
COMPLETED,0.16,580.0,0.94,4236,4486,0.7744315533805639,0.3226026198044419
COMPLETED,0.28,591.0,0.99,1161,1144,0.4179439155701548,0.5090486260894685
COMPLETED,0.05,669.0,0.6099999999999999,2223,3615,0.6963356179427355,0.0729847828745841
COMPLETED,0.14,456.0,0.92,2862,1996,0.1210367319341748,0.7586973433960229
COMPLETED,0.11,438.0,0.33,3355,2746,0.3072588434051722,0.9840748133156448
COMPLETED,0.25,956.0,0.8599999999999999,1408,1636,0.8824368327017872,0.1726395469531416
COMPLETED,0.04,779.0,0.01,52,4068,0.2298936382103711,0.734426088573411
COMPLETED,0.45,4162.0,1.0,4397,295,0.5862604239229113,0.4222573764473199
COMPLETED,0.2,420.0,1.0,4924,3152,0.1870860320311039,0.2168288836162537
COMPLETED,0.11,483.0,0.22,618,2470,0.5123871364798396,0.9032458093203604
COMPLETED,0.13,571.0,0.33,1661,4960,0.3577394164223223,0.4662111805286258
COMPLETED,0.35,1767.0,0.99,3569,681,0.964226739326492,0.6538944225274025
COMPLETED,0.1,620.0,0.7,2803,3916,0.6532843259591609,0.5976097830720246
COMPLETED,0.1499999999999999,539.0,1.0,2125,455,0.0469197735581547,0.2861530539821833
COMPLETED,0.1199999999999999,604.0,0.25,750,2906,0.8251561691146344,0.8469611624293029
COMPLETED,0.2899999999999999,477.0,1.0,3864,1484,0.4999778500404208,0.0367707496341317
COMPLETED,0.19,420.0,0.99,3980,3073,0.5612937778532505,0.6910956416651606
COMPLETED,0.23,595.0,0.6,783,1297,0.1381510439887642,0.3797617537174373
COMPLETED,0.1499999999999999,446.0,0.46,1927,3787,0.9814737894125282,0.9407285507172346
COMPLETED,0.2899999999999999,477.0,1.0,2522,603,0.3405248732678592,0.1301588030178099
COMPLETED,0.13,400.0,0.76,3611,4775,0.0295527841039001,0.1230938405338674
COMPLETED,0.27,691.0,0.68,1786,846,0.6706225523464381,0.8098862940743565
COMPLETED,0.07,649.0,0.11,348,3297,0.4509512990415096,0.3726967837978154
COMPLETED,0.23,743.0,1.0,4737,2344,0.8742149296179413,0.5602533775866032
COMPLETED,0.16,539.0,0.98,4678,4252,0.4001944793798029,0.8280567607413977
COMPLETED,0.4199999999999999,1453.0,1.0,250,129,0.7921487763486803,0.0167521875984966
COMPLETED,0.19,534.0,0.53,1375,2600,0.0726328298598527,0.5786897738929838
COMPLETED,0.22,445.0,1.0,3239,1762,0.744768279366195,0.2661491030566394
COMPLETED,0.14,523.0,0.8699999999999999,3049,3448,0.9309607001692056,0.4783712499476969
COMPLETED,0.1199999999999999,482.0,1.0,2493,2182,0.258702465288341,0.6651854078751057
COMPLETED,0.11,432.0,0.22,1037,4614,0.604129736278206,0.2289743270538747
COMPLETED,0.1799999999999999,399.0,0.35,4194,997,0.2120526688061654,0.9145523872878402
COMPLETED,0.2,544.0,1.0,4200,2840,0.9083611812703312,0.1342404900491237
COMPLETED,0.13,508.0,0.22,1030,1532,0.2667232081480324,0.9444442294407636
COMPLETED,0.07,483.0,0.6099999999999999,2463,4022,0.6111985002532601,0.3835994761064648
COMPLETED,0.2099999999999999,810.0,0.44,3080,369,0.1883793448507785,0.6950543035212903
COMPLETED,0.1199999999999999,1054.0,0.66,3212,4853,0.3765595384016632,0.5486182894427329
COMPLETED,0.35,678.0,1.0,1404,767,0.7992558935582637,0.3609407561868429
COMPLETED,0.0599999999999999,598.0,0.08,263,3219,0.080614832829684,0.7980082227978855
COMPLETED,0.22,655.0,1.0,4664,2422,0.7221300503201782,0.1115817775651812
COMPLETED,0.17,404.0,1.0,4762,4173,0.006376282505691,0.2780278007891028
COMPLETED,0.23,526.0,0.4799999999999999,322,207,0.6792008187323809,0.5902022216580807
COMPLETED,0.2,425.0,0.66,1775,2678,0.4584714124761521,0.0283866530042141
COMPLETED,0.2399999999999999,451.0,0.98,3622,1683,0.850102101240307,0.8398123998381197
COMPLETED,0.08,636.0,0.65,2514,3683,0.5372031524144113,0.9107142763845621
COMPLETED,0.2399999999999999,513.0,0.99,1936,1949,0.1456933306194841,0.2250150424595922
COMPLETED,0.0899999999999999,460.0,0.1799999999999999,815,4380,0.990029495947063,0.6611041056402027
COMPLETED,0.3099999999999999,748.0,1.0,3946,1232,0.3173258415609598,0.4746561976801604
COMPLETED,0.1499999999999999,492.0,0.82,3837,4564,0.630143783306703,0.7547381015568971
COMPLETED,0.25,541.0,0.7299999999999999,779,1067,0.0554045585822314,0.0691467184443026
COMPLETED,0.04,794.0,0.5899999999999999,2138,3538,0.8327655999306589,0.5053335273489356
COMPLETED,0.16,534.0,1.0,2789,2074,0.4758401270080357,0.3185212748143821
COMPLETED,0.2099999999999999,428.0,1.0,3575,2510,0.1629099557641893,0.4337697814572602
COMPLETED,0.2399999999999999,454.0,0.8699999999999999,1655,1870,0.5199581843186168,0.7463047398328782
COMPLETED,0.08,569.0,0.14,588,4301,0.3662629115935415,0.1843952325228601
COMPLETED,0.07,318.0,0.04,4955,59,0.941124936563894,0.9957093214765192
COMPLETED,0.19,462.0,1.0,4389,3386,0.284562095561996,0.6421384116467088
COMPLETED,0.0299999999999999,839.0,0.0299999999999999,61,2235,0.8904897869247943,0.4545761053971946
COMPLETED,0.1199999999999999,393.0,0.3,1440,4725,0.2369336409773677,0.8917337333392352
COMPLETED,0.32,526.0,1.0,3321,915,0.5626725507955997,0.2049507956095039
COMPLETED,0.11,434.0,0.75,2887,3838,0.7508215070571749,0.040486411627382
COMPLETED,0.1199999999999999,441.0,0.33,2197,534,0.4249617153983563,0.8510428364481776
COMPLETED,0.1499999999999999,433.0,0.38,1150,2985,0.7044111022744328,0.290111728850752
COMPLETED,0.28,655.0,0.97,4247,1407,0.0983625439424067,0.6014475221913307
COMPLETED,0.1199999999999999,417.0,0.65,4322,3983,0.4479307754822075,0.976821285719052
COMPLETED,0.4,1222.0,1.0,1230,408,0.8672207566611468,0.1662485581710934
COMPLETED,0.0599999999999999,566.0,0.7299999999999999,2273,2956,0.0267837686836719,0.7271801602412014
COMPLETED,0.23,443.0,1.0,2968,1414,0.6639103886857629,0.4158587586581706
COMPLETED,0.16,416.0,1.0,3402,3180,0.9768087947070598,0.3288758274242282
COMPLETED,0.2,394.0,0.6099999999999999,1516,2461,0.3395613226071,0.5164199348483234
COMPLETED,0.04,689.0,0.0299999999999999,141,4971,0.5563925032801926,0.0792656195014715
COMPLETED,0.22,576.0,0.47,4464,651,0.1369816253893077,0.7660610528904944
COMPLETED,0.2,575.0,1.0,4874,2796,0.607118925884366,0.6225221570469439
COMPLETED,0.1499999999999999,636.0,0.33,512,1566,0.2190173816010355,0.3099711338859051
COMPLETED,0.13,626.0,0.3599999999999999,1575,4135,0.9337592649795114,0.8718811654113233
COMPLETED,0.46,4637.0,1.0,3500,247,0.2654461116157472,0.0605812302734702
COMPLETED,0.0899999999999999,471.0,0.6,2714,4497,0.0772663418985903,0.1928854084145277
COMPLETED,0.05,918.0,0.66,2058,1114,0.7457022806368768,0.8784588306434452
COMPLETED,0.1,442.0,0.19,703,3643,0.4051252141147851,0.4422753045912832
COMPLETED,0.2399999999999999,465.0,1.0,3755,1987,0.7933495289012789,0.6290998148433863
COMPLETED,0.1799999999999999,512.0,1.0,4027,3498,0.2328513377141207,0.0992814563605934
COMPLETED,0.16,405.0,0.41,891,2112,0.5933135543819515,0.7849681946262717
COMPLETED,0.0299999999999999,774.0,0.4299999999999999,2016,4681,0.3099650496412068,0.3488768003601581
COMPLETED,0.2399999999999999,668.0,1.0,2589,949,0.8892080579642206,0.5353429071456193
COMPLETED,0.13,582.0,0.8499999999999999,3697,4263,0.7010596296358853,0.7158883458152413
COMPLETED,0.08,529.0,0.1,398,2628,0.7793918300699442,0.9655136258602142
COMPLETED,0.27,514.0,1.0,4843,1753,0.4190504654999822,0.1541041817534714
COMPLETED,0.14,500.0,0.94,4589,4843,0.8222298333067447,0.4847679642029106
COMPLETED,0.1199999999999999,562.0,0.19,183,799,0.4929541500005871,0.6724332397412509
COMPLETED,0.1499999999999999,495.0,0.4,1327,3348,0.6505485405903308,0.2353634123019874
COMPLETED,0.1199999999999999,572.0,0.4,3130,2274,0.0401170953717082,0.9218078184183686
COMPLETED,0.13,431.0,0.95,2999,3101,0.3530468576531857,0.8206911477129906
COMPLETED,0.1499999999999999,633.0,1.0,2387,1289,0.963355532368645,0.0104732545055449
COMPLETED,0.11,452.0,0.25,950,3799,0.1820963249225169,0.5713165616001933
COMPLETED,0.4,1443.0,1.0,4125,572,0.5112492228541523,0.2598777989707887
COMPLETED,0.14,763.0,0.82,4065,4934,0.1538991559054702,0.6806768327020108
COMPLETED,0.32,1998.0,0.99,1010,697,0.5455450729411095,0.4939759926702827
COMPLETED,0.07,728.0,0.6199999999999999,2364,3129,0.3245948567483574,0.9300666768290102
COMPLETED,0.16,436.0,1.0,3022,2483,0.9974041647035627,0.2446170437913388
COMPLETED,0.16,900.0,1.0,3193,2924,0.686431703755632,0.0012093004342168
COMPLETED,0.2099999999999999,827.0,0.6199999999999999,1266,1456,0.0137432776410132,0.8123816393129527
COMPLETED,0.05,650.0,0.05,204,3927,0.8583459377195685,0.2505682567488402
COMPLETED,0.3599999999999999,1217.0,0.93,4568,434,0.4668208876531571,0.5629918026216328
COMPLETED,0.17,537.0,0.97,4783,3602,0.8075889990869909,0.7942512379456311
COMPLETED,0.1199999999999999,563.0,0.23,458,2018,0.384754615413025,0.107571860641241
COMPLETED,0.14,475.0,0.4,1832,4470,0.7295116305407136,0.5446409779731183
COMPLETED,0.3,532.0,1.0,3720,1170,0.0878888856898993,0.3572130456045269
COMPLETED,0.0899999999999999,488.0,0.65,2651,4089,0.2740818864759057,0.395467411622405
COMPLETED,0.26,1057.0,0.44,1954,283,0.9155818756949156,0.7066688310820609
COMPLETED,0.14,700.0,0.33,912,2774,0.1967352333012968,0.1458262340947985
COMPLETED,0.17,429.0,0.4799999999999999,4006,1618,0.6194468167293817,0.956279098490253
COMPLETED,0.2099999999999999,457.0,1.0,3818,2587,0.4333261901997029,0.3017110281400382
COMPLETED,0.1499999999999999,2343.0,0.3599999999999999,641,1785,0.7590498717464506,0.6132697728928178
COMPLETED,0.0299999999999999,1299.0,0.4899999999999999,2079,4236,0.1057145357355475,0.0523365089483559
COMPLETED,0.17,495.0,0.19,2693,155,0.71165745536983,0.8626742653083055
COMPLETED,0.13,391.0,0.68,3440,4635,0.8978799088820814,0.8877695012297481
COMPLETED,0.3099999999999999,611.0,1.0,1635,986,0.2918161222785711,0.2012090390287339
COMPLETED,0.08,610.0,0.14,489,3476,0.570999014403671,0.6383650162499397
COMPLETED,0.2399999999999999,630.0,1.0,4897,2164,0.2451544510163366,0.4505835656560957
COMPLETED,0.1799999999999999,431.0,1.0,4526,3761,0.5281915271952748,0.1569492437262088
COMPLETED,0.0599999999999999,881.0,0.01,79,619,0.171281282544136,0.9684862840920688
COMPLETED,0.1799999999999999,433.0,0.5,1537,3050,0.9483606008701027,0.4065745906922966
COMPLETED,0.26,562.0,0.95,3382,1311,0.3736061478741466,0.7188908806070685
COMPLETED,0.13,421.0,0.88,2908,3315,0.0626631247811019,0.524699007153511
COMPLETED,0.0899999999999999,613.0,1.0,2333,2316,0.637540378022939,0.3381092301476746
COMPLETED,0.11,531.0,0.25,1207,4787,0.4840506869629025,0.7742944180741906
COMPLETED,0.3599999999999999,924.0,1.0,4345,825,0.8410836872458458,0.0884838906172663
COMPLETED,0.19,552.0,0.99,4265,3246,0.7383419497292489,0.4619070486407726
COMPLETED,0.1799999999999999,414.0,0.47,1131,2365,0.0700440246369689,0.6484824338890612
COMPLETED,0.04,612.0,0.46,2252,4894,0.7849914896804839,0.2122968109752982
COMPLETED,0.17,786.0,0.34,2832,736,0.3968747171256691,0.8981236411593854
COMPLETED,0.13,395.0,0.8,3305,4044,0.2106821253020316,0.8447628298290074
COMPLETED,0.4299999999999999,1726.0,1.0,1456,318,0.5989216683600098,0.0332132938038557
COMPLETED,0.05,537.0,0.0,4,2886,0.2580628788154572,0.5951216151230037
COMPLETED,0.28,585.0,1.0,4446,1496,0.9264835892822592,0.2828235240336507
COMPLETED,0.16,426.0,1.0,4974,4431,0.3323320641387254,0.0754458254650235
COMPLETED,0.19,484.0,0.46,571,1210,0.969443455869332,0.7619921338502317
COMPLETED,0.1499999999999999,418.0,0.46,1710,3720,0.1287399731408804,0.3248356918990611
COMPLETED,0.23,418.0,1.0,3520,1902,0.5480451825913041,0.5126332072783261
COMPLETED,0.13,500.0,0.98,2773,2734,0.859017115605995,0.7389852865729482
COMPLETED,0.0599999999999999,707.0,1.0,2154,1656,0.4395910094436258,0.4274142841026186
COMPLETED,0.08,553.0,0.1,722,4205,0.6566430000532418,0.9883442057091743
COMPLETED,0.5,6498.0,1.0,3894,166,0.0194107562247663,0.1780244102329015
COMPLETED,0.1499999999999999,457.0,0.88,3930,4352,0.9560948414243756,0.5828568587731568
COMPLETED,0.2099999999999999,496.0,0.7199999999999999,1879,2547,0.5030369768589735,0.8324822280462831
COMPLETED,0.14,438.0,1.0,2571,1823,0.1737765218243002,0.0220418593101203
COMPLETED,0.16,477.0,1.0,3640,3594,0.4847191210836171,0.2313401780761778
COMPLETED,0.2,592.0,0.7399999999999999,1757,2047,0.8138567907437682,0.918003252653405
COMPLETED,0.0599999999999999,804.0,0.08,377,4596,0.032879306320101,0.4809355518184602
COMPLETED,0.32,1141.0,1.0,4706,1025,0.6432032093070447,0.6683778759445995
COMPLETED,0.14,438.0,0.57,4648,3012,0.1145494873523712,0.9381304611191152
COMPLETED,0.1199999999999999,618.0,0.2099999999999999,279,1350,0.6938077239468694,0.1269401613567024
COMPLETED,0.14,424.0,0.34,1347,3879,0.4107257139571011,0.6887559642344712
COMPLETED,0.38,1371.0,1.0,3269,502,0.7711727023534477,0.3763446760792285
COMPLETED,0.11,412.0,0.65,3099,4747,0.5849507916457951,0.368305104220286
COMPLETED,0.2099999999999999,441.0,0.96,2445,864,0.2246246553473174,0.5549898794665932
COMPLETED,0.14,402.0,0.32,1085,3432,0.8818581574559212,0.1189005820620804
COMPLETED,0.22,547.0,0.98,4145,2198,0.3027208175733685,0.8043643689155578
COMPLETED,0.19,418.0,1.0,4159,3421,0.0680216350834816,0.2844572710711508
COMPLETED,0.19,676.0,0.4899999999999999,1082,2190,0.7403560113217682,0.5958939498513935
COMPLETED,0.0599999999999999,539.0,0.52,2461,4758,0.3948758912403136,0.0350527860913425
COMPLETED,0.2099999999999999,563.0,0.68,3091,872,0.7869986435268073,0.8452684764787554
COMPLETED,0.1199999999999999,512.0,0.8,3272,3868,0.6007979616839438,0.901063907712698
COMPLETED,0.39,837.0,1.0,1332,493,0.2087979799006134,0.2146255114842206
COMPLETED,0.0599999999999999,574.0,0.0899999999999999,286,3023,0.9283829555194824,0.6516893885210155
COMPLETED,0.3,720.0,1.0,4633,1359,0.2561713646557182,0.4640300038997083
COMPLETED,0.1499999999999999,417.0,1.0,4692,4607,0.9714648787844926,0.1787407580129802
COMPLETED,0.1,263.0,0.04,384,1034,0.3303189691845327,0.9901557361241428
COMPLETED,0.17,421.0,0.4799999999999999,1743,3583,0.5500430715810507,0.4283361689336597
COMPLETED,0.22,506.0,0.95,3644,2039,0.1267337561901658,0.7405303965937347
COMPLETED,0.11,541.0,1.0,2564,2558,0.4377137792240828,0.5146637184526771
COMPLETED,0.26,482.0,1.0,1894,1832,0.8609021979030221,0.3281960037015378
COMPLETED,0.1,501.0,0.1799999999999999,828,4341,0.0175104233492165,0.7642890654187648
COMPLETED,0.1499999999999999,514.0,0.91,3897,4216,0.3476705500520765,0.670794020043686
COMPLETED,0.44,1406.0,0.99,707,174,0.954080787267536,0.483971114039421
COMPLETED,0.04,749.0,0.53,2161,2723,0.1757753551453352,0.9201529763583092
COMPLETED,0.19,478.0,1.0,2758,1648,0.5010298155769705,0.2345812773481011
COMPLETED,0.1499999999999999,542.0,0.94,3534,3731,0.8119805048555135,0.0228483386784791
COMPLETED,0.22,429.0,0.83,1706,1911,0.4866032590493559,0.8341427435297519
COMPLETED,0.0899999999999999,638.0,0.13,585,4420,0.6413038356341421,0.2722381828054785
COMPLETED,0.2899999999999999,724.0,0.97,4967,1202,0.0347708279155194,0.5847837946508079
COMPLETED,0.2,585.0,0.99,4440,2875,0.6917862787246702,0.8076981502138078
COMPLETED,0.0299999999999999,778.0,0.01,19,1487,0.1165626046136021,0.1208967106547206
COMPLETED,0.14,401.0,0.35,1453,4055,0.7691748356707394,0.5580569726862012
COMPLETED,0.44,1692.0,1.0,3319,326,0.4127319086007774,0.3705069780629128
COMPLETED,0.0899999999999999,427.0,0.5799999999999998,2817,4883,0.2265019078738987,0.3780611487682908
COMPLETED,0.1499999999999999,658.0,0.88,2259,727,0.5830656870417296,0.6893846304826438
COMPLETED,0.14,476.0,0.34,1118,3257,0.30462112814188,0.1284508887957781
COMPLETED,0.2,575.0,0.89,4268,2374,0.8799656989648938,0.9390258154459296
COMPLETED,0.1499999999999999,505.0,0.9,4350,4798,0.5435241184737533,0.5656640278026461
COMPLETED,0.32,621.0,1.0,1194,834,0.1559127341788262,0.2543223472628742
COMPLETED,0.0599999999999999,630.0,0.67,2339,3304,0.9954058072660116,0.8152594015449285
COMPLETED,0.16,439.0,1.0,2892,2308,0.3266005903799086,0.0046969705540686
COMPLETED,0.16,416.0,1.0,3395,3061,0.0156209911797195,0.2446954846326261
COMPLETED,0.19,470.0,0.4899999999999999,1533,1319,0.6845470899064093,0.9314806214645504
COMPLETED,0.0299999999999999,735.0,0.0299999999999999,96,3751,0.4687207372095436,0.4943208539057523
COMPLETED,0.35,931.0,0.94,4520,610,0.8564529884736986,0.6818852402865887
COMPLETED,0.13,428.0,0.7299999999999999,4891,3465,0.3867765365187078,0.9598611087929456
COMPLETED,0.11,562.0,0.23,505,2156,0.8055744541753083,0.148548743057996
COMPLETED,0.14,407.0,0.35,1630,4646,0.0898881800230592,0.7104565866347402
COMPLETED,0.32,601.0,1.0,3453,994,0.7275049600135534,0.3979232325069606
COMPLETED,0.0899999999999999,448.0,0.63,2676,4225,0.9137050990518182,0.3582088559605181
COMPLETED,0.17,735.0,1.0,2084,147,0.2759655634295195,0.545015697179362
COMPLETED,0.11,596.0,0.2399999999999999,628,2598,0.6175479338113218,0.108834359075874
COMPLETED,0.22,451.0,0.9,3822,1793,0.1986272159088403,0.7944202119018882
COMPLETED,0.2,607.0,1.0,4020,2763,0.7610708336494862,0.4519633656516671
COMPLETED,0.2099999999999999,491.0,0.56,908,1609,0.4313126044906676,0.6384166886452585
COMPLETED,0.16,419.0,0.4799999999999999,1970,4100,0.7136558053717017,0.2023221509456634
COMPLETED,0.16,537.0,0.1799999999999999,2646,292,0.1037088095396757,0.8880269188750534
COMPLETED,0.14,419.0,0.81,3725,4459,0.2899384013041854,0.8663409122321754
COMPLETED,0.3099999999999999,668.0,1.0,1819,1162,0.8997645301669835,0.0549134384617209
COMPLETED,0.07,483.0,0.13,464,3613,0.2432546088956296,0.616730674566701
COMPLETED,0.25,483.0,1.0,4766,2027,0.5728919562138616,0.3045546457320451
COMPLETED,0.17,436.0,1.0,4551,3938,0.1692593837454915,0.0889536675494164
COMPLETED,0.14,720.0,0.1499999999999999,209,443,0.5302060497999191,0.7753779099620878
COMPLETED,0.16,432.0,0.4299999999999999,1253,2913,0.3716068312339484,0.3383125866856426
COMPLETED,0.2399999999999999,484.0,1.0,3197,1447,0.950367293704301,0.5259880360923707
COMPLETED,0.13,636.0,0.94,3016,3140,0.6394171323589981,0.7216399200744927
COMPLETED,0.0899999999999999,501.0,0.95,2380,2491,0.0607794701345264,0.4101909835767
COMPLETED,0.0899999999999999,473.0,0.1799999999999999,1005,4923,0.8429825924709439,0.9710297865085304
COMPLETED,0.3699999999999999,1204.0,1.0,4078,689,0.4821586820483207,0.1608320570047944
COMPLETED,0.17,498.0,0.95,4140,3807,0.8692345877476036,0.768032718097791
COMPLETED,0.35,558.0,1.0,943,583,0.4459100440852343,0.0825629213564097
COMPLETED,0.07,519.0,0.77,2401,3093,0.6659158695042133,0.518658169163391
COMPLETED,0.2399999999999999,508.0,1.0,2996,1278,0.0247851881757378,0.3319675030000507
COMPLETED,0.14,423.0,0.93,3137,3356,0.3376764559447765,0.4165158143304288
COMPLETED,0.19,439.0,0.55,1313,2285,0.9786862851753833,0.7289291863348335
COMPLETED,0.04,830.0,0.04,187,4834,0.1350889289565384,0.1671112401224672
COMPLETED,0.1799999999999999,232.0,0.2099999999999999,4575,788,0.5582925759069621,0.978303742704913
COMPLETED,0.2099999999999999,507.0,1.0,4829,2620,0.2170026136189699,0.6321033292859792
COMPLETED,0.1199999999999999,505.0,0.23,401,1742,0.6091405941769481,0.4446626131255179
COMPLETED,0.1499999999999999,419.0,0.4199999999999999,1840,4272,0.2634396641589701,0.8817286465093493
COMPLETED,0.52,14025.0,1.0,3704,110,0.9357588121257722,0.195067298868671
COMPLETED,0.08,784.0,0.55,2586,4672,0.7475861806608736,0.0622777195740491
COMPLETED,0.05,668.0,0.3099999999999999,2030,938,0.0753898180685937,0.8727125543057918
COMPLETED,0.1199999999999999,424.0,0.25,884,3507,0.7952412884384393,0.3118730412665754
COMPLETED,0.2399999999999999,444.0,1.0,4042,2123,0.4032260783836245,0.6230872445181012
COMPLETED,0.17,481.0,1.0,3762,3635,0.5912997456025331,0.1558797383513301
COMPLETED,0.1,1648.0,0.11,688,1976,0.2348720468040555,0.9662050641141832
COMPLETED,0.0299999999999999,791.0,0.45,2062,4505,0.8872025548387318,0.4052696717064827
COMPLETED,0.2,507.0,0.89,2700,1125,0.3119636524561792,0.7168460854925214
COMPLETED,0.14,530.0,0.8499999999999999,3515,4126,0.1238223623801022,0.5387352667264639
COMPLETED,0.47,5035.0,1.0,1568,236,0.6991821614746004,0.3509361470993608
COMPLETED,0.1,558.0,0.1799999999999999,527,2804,0.4209431842397898,0.7880942527838051
COMPLETED,0.27,1658.0,1.0,4871,1577,0.7774917351361365,0.1015462211798876
COMPLETED,0.1499999999999999,462.0,0.89,4461,4980,0.4949689254183322,0.2606217442750931
COMPLETED,0.13,580.0,0.23,155,662,0.8202081575784831,0.5729177552331239
COMPLETED,0.17,387.0,0.4799999999999999,1509,3171,0.0421235353928059,0.0110115735307335
COMPLETED,0.1799999999999999,735.0,0.98,3417,2450,0.6485490008797496,0.8225589104536921
COMPLETED,0.13,435.0,0.93,2954,2965,0.9614716249089688,0.9241609823126344
COMPLETED,0.11,533.0,1.0,2276,1425,0.3549233889188617,0.2383401582986116
COMPLETED,0.27,506.0,1.0,1993,1670,0.4410588859915733,0.1161467902660369
COMPLETED,0.13,549.0,0.77,3507,4405,0.5903377601522952,0.7207904197238386
COMPLETED,0.33,895.0,1.0,4294,979,0.0828632270712405,0.4327584258839488
COMPLETED,0.07,593.0,0.1,280,2619,0.9490968548934908,0.7959724722579121
COMPLETED,0.17,379.0,0.13,1100,242,0.658934120638296,0.9235286493450404
COMPLETED,0.1799999999999999,471.0,1.0,4645,3602,0.309121501551941,0.2876595105528831
COMPLETED,0.13,538.0,0.99,2609,2109,0.7996012836564332,0.6244293567724525
COMPLETED,0.14,437.0,0.3599999999999999,1564,4375,0.1689873280357569,0.2300505933202803
COMPLETED,0.34,653.0,1.0,1534,852,0.8145653375666588,0.3157574597224593
COMPLETED,0.1,592.0,0.51,3029,3118,0.2173315113801509,0.9584107934609056
COMPLETED,0.2899999999999999,541.0,1.0,4753,1486,0.7053747700471431,0.1411651914529502
COMPLETED,0.08,477.0,0.16,759,4845,0.3260804590266198,0.526795312937349
COMPLETED,0.08,617.0,0.14,328,2236,0.0344576547574251,0.6309606345184147
COMPLETED,0.16,471.0,0.99,3854,3877,0.9340714120138436,0.019456670615822
COMPLETED,0.2099999999999999,494.0,0.34,3381,429,0.4241603554952889,0.8230655860155821
COMPLETED,0.07,609.0,0.7399999999999999,2355,3163,0.5439575479459017,0.4686458664238453
COMPLETED,0.1499999999999999,675.0,0.91,2216,620,0.2226067560147494,0.5711108442340045
COMPLETED,0.14,439.0,0.96,3222,3355,0.8706723107565194,0.2157565340939909
COMPLETED,0.2,442.0,0.91,3999,2348,0.3626800164449959,0.879924792503938
COMPLETED,0.07,537.0,0.1199999999999999,493,3988,0.7301878869961947,0.2675473295953124
COMPLETED,0.23,443.0,0.67,922,1374,0.8781167215388268,0.3872987572979181
COMPLETED,0.14,450.0,0.98,4897,4734,0.0290301274079829,0.7738176655452698
COMPLETED,0.32,534.0,1.0,2871,661,0.5190530613679439,0.064809992255643
COMPLETED,0.17,495.0,0.4699999999999999,1396,2926,0.387652167705819,0.708413085328415
COMPLETED,0.22,581.0,0.82,1757,1907,0.5956568455528468,0.8704963658507913
COMPLETED,0.1,429.0,0.65,2744,4173,0.4971487766373902,0.4771323495712131
COMPLETED,0.25,1264.0,0.4,4458,122,0.9857097965348512,0.6725142235849053
COMPLETED,0.1199999999999999,464.0,0.28,971,3481,0.1076288151573389,0.0377206855658441
COMPLETED,0.08,607.0,0.14,151,1099,0.2531229703109711,0.1808629687745124
COMPLETED,0.2,439.0,1.0,4106,2740,0.6535236656088382,0.5430167021322995
COMPLETED,0.2399999999999999,603.0,1.0,3642,1872,0.1440694572348147,0.3651699522268027
COMPLETED,0.04,717.0,0.4199999999999999,2187,4607,0.7631406247299165,0.9688140014391392
COMPLETED,0.04,827.0,0.99,2058,1038,0.6937327611446381,0.6907804116122424
COMPLETED,0.2099999999999999,444.0,1.0,3689,2522,0.3381639967150986,0.0862154683731496
COMPLETED,0.27,505.0,1.0,4152,1613,0.8340345869250596,0.7640127992555498
COMPLETED,0.0299999999999999,813.0,0.0,21,4504,0.1974205510616302,0.4008764259889721
COMPLETED,0.2,405.0,0.5,1076,2129,0.4125947110205888,0.2577272350341081
COMPLETED,0.16,430.0,0.94,4426,4238,0.5559344431199132,0.8935176894664764
COMPLETED,0.44,1131.0,1.0,2712,224,0.0537898050583899,0.1981695451922714
COMPLETED,0.16,453.0,0.4799999999999999,1862,3739,0.9143281857520342,0.5924706355370581
COMPLETED,0.11,347.0,0.0599999999999999,1286,1465,0.0706882881522178,0.9902913359627128
COMPLETED,0.1,434.0,0.5799999999999998,2898,4981,0.9607083756513892,0.3477166865840554
COMPLETED,0.3499999999999999,854.0,0.99,4924,871,0.4610002610273659,0.5567280940823257
COMPLETED,0.1199999999999999,435.0,0.27,813,2981,0.5709598488211631,0.1711756457053124
COMPLETED,0.3699999999999999,652.0,1.0,617,369,0.7875939598232508,0.0514168492443859
COMPLETED,0.1799999999999999,416.0,1.0,3947,3260,0.1804616307653486,0.6628421287871897
COMPLETED,0.1799999999999999,448.0,1.0,3171,2295,0.6787687444128097,0.4986553689092397
COMPLETED,0.0599999999999999,664.0,0.6099999999999999,2341,3779,0.2898198356777429,0.8529974153935909
COMPLETED,0.1,550.0,0.99,2465,2484,0.9737938423305748,0.2476485275421291
COMPLETED,0.14,432.0,0.8399999999999999,3354,3968,0.1190117482580244,0.6030510060135273
COMPLETED,0.4099999999999999,1449.0,1.0,3827,483,0.6153391866125166,0.2974915022011846
COMPLETED,0.08,679.0,0.1199999999999999,438,3374,0.4779993934780359,0.9099162411596626
COMPLETED,0.16,525.0,0.27,634,757,0.1322904533743858,0.8057587790917605
COMPLETED,0.2,449.0,1.0,4804,2867,0.7743562104292214,0.4191917025130242
COMPLETED,0.22,529.0,0.9,3080,1277,0.2727293335981667,0.7384035822171718
COMPLETED,0.13,432.0,0.2899999999999999,1410,4792,0.6344807762503623,0.0947532130945473
COMPLETED,0.0899999999999999,481.0,0.6999999999999998,2563,3540,0.7420124994553625,0.840553591152653
COMPLETED,0.25,459.0,1.0,4598,2006,0.2418475366868078,0.0057800181601196
COMPLETED,0.13,426.0,0.2899999999999999,1229,4115,0.8510204541236162,0.640620832229033
COMPLETED,0.07,540.0,0.1,175,1736,0.507746074438095,0.5130729756671935
COMPLETED,0.14,410.0,0.93,4325,4627,0.3994006834216415,0.1508710739780217
COMPLETED,0.19,451.0,0.55,3539,1237,0.8971900358386337,0.9369215618502348
COMPLETED,0.2099999999999999,397.0,0.69,1888,2721,0.009515102148056,0.3332302365880459
COMPLETED,0.2,637.0,0.22,1934,161,0.9264935977067797,0.8325996318478137
COMPLETED,0.16,428.0,0.97,3565,3676,0.0426027816627174,0.4395016195643693
COMPLETED,0.2399999999999999,461.0,1.0,4351,2181,0.5369200881812721,0.648534698350355
COMPLETED,0.04,599.0,0.05,220,4291,0.4325874545183032,0.013459898320958
COMPLETED,0.23,463.0,0.75,1197,1598,0.2086381518300622,0.1432084408756345
COMPLETED,0.1499999999999999,459.0,0.99,4547,4489,0.8218386013153939,0.505141855051741
COMPLETED,0.2099999999999999,510.0,1.0,2510,1061,0.3182015926484018,0.3409481911454349
COMPLETED,0.17,442.0,0.53,1661,2545,0.7127167803701013,0.9447973610106856
COMPLETED,0.2,397.0,0.63,1475,2308,0.3020233183111995,0.5950970429908484
COMPLETED,0.13,452.0,0.81,3087,3793,0.6675436503384262,0.2400087368469685
COMPLETED,0.1799999999999999,469.0,0.2,4810,347,0.161470118233934,0.9178301109988242
COMPLETED,0.11,485.0,0.22,699,3238,0.8075638609137386,0.3051713860798627
COMPLETED,0.2,507.0,0.46,426,934,0.5821546071823686,0.4115290731284767
COMPLETED,0.1799999999999999,453.0,0.99,3756,3043,0.4488271178249269,0.7978276621941476
COMPLETED,0.26,451.0,1.0,3282,1414,0.9407079009059816,0.1024711639340966
COMPLETED,0.0599999999999999,512.0,0.4899999999999999,2452,4930,0.089710378056392,0.7462793776597828
COMPLETED,0.11,488.0,1.0,2276,1290,0.6456983770187944,0.3553336051292717
COMPLETED,0.08,353.0,0.0899999999999999,3165,4806,0.2605333479885011,0.998268171135336
COMPLETED,0.3699999999999999,905.0,1.0,3940,735,0.7543938063625246,0.1634729491621255
COMPLETED,0.1,490.0,0.19,552,2845,0.1512744725998491,0.5488370369076729
COMPLETED,0.26,576.0,0.67,826,546,0.4901648054327815,0.6707808895632624
COMPLETED,0.19,438.0,1.0,4996,3436,0.6041521632168441,0.0590718347504734
COMPLETED,0.13,428.0,0.8399999999999999,2969,2432,0.0999973933193832,0.8451292043440044
COMPLETED,0.14,429.0,0.33,1299,3916,0.9937865858282892,0.490929833676666
COMPLETED,0.3099999999999999,752.0,1.0,1817,1174,0.0207098605092614,0.0938323832005262
COMPLETED,0.1199999999999999,599.0,0.97,2686,2658,0.8850168926361948,0.6987572430670261
COMPLETED,0.26,677.0,1.0,4399,1788,0.3794002086762338,0.393173733163625
COMPLETED,0.1,474.0,0.22,1030,4679,0.5267681643422693,0.7561217457987368
COMPLETED,0.0299999999999999,905.0,0.02,54,1992,0.8632239367570727,0.9014564539603888
COMPLETED,0.17,466.0,1.0,4204,4101,0.2306224426124244,0.2653822242580354
COMPLETED,0.4099999999999999,1988.0,1.0,3740,47,0.7230209869239478,0.5846024207696318
COMPLETED,0.04,788.0,0.5899999999999999,2090,3563,0.3712365557756274,0.190444006241858
COMPLETED,0.05,662.0,1.0,2117,2045,0.1733558928743004,0.4694448850173503
COMPLETED,0.14,487.0,0.79,3630,4310,0.7962111631445586,0.8625900841224938
COMPLETED,0.46,2696.0,1.0,4095,298,0.2823102994970977,0.0453528286647051
COMPLETED,0.0299999999999999,890.0,0.02,81,3658,0.6867237670198083,0.6804758267682046
COMPLETED,0.28,536.0,0.99,979,963,0.952517549060285,0.5351332590933889
COMPLETED,0.2099999999999999,452.0,1.0,4524,2604,0.0784640848599374,0.1731526580955833
COMPLETED,0.1199999999999999,389.0,0.34,2810,1697,0.5625784494839609,0.9767375376615672
COMPLETED,0.14,419.0,0.4,1766,4431,0.4678397383913397,0.3728401697222143
COMPLETED,0.4,1439.0,1.0,1345,444,0.5483641834631561,0.2080690658222884
COMPLETED,0.1199999999999999,433.0,0.89,2839,3178,0.4207321643047034,0.5632045587878673
COMPLETED,0.23,788.0,1.0,4866,2210,0.9072830523662267,0.2751794764120131
COMPLETED,0.1,553.0,0.19,872,3851,0.0622244587317109,0.887886399405077
COMPLETED,0.14,510.0,0.2999999999999999,520,1550,0.3294783107861876,0.7659342262241989
COMPLETED,0.14,416.0,0.82,4045,4909,0.7009984702430664,0.3795884503368288
COMPLETED,0.23,546.0,0.6999999999999998,3269,797,0.1895341300331056,0.7163366178330033
COMPLETED,0.0599999999999999,594.0,0.7299999999999999,2244,3063,0.8413842708691954,0.0724802060332149
COMPLETED,0.1199999999999999,258.0,0.1799999999999999,2406,676,0.3910728618726134,0.9663094350285828
COMPLETED,0.17,422.0,1.0,3411,2941,0.5146539191566407,0.3234525718726217
COMPLETED,0.0599999999999999,578.0,0.08,379,4708,0.9048975841626524,0.1335406290292739
COMPLETED,0.14,442.0,0.2999999999999999,731,2412,0.7345564518347382,0.0271898497268557
COMPLETED,0.17,466.0,0.99,4705,4052,0.3592898959331214,0.6388212016895413
COMPLETED,0.3599999999999999,649.0,1.0,2982,565,0.843861108701676,0.4609984653107822
COMPLETED,0.17,475.0,0.45,1507,3299,0.2503964023962616,0.8151192408464849
COMPLETED,0.25,470.0,0.89,1634,1808,0.7665384764894843,0.728689057573676
COMPLETED,0.08,497.0,0.5799999999999998,2620,4542,0.1396931574307382,0.1238419005572795
COMPLETED,0.28,599.0,0.93,4657,1155,0.6257262842617928,0.7880032846815884
COMPLETED,0.17,420.0,0.4199999999999999,1170,2796,0.2799419036135077,0.4251338671781122
COMPLETED,0.44,981.0,1.0,272,106,0.1120354506745934,0.2953926933817565
COMPLETED,0.17,450.0,0.92,4227,3466,0.9822816053442656,0.9313892202340066
COMPLETED,0.23,464.0,1.0,3441,1934,0.4703604169897734,0.2224031884893775
COMPLETED,0.1499999999999999,533.0,0.4699999999999999,1986,4199,0.6234236495271324,0.6164830078855156
COMPLETED,0.34,989.0,1.0,1961,892,0.0946871944852173,0.136791153024882
COMPLETED,0.1799999999999999,557.0,0.99,3475,3002,0.9981083728075028,0.531170303132385
COMPLETED,0.28,603.0,1.0,4250,1451,0.4847557269334792,0.3191493936106562
COMPLETED,0.04,874.0,0.04,237,4966,0.6086032864041626,0.9550179078057408
COMPLETED,0.1799999999999999,428.0,0.4899999999999999,1136,2272,0.7501934719122945,0.8274624668508767
COMPLETED,0.17,453.0,1.0,4681,3756,0.1564622634202241,0.4642480338215828
COMPLETED,0.27,560.0,0.79,2654,388,0.6411248458176851,0.6275306299515068
COMPLETED,0.17,683.0,0.4899999999999999,1609,3279,0.2660638790167867,0.0228876269496977
COMPLETED,0.26,461.0,0.92,1502,1635,0.7196814215965569,0.4371549200639128
COMPLETED,0.11,500.0,0.65,2996,4526,0.3736153104901313,0.7915750263109803
COMPLETED,0.33,833.0,1.0,4709,1019,0.8597398069500923,0.1127174121551215
COMPLETED,0.13,462.0,0.28,715,2503,0.233115305263549,0.7242207514606415
COMPLETED,0.19,794.0,0.34,364,202,0.3771438582576811,0.620055704999715
COMPLETED,0.17,525.0,1.0,3890,3718,0.5299862734228372,0.2344251968599855
COMPLETED,0.1199999999999999,792.0,0.39,3425,2145,0.0180955416113138,0.9269199586361646
COMPLETED,0.0599999999999999,634.0,0.56,2400,4254,0.8886234267391264,0.284267249494791
COMPLETED,0.07,610.0,0.99,2249,2023,0.3136229308284819,0.6769183616433293
COMPLETED,0.13,536.0,0.79,3255,4133,0.7182572008520364,0.0333155957404524
COMPLETED,0.0899999999999999,476.0,0.1499999999999999,535,3517,0.8270212615169584,0.4805550969149917
COMPLETED,0.2399999999999999,452.0,0.7299999999999999,887,1220,0.5315018637962639,0.3608038848470896
COMPLETED,0.13,442.0,0.51,4862,2705,0.4370448682904243,0.97318102058582
COMPLETED,0.1799999999999999,464.0,1.0,2825,1756,0.9211896894574164,0.1842619219440966
COMPLETED,0.13,546.0,0.2899999999999999,1351,4647,0.0469154227562248,0.5396167971957475
COMPLETED,0.2099999999999999,592.0,0.3499999999999999,1790,499,0.9380989208258688,0.8755583979543298
COMPLETED,0.11,425.0,0.82,2777,3390,0.0933068145066499,0.2719146759118885
COMPLETED,0.22,507.0,1.0,4500,2464,0.5798881591111421,0.574510362515226
COMPLETED,0.1199999999999999,526.0,0.26,1014,3948,0.4520505657233298,0.2123560640458017
COMPLETED,0.0599999999999999,684.0,0.0899999999999999,116,1259,0.1579949261136353,0.0692144574839621
COMPLETED,0.14,454.0,0.82,4071,4774,0.8100506411790847,0.7040076683331281
COMPLETED,0.3499999999999999,762.0,1.0,3597,781,0.29867767059803,0.3838763966094702
COMPLETED,0.04,758.0,0.7199999999999999,2142,2891,0.6699313427396117,0.7772409780006855
COMPLETED,0.04,878.0,0.99,2091,1508,0.8483108060974627,0.5611017458550632
COMPLETED,0.14,542.0,0.76,3721,4868,0.2449858981054276,0.1668010421656072
COMPLETED,0.16,272.0,0.2,4195,834,0.7388768130224198,0.9869000266715884
COMPLETED,0.0299999999999999,763.0,0.02,64,3099,0.3539782713074237,0.3511089476421475
COMPLETED,0.39,944.0,1.0,1041,407,0.0068037290442734,0.4942588747292757
COMPLETED,0.19,524.0,0.96,4390,3141,0.9003264342378825,0.8573948613405227
COMPLETED,0.13,479.0,1.0,2667,2252,0.3962630339693278,0.0548462292142212
COMPLETED,0.16,503.0,0.46,1817,3893,0.51045596598275,0.6594117970503866
COMPLETED,0.26,574.0,0.81,1319,1000,0.4728547091502696,0.7596159184202552
COMPLETED,0.1499999999999999,454.0,1.0,2930,2640,0.6199409492295235,0.4052742585912346
COMPLETED,0.25,681.0,0.96,4967,1655,0.1144156348984688,0.6942104161791502
COMPLETED,0.1,469.0,0.19,855,4390,0.9789434695262462,0.0827845120392739
COMPLETED,0.13,478.0,0.28,582,2086,0.6293304408062249,0.2025435836203396
COMPLETED,0.14,553.0,0.89,3912,4352,0.2773252071570604,0.5880956453420221
COMPLETED,0.45,1450.0,1.0,3126,262,0.7697542080115526,0.2543353011459112
COMPLETED,0.0599999999999999,631.0,0.57,2296,3621,0.1374344294536858,0.8969105751216411
COMPLETED,0.46,1225.0,1.0,2432,138,0.5677587321270257,0.0013755529318004
COMPLETED,0.1499999999999999,571.0,0.94,3320,3497,0.4636469158362597,0.64502624922432
COMPLETED,0.2399999999999999,671.0,1.0,3785,1887,0.9580555919837208,0.4505637672301381
COMPLETED,0.0599999999999999,571.0,0.0899999999999999,396,4153,0.0738830454815179,0.8371302786972373
COMPLETED,0.11,441.0,0.1499999999999999,669,1854,0.2866243700999766,0.941287956399843
COMPLETED,0.14,443.0,1.0,4839,4589,0.6814212882798165,0.3288628902714699
COMPLETED,0.27,556.0,0.99,3125,1123,0.177814736155793,0.5096734573859721
COMPLETED,0.1799999999999999,432.0,0.53,1455,2764,0.790794368268922,0.1542715440262109
COMPLETED,0.2,431.0,0.6999999999999998,1660,2365,0.1927599592078477,0.3018575695808977
COMPLETED,0.08,503.0,0.5799999999999998,2529,4006,0.8391202040743083,0.9055492220129818
COMPLETED,0.39,1045.0,1.0,4556,597,0.3330771285127848,0.2442495743725448
COMPLETED,0.14,502.0,0.3499999999999999,1187,3331,0.698391871439293,0.6064509109500795
COMPLETED,0.1499999999999999,571.0,0.25,210,644,0.9096693189758808,0.7339994441587477
COMPLETED,0.2,452.0,1.0,4360,2910,0.0588773852270096,0.0991583029199391
COMPLETED,0.25,467.0,0.93,3584,1395,0.5508495379369704,0.8091805746685714
COMPLETED,0.14,468.0,0.4099999999999999,1934,4754,0.4172555463928729,0.4157689551692456
COMPLETED,0.2,582.0,0.6999999999999998,1901,2190,0.5216848671250045,0.9134251698870212
COMPLETED,0.1499999999999999,467.0,0.92,3532,3830,0.3840633584037423,0.3095753754246979
COMPLETED,0.38,1484.0,0.98,4309,461,0.8803603402152657,0.5985198795627802
COMPLETED,0.04,670.0,0.0599999999999999,178,3195,0.0257990486435592,0.2365868520420044
COMPLETED,0.33,635.0,1.0,1232,821,0.3661476074419915,0.1068380343671888
COMPLETED,0.19,491.0,0.99,4582,3086,0.7276782475933432,0.7419134589936583
COMPLETED,0.16,569.0,1.0,2556,1532,0.2259600011333823,0.4081290789637714
COMPLETED,0.1199999999999999,419.0,0.33,1706,4892,0.8683074737749993,0.801226704591885
COMPLETED,0.25,782.0,0.46,1442,274,0.1486252599172294,0.6529021933805198
COMPLETED,0.13,455.0,0.8399999999999999,3054,3633,0.7575926031246781,0.009093355057761
COMPLETED,0.22,572.0,0.93,4768,2063,0.2573362707272172,0.8291992510277778
COMPLETED,0.08,503.0,0.1499999999999999,656,4328,0.6483486028127372,0.4429010486174375
COMPLETED,0.13,499.0,0.27,461,1717,0.9911356480680404,0.3365426254365593
COMPLETED,0.1199999999999999,684.0,0.57,3791,4451,0.1031942270621657,0.9492019749525932
COMPLETED,0.3099999999999999,745.0,1.0,3327,947,0.6009531229361891,0.146631664102897
COMPLETED,0.0899999999999999,483.0,0.96,2497,2587,0.4928133061490952,0.5017195835914463
COMPLETED,0.14,522.0,1.0,2308,1136,0.8029637044034899,0.3975488125868141
COMPLETED,0.16,406.0,0.99,3197,2777,0.1666161707267165,0.7517476181425155
COMPLETED,0.26,501.0,1.0,3984,1831,0.6623953913077713,0.0904396462589502
COMPLETED,0.08,449.0,0.13,595,4565,0.3066210377775132,0.7021490282416343
COMPLETED,0.17,454.0,0.4,790,1949,0.0851119466237723,0.5802044989392161
COMPLETED,0.1499999999999999,480.0,1.0,4960,4214,0.9458559164181352,0.1948409763053059
COMPLETED,0.1499999999999999,441.0,0.1499999999999999,2924,85,0.4436808218136429,0.9048872615806758
COMPLETED,0.14,433.0,0.3599999999999999,1254,3444,0.5867540517263115,0.2619523684047162
COMPLETED,0.2899999999999999,570.0,1.0,1849,1333,0.4294477249346673,0.1590755924433469
COMPLETED,0.08,513.0,0.57,2718,4692,0.5396281301006673,0.5532334418594838
COMPLETED,0.3699999999999999,1065.0,1.0,4443,697,0.0398895589336752,0.3587640855796634
COMPLETED,0.0899999999999999,479.0,0.11,1073,2963,0.9296279159747064,0.994838642451912
COMPLETED,0.04,798.0,0.01,18,584,0.7095827019028365,0.8495037186555564
COMPLETED,0.19,680.0,1.0,4169,3318,0.3209155236259103,0.4865562711320817
COMPLETED,0.2099999999999999,495.0,0.99,3695,2389,0.8191312676444649,0.6673884797915816
COMPLETED,0.0299999999999999,878.0,0.51,2045,4030,0.2117781212143599,0.0624632927551865
COMPLETED,0.2399999999999999,464.0,1.0,2150,323,0.2694958772752433,0.2795850421208888
COMPLETED,0.17,469.0,0.97,3664,3213,0.6367220173683016,0.8834817854631692
COMPLETED,0.23,426.0,1.0,4137,2326,0.1286992665138095,0.2046458425950258
COMPLETED,0.04,976.0,0.0299999999999999,123,3811,0.7769856386277824,0.5666268302481621
COMPLETED,0.23,440.0,0.65,944,1434,0.612975779140368,0.7119691228028386
COMPLETED,0.14,453.0,0.9,4489,4949,0.4813540681060403,0.0768467492964118
COMPLETED,0.2399999999999999,465.0,0.94,2765,918,0.971285632437095,0.7693346070442348
COMPLETED,0.19,398.0,0.57,1720,3027,0.1224807687643915,0.3761890212837606
COMPLETED,0.2,611.0,0.64,1379,2161,0.892017354318872,0.040985958231613
COMPLETED,0.1,472.0,0.65,2873,4270,0.0137307838406413,0.6848417454343289
COMPLETED,0.4799999999999999,4715.0,1.0,4908,177,0.502200434109196,0.4728448791820555
COMPLETED,0.11,462.0,0.2399999999999999,914,3693,0.4039588673803955,0.8591910417247564
COMPLETED,0.11,268.0,0.0599999999999999,485,1084,0.2375106404069811,0.9811424787733704
COMPLETED,0.2099999999999999,436.0,1.0,4010,2568,0.8563153057154267,0.368436180377379
COMPLETED,0.2399999999999999,542.0,1.0,3224,1581,0.3468306407984346,0.531710422521457
COMPLETED,0.04,674.0,0.4899999999999999,2198,4472,0.7474369251970202,0.1765745429005473
COMPLETED,0.1,549.0,0.79,2373,1773,0.0512879154924303,0.7836287703700363
COMPLETED,0.1199999999999999,408.0,0.7099999999999999,3379,4663,0.9177880306299776,0.4295074297226965
COMPLETED,0.28,617.0,0.94,3842,1195,0.4102221279200166,0.732081467345357
COMPLETED,0.07,588.0,0.13,336,2680,0.5592954380754381,0.1204504425525665
COMPLETED,0.1799999999999999,493.0,1.0,4741,3581,0.2000448783840984,0.6120866029337048
COMPLETED,0.2,419.0,1.0,3027,1969,0.6904942039456218,0.2919622129313647
COMPLETED,0.13,426.0,0.34,1552,4079,0.3404150975439697,0.9348187489174306
COMPLETED,0.3699999999999999,781.0,1.0,1601,716,0.6743266778830439,0.5232240434736012
COMPLETED,0.11,459.0,0.91,2588,2825,0.2952531693633645,0.129143658965826
COMPLETED,0.17,502.0,0.4299999999999999,4614,1313,0.7832659714873879,0.9628786274082958
COMPLETED,0.11,425.0,0.23,1127,4829,0.1857504297140985,0.3268824277259409
COMPLETED,0.07,556.0,0.1199999999999999,307,2447,0.4554444933030754,0.456623385887593
COMPLETED,0.16,408.0,0.97,4262,3931,0.5755234013404698,0.8194933685027062
COMPLETED,0.39,968.0,1.0,3486,525,0.0655209751930087,0.0305825866684317
COMPLETED,0.0299999999999999,1057.0,0.57,2031,3415,0.9649139299485832,0.6354294165149331
COMPLETED,0.04,813.0,1.0,2020,513,0.63950868973881,0.3773634831327944
COMPLETED,0.17,520.0,0.99,3494,3403,0.2661610150150954,0.7714456373322754
COMPLETED,0.22,517.0,1.0,4271,2455,0.7800771069340408,0.0780517048668116
COMPLETED,0.05,627.0,0.07,296,3940,0.1261560438647866,0.7140496742408722
COMPLETED,0.25,589.0,0.8399999999999999,1116,1326,0.4841102541908621,0.5687149586435407
COMPLETED,0.14,416.0,0.95,4622,4841,0.609671343680471,0.2058432063367217
COMPLETED,0.1499999999999999,389.0,0.27,2596,710,0.1255417507849633,0.8856004670653492
COMPLETED,0.19,513.0,0.56,1590,2819,0.9687728365883232,0.2807518675271421
COMPLETED,0.23,550.0,0.8,1561,1956,0.0150250856056809,0.1793366189729422
COMPLETED,0.11,516.0,0.7299999999999999,3016,4066,0.8911494720391929,0.5334597293119877
COMPLETED,0.08,523.0,0.11,775,3589,0.5011495820656418,0.982861410813406
COMPLETED,0.13,530.0,0.23,345,1207,0.8576400342807173,0.8609175655934959
COMPLETED,0.2099999999999999,418.0,1.0,3831,2691,0.2366122718416154,0.4756297381762414
