Status,ACCURACY,RUNTIME,REQLABELS,recent_samples_size,batch_size,theta,lambida
COMPLETED,0.91,0.0,0.0,3518,1850,0.6135799598455429,0.9605249392986298
COMPLETED,0.91,0.0,0.0,15,4545,0.4227715007552876,0.242962880237028
COMPLETED,0.91,0.0,0.0,2039,1093,0.7551374336130917,0.5366042716391384
COMPLETED,0.91,0.0,0.0,4308,2538,0.190981361902412,0.2556744837425649
COMPLETED,0.91,0.0,0.0,4847,175,0.2533548469012603,0.3752596608065068
COMPLETED,0.91,0.0,0.0,1503,3730,0.6928858920917846,0.6566816311962903
COMPLETED,0.91,0.0,0.0,712,1909,0.1107913868892006,0.1228627972435206
COMPLETED,0.91,0.0,0.0,2827,4213,0.9256820032346994,0.8409015512075275
COMPLETED,0.91,0.0,0.0,2611,762,0.0163851011613383,0.7365207036696373
COMPLETED,0.91,0.0,0.0,967,2831,0.9571692873795516,0.4555915180630981
COMPLETED,0.91,0.0,0.0,1756,1556,0.3457541223502718,0.7647498619090765
COMPLETED,0.91,0.0,0.0,4634,4878,0.6634056033410131,0.0471886495854705
COMPLETED,0.91,0.0,0.0,3938,2203,0.8505230181233026,0.1668433056380599
COMPLETED,0.91,0.0,0.0,2448,3880,0.158514778975211,0.8848795686494559
COMPLETED,0.91,0.0,0.0,427,506,0.5202089926619082,0.3354238596148789
COMPLETED,0.91,0.0,0.0,3146,3438,0.4532234672862104,0.6168430862389505
COMPLETED,0.91,0.0,0.0,3354,408,0.9772243798078968,0.0735289723686873
COMPLETED,0.91,0.0,0.0,615,3184,0.0430315250826068,0.8534591171778738
COMPLETED,0.91,0.0,0.0,2342,2456,0.6510328420831821,0.4292197720985859
COMPLETED,0.91,0.0,0.0,3813,3978,0.3423971201881766,0.6477819287534802
COMPLETED,0.91,0.0,0.0,4524,1302,0.1550432254844344,0.5184430438037961
COMPLETED,0.91,0.0,0.0,1627,4780,0.8385086802644653,0.2994039329271763
COMPLETED,0.91,0.0,0.0,1169,859,0.4802287909191101,0.9833129080571233
COMPLETED,0.91,0.0,0.0,2794,3084,0.5401490574489347,0.202890818696469
COMPLETED,0.91,0.0,0.0,3010,2124,0.3883207072955556,0.3443074768241494
COMPLETED,0.91,0.0,0.0,914,4271,0.5701136277707293,0.5628685701768845
COMPLETED,0.91,0.0,0.0,1375,116,0.2489661636605858,0.1543003675080835
COMPLETED,0.91,0.0,0.0,4738,3515,0.8065292405053041,0.93422919620201
COMPLETED,0.91,0.0,0.0,4183,1152,0.7439202244890853,0.8048360605351625
COMPLETED,0.91,0.0,0.0,1933,2753,0.3114532510840333,0.024416952881962
COMPLETED,0.91,0.0,0.0,204,1635,0.8823297638515942,0.6927747082393616
COMPLETED,0.91,0.0,0.0,3726,4487,0.0759826426219195,0.4737388021405786
COMPLETED,0.91,0.0,0.0,3617,1006,0.3689653627857565,0.215964512836188
COMPLETED,0.91,0.0,0.0,273,2606,0.6864081053449772,0.9954115169383584
COMPLETED,0.91,0.0,0.0,1982,1761,0.0086546131086535,0.2832541279476136
COMPLETED,0.91,0.0,0.0,4097,4614,0.9496577859224752,0.5013191053327172
COMPLETED,0.91,0.0,0.0,4787,1977,0.5125710320602171,0.6287392280753701
COMPLETED,0.91,0.0,0.0,1285,4125,0.4458633104484528,0.4111512049119919
COMPLETED,0.91,0.0,0.0,809,243,0.8738877540273591,0.8675374013520776
COMPLETED,0.91,0.0,0.0,3078,3642,0.1816076575809158,0.0885823418013751
COMPLETED,0.91,0.0,0.0,2669,1468,0.7789921780033968,0.4909693385120481
COMPLETED,0.91,0.0,0.0,1178,4947,0.2145597203031182,0.709031111119315
COMPLETED,0.91,0.0,0.0,1657,674,0.6054574543984605,0.0123944853581488
COMPLETED,0.91,0.0,0.0,4376,2899,0.4149203865271993,0.7918385077528655
COMPLETED,0.91,0.0,0.0,3841,575,0.1025785113524645,0.9193128812126816
COMPLETED,0.91,0.0,0.0,2198,3350,0.917677400980424,0.140359137777239
COMPLETED,0.91,0.0,0.0,486,2270,0.2770582392298616,0.5811046483498066
COMPLETED,0.91,0.0,0.0,3364,3792,0.7163717304838821,0.3635176884885877
COMPLETED,0.91,0.0,0.0,3255,2368,0.2258422075158916,0.8260009403731674
COMPLETED,0.91,0.0,0.0,358,4046,0.7831955821402371,0.1089363199006766
COMPLETED,0.91,0.0,0.0,2400,321,0.3957117035159841,0.6749020052142441
COMPLETED,0.91,0.0,0.0,4024,3252,0.5777207489897496,0.3944551200829446
COMPLETED,0.91,0.0,0.0,4584,928,0.8898113748300821,0.2728902677260339
COMPLETED,0.91,0.0,0.0,1846,2996,0.0837430211531929,0.5528449703641236
COMPLETED,0.91,0.0,0.0,1073,1370,0.7209478511200286,0.2309551651012152
COMPLETED,0.91,0.0,0.0,2543,4693,0.2882118820136412,0.9475430692937225
COMPLETED,0.91,0.0,0.0,2952,29,0.6275778430737555,0.5977846814058722
COMPLETED,0.91,0.0,0.0,703,3583,0.3186628884769044,0.3173405400402843
COMPLETED,0.91,0.0,0.0,1473,2036,0.9851979045231826,0.898973556978628
COMPLETED,0.91,0.0,0.0,4995,4340,0.0512754781583324,0.1819114274587482
COMPLETED,0.91,0.0,0.0,4279,1703,0.4881100337821058,0.06027709611319
COMPLETED,0.91,0.0,0.0,2184,4399,0.5482414203066379,0.7768641749452799
COMPLETED,0.91,0.0,0.0,144,1220,0.1314349766051396,0.4394269606955349
COMPLETED,0.91,0.0,0.0,3507,2665,0.814683826352749,0.7193810610435903
COMPLETED,0.91,0.0,0.0,3477,307,0.1696047279679216,0.3281314861699938
COMPLETED,0.91,0.0,0.0,102,3627,0.8511389136208221,0.6085721773803234
COMPLETED,0.91,0.0,0.0,2143,2011,0.4674990082215517,0.1751371610034257
COMPLETED,0.91,0.0,0.0,4247,4081,0.5254432322363369,0.892209878930822
COMPLETED,0.91,0.0,0.0,4957,1758,0.9626359656604005,0.7720384134147316
COMPLETED,0.91,0.0,0.0,1428,4686,0.0304282033902592,0.0554633506406098
COMPLETED,0.91,0.0,0.0,655,951,0.6637966811343095,0.7282230263650417
COMPLETED,0.91,0.0,0.0,2917,2632,0.3570688890472054,0.4482649999782443
COMPLETED,0.91,0.0,0.0,2506,2342,0.6961986102027818,0.0999688254389911
COMPLETED,0.91,0.0,0.0,1027,3789,0.2617479732804931,0.8170447481442242
COMPLETED,0.91,0.0,0.0,1798,600,0.9321193489919416,0.3991546386480331
COMPLETED,0.91,0.0,0.0,4548,3294,0.1238638216417282,0.6795983115658164
COMPLETED,0.91,0.0,0.0,3994,657,0.4360687569332308,0.559494421504438
COMPLETED,0.91,0.0,0.0,2357,2964,0.6197924702228979,0.2795350790023803
COMPLETED,0.91,0.0,0.0,318,1426,0.199142045854032,0.9366261181402952
COMPLETED,0.91,0.0,0.0,3221,4979,0.7586825941517018,0.220049992064014
COMPLETED,0.91,0.0,0.0,3404,1368,0.2971815336739644,0.7156686837617307
COMPLETED,0.91,0.0,0.0,520,4764,0.7386821911589241,0.4975956089217215
COMPLETED,0.91,0.0,0.0,2228,872,0.0648964911061339,0.7809410789757966
COMPLETED,0.91,0.0,0.0,3885,3023,0.8817100411076098,0.0015002687945961
COMPLETED,0.91,0.0,0.0,4423,386,0.5697263474543579,0.1314102139249443
COMPLETED,0.91,0.0,0.0,1693,3236,0.3770021133521571,0.9103685972243548
COMPLETED,0.91,0.0,0.0,1216,2401,0.8010663857497274,0.3682062803227454
COMPLETED,0.91,0.0,0.0,2714,4004,0.2349192676759324,0.5857814620677381
COMPLETED,0.91,0.0,0.0,3125,1205,0.8320675407514906,0.9906052777841688
COMPLETED,0.91,0.0,0.0,844,2729,0.1419746142571791,0.2111617238372564
COMPLETED,0.91,0.0,0.0,1323,1660,0.5368325120914726,0.5101491921562701
COMPLETED,0.91,0.0,0.0,4832,4432,0.4718394620168022,0.2920736263636499
COMPLETED,0.91,0.0,0.0,4137,2109,0.034867013884522,0.4219312243107706
COMPLETED,0.91,0.0,0.0,2014,4335,0.9736830167462118,0.6395072314161807
COMPLETED,0.91,0.0,0.0,304,53,0.3290960702545009,0.0818266459554433
COMPLETED,0.91,0.0,0.0,3659,3529,0.6448241412766277,0.8607856315448879
COMPLETED,0.91,0.0,0.0,3688,1923,0.9082982888359576,0.5737742228154094
COMPLETED,0.91,0.0,0.0,159,4150,0.1002517492371611,0.3552239558119326
COMPLETED,0.91,0.0,0.0,1885,219,0.7042948003069497,0.9275839053243398
COMPLETED,0.91,0.0,0.0,4148,3695,0.2696254186665639,0.1476513885334134
COMPLETED,0.91,0.0,0.0,4707,1020,0.2073898261762223,0.0197211186960339
COMPLETED,0.91,0.0,0.0,1332,2543,0.7666523213900625,0.8001360623687505
COMPLETED,0.91,0.0,0.0,873,1825,0.4123383189776912,0.4826945222038775
COMPLETED,0.91,0.0,0.0,2977,4599,0.5963336476881989,0.7017426823023706
COMPLETED,0.91,0.0,0.0,2764,513,0.4442538156258873,0.8446205982938408
COMPLETED,0.91,0.0,0.0,1126,3363,0.5024746526230126,0.0646874792128801
COMPLETED,0.91,0.0,0.0,1587,2254,0.1773613090222701,0.6525961538273841
COMPLETED,0.91,0.0,0.0,4491,3858,0.8586243518457747,0.4340450614634901
COMPLETED,0.91,0.0,0.0,3775,1494,0.6714000048764049,0.3061671388093382
COMPLETED,0.91,0.0,0.0,2297,4891,0.3644637125140987,0.5252177898604423
COMPLETED,0.91,0.0,0.0,568,726,0.9392984837700612,0.1921037948876619
COMPLETED,0.91,0.0,0.0,3318,2876,0.0073080410012975,0.9725214823260904
COMPLETED,0.91,0.0,0.0,3193,785,0.560322177730035,0.462343760035932
COMPLETED,0.91,0.0,0.0,462,3091,0.4955390568684786,0.7432759199142455
COMPLETED,0.91,0.0,0.0,2485,1279,0.824066732252948,0.0364201740790158
COMPLETED,0.91,0.0,0.0,3984,4832,0.1337579151951707,0.7539703221116215
COMPLETED,0.91,0.0,0.0,4673,2469,0.321248749782145,0.8760605498347431
COMPLETED,0.91,0.0,0.0,1789,3916,0.636697826258745,0.1580127466488629
COMPLETED,0.91,0.0,0.0,997,454,0.058449199531693,0.6216453956365585
COMPLETED,0.91,0.0,0.0,2654,3148,0.997533963659592,0.3402305709347128
COMPLETED,0.91,0.0,0.0,2868,1572,0.0879855722349137,0.2382855943534523
COMPLETED,0.91,0.0,0.0,745,4501,0.9050786042581312,0.9558368056882172
COMPLETED,0.91,0.0,0.0,1534,1117,0.2898175533109344,0.2646192398965358
COMPLETED,0.91,0.0,0.0,4890,2797,0.7310480243129654,0.5455527158901095
COMPLETED,0.91,0.0,0.0,4356,122,0.7935510607673786,0.6675753681585191
COMPLETED,0.91,0.0,0.0,2074,3441,0.2271925733789801,0.3861575617492198
COMPLETED,0.91,0.0,0.0,54,2176,0.592725051981397,0.8342757603991777
COMPLETED,0.91,0.0,0.0,3563,4248,0.4002171810341067,0.1162247524354606
COMPLETED,0.91,0.0,0.0,3576,703,0.7968031718164682,0.759629309149459
COMPLETED,0.91,0.0,0.0,76,2929,0.2391824667244218,0.0425630230847746
COMPLETED,0.91,0.0,0.0,2096,1459,0.5642966587570495,0.741153951741755
COMPLETED,0.91,0.0,0.0,4368,4936,0.3824318169342353,0.4607044492512941
COMPLETED,0.91,0.0,0.0,4907,2299,0.070104709311854,0.331285615876317
COMPLETED,0.91,0.0,0.0,1562,3822,0.8765018377866595,0.6112353217378259
COMPLETED,0.91,0.0,0.0,771,566,0.3016662180988117,0.1724434634391218
COMPLETED,0.91,0.0,0.0,2884,3339,0.7341974918493069,0.8890254190880805
COMPLETED,0.91,0.0,0.0,2631,1790,0.3326667702673934,0.5314913887828588
COMPLETED,0.91,0.0,0.0,984,4644,0.6412534263789653,0.2510412988737225
COMPLETED,0.91,0.0,0.0,1778,996,0.0372112237410619,0.9651504960898308
COMPLETED,0.91,0.0,0.0,4652,2596,0.9713388217744416,0.2480833697933703
COMPLETED,0.91,0.0,0.0,3956,272,0.5342677843686193,0.1187168836016207
COMPLETED,0.91,0.0,0.0,2468,3672,0.4744042046244256,0.8353013450745493
COMPLETED,0.91,0.0,0.0,446,1968,0.8287173586049116,0.3808674885109066
COMPLETED,0.91,0.0,0.0,3167,4115,0.1453247815189883,0.6608199232667684
COMPLETED,0.91,0.0,0.0,3295,2066,0.6692259084037505,0.149667145460844
COMPLETED,0.91,0.0,0.0,555,4369,0.3516396766625344,0.929116291038692
COMPLETED,0.91,0.0,0.0,2285,18,0.9668996410215271,0.349428003558889
COMPLETED,0.91,0.0,0.0,3754,3574,0.0261645131443627,0.5674941706527024
COMPLETED,0.91,0.0,0.0,4464,1250,0.4630147852245718,0.6871745244134218
COMPLETED,0.91,0.0,0.0,1570,2694,0.5299274403485469,0.469592925677076
COMPLETED,0.91,0.0,0.0,1110,1693,0.164396048334334,0.8089743302986026
COMPLETED,0.91,0.0,0.0,2737,4390,0.8563476081391797,0.0300247434079647
COMPLETED,0.91,0.0,0.0,2990,351,0.1967983271948993,0.4245942273903637
COMPLETED,0.91,0.0,0.0,896,3281,0.7610263276956044,0.6426614726576954
COMPLETED,0.91,0.0,0.0,1354,2358,0.4324975657229311,0.0786418217644095
COMPLETED,0.91,0.0,0.0,4719,4037,0.6233636465484276,0.8580922685861587
COMPLETED,0.91,0.0,0.0,4165,1400,0.9354690399411134,0.977705046892166
COMPLETED,0.91,0.0,0.0,1913,4721,0.1205141158077865,0.1987524931654334
COMPLETED,0.91,0.0,0.0,185,918,0.6987638291230424,0.5225889909062534
COMPLETED,0.91,0.0,0.0,3704,2987,0.2591827692450023,0.3050041725207119
COMPLETED,0.91,0.0,0.0,3638,1528,0.0610663216446526,0.0150784180164337
COMPLETED,0.91,0.0,0.0,292,4848,0.9949168266618624,0.7950021383985876
COMPLETED,0.91,0.0,0.0,2001,771,0.3245446322880685,0.4877981011662632
COMPLETED,0.91,0.0,0.0,4115,2841,0.6334019586375914,0.7063547851610928
COMPLETED,0.91,0.0,0.0,4806,477,0.8205046058675273,0.5847556691933423
COMPLETED,0.91,0.0,0.0,1307,3408,0.1373200564653612,0.3657144168410449
COMPLETED,0.91,0.0,0.0,826,2212,0.5579712994965724,0.9171237744316458
COMPLETED,0.91,0.0,0.0,3098,3890,0.4978899202171713,0.1367004953622817
COMPLETED,0.91,0.0,0.0,2726,1065,0.5875082601482048,0.2859305096734315
COMPLETED,0.91,0.0,0.0,1237,2508,0.4054339579825289,0.5044904133174568
COMPLETED,0.91,0.0,0.0,1716,1859,0.7890730447194539,0.2128008264228701
COMPLETED,0.91,0.0,0.0,4436,4556,0.2316706043116748,0.9927275136411188
COMPLETED,0.91,0.0,0.0,3901,1880,0.2940283728540875,0.8711959731280803
COMPLETED,0.91,0.0,0.0,2254,4183,0.7268372196545824,0.090771392814815
COMPLETED,0.91,0.0,0.0,547,184,0.0934695605728775,0.6265425703618674
COMPLETED,0.91,0.0,0.0,3422,3741,0.8995946010353973,0.407500239836052
COMPLETED,0.91,0.0,0.0,3233,86,0.4090429276691749,0.9021448277849704
COMPLETED,0.91,0.0,0.0,339,3487,0.599629053881485,0.1845877868775278
COMPLETED,0.91,0.0,0.0,2379,2134,0.2047722128658555,0.5951007152870297
COMPLETED,0.91,0.0,0.0,4007,4280,0.7692699198156595,0.3141768759340047
COMPLETED,0.91,0.0,0.0,4565,1605,0.706645187343005,0.4416160340160131
COMPLETED,0.91,0.0,0.0,1825,4458,0.2672750167457386,0.7230396699979901
COMPLETED,0.91,0.0,0.0,1055,1162,0.9118609064187854,0.0566261087302118
COMPLETED,0.91,0.0,0.0,2523,2762,0.0966891465391032,0.7746674800533802
COMPLETED,0.91,0.0,0.0,2896,2427,0.9437760383901184,0.67806571765244
COMPLETED,0.91,0.0,0.0,643,3949,0.0028305012660101,0.3971391494050621
COMPLETED,0.91,0.0,0.0,1416,419,0.6766172581374645,0.8233245326224714
COMPLETED,0.91,0.0,0.0,4935,3193,0.3592464443682693,0.105764985891059
COMPLETED,0.91,0.0,0.0,4220,830,0.1718777821121737,0.2331517967898398
COMPLETED,0.91,0.0,0.0,2127,3056,0.8641078638711012,0.9511940083447844
COMPLETED,0.91,0.0,0.0,84,1313,0.4400425346548669,0.2692317219749092
COMPLETED,0.91,0.0,0.0,3449,4789,0.5066859484788029,0.5506559453755617
COMPLETED,0.91,0.0,0.0,3495,2245,0.4777169190142303,0.4037802763022482
COMPLETED,0.91,0.0,0.0,122,3848,0.5426609144690446,0.6847188606075942
COMPLETED,0.91,0.0,0.0,2162,542,0.1517621235550381,0.094855883097276
COMPLETED,0.91,0.0,0.0,4268,3392,0.8417897970786317,0.8124115037899464
COMPLETED,0.91,0.0,0.0,4978,717,0.654550686278101,0.9422338863592596
COMPLETED,0.91,0.0,0.0,1446,2866,0.3388792908780276,0.2241882246490567
COMPLETED,0.91,0.0,0.0,676,1523,0.9794995094472542,0.5553485673479736
COMPLETED,0.91,0.0,0.0,2936,4921,0.0407563805584795,0.2739349323548376
COMPLETED,0.91,0.0,0.0,2566,210,0.8875917905005625,0.1797703495901077
COMPLETED,0.91,0.0,0.0,1086,3685,0.0707206010881811,0.8973227506335824
COMPLETED,0.91,0.0,0.0,1857,1951,0.7484730365058407,0.3230109928958118
COMPLETED,0.91,0.0,0.0,4605,4180,0.3069004539520479,0.6039466103650629
COMPLETED,0.91,0.0,0.0,4052,1817,0.2446491412840783,0.733823243651539
COMPLETED,0.91,0.0,0.0,2417,4588,0.8108462777665815,0.4524109099023044
COMPLETED,0.91,0.0,0.0,374,1048,0.3828228910063393,0.7679001101907342
COMPLETED,0.91,0.0,0.0,3281,2573,0.5756114291751757,0.0498555266540497
COMPLETED,0.91,0.0,0.0,3386,1107,0.1140729800160042,0.5152621010374278
COMPLETED,0.91,0.0,0.0,499,2788,0.9224004249926656,0.2967068372573703
COMPLETED,0.91,0.0,0.0,2209,1602,0.2558662276087328,0.985979673590511
COMPLETED,0.91,0.0,0.0,3863,4530,0.6903744964995421,0.206041208256036
COMPLETED,0.91,0.0,0.0,4403,2166,0.7528618127763271,0.0859725335724651
COMPLETED,0.91,0.0,0.0,1675,4239,0.1932569678544066,0.8663858116529882
COMPLETED,0.91,0.0,0.0,1195,152,0.6100625928935594,0.4163234226312488
COMPLETED,0.91,0.0,0.0,2695,3470,0.4262888686375692,0.6353689653705805
COMPLETED,0.91,0.0,0.0,3065,1269,0.5156557192172854,0.7860615462251007
COMPLETED,0.91,0.0,0.0,786,4823,0.4577767556156031,0.0061258097849786
COMPLETED,0.91,0.0,0.0,1264,814,0.8452614529022014,0.7110355211999267
COMPLETED,0.91,0.0,0.0,4776,3119,0.1637763293115422,0.4924827632438391
COMPLETED,0.91,0.0,0.0,4079,444,0.3512524000673554,0.3723446095716207
COMPLETED,0.91,0.0,0.0,1954,3138,0.6579073107391595,0.5913893120791763
COMPLETED,0.91,0.0,0.0,247,2499,0.0207016621099784,0.125809970613569
COMPLETED,0.91,0.0,0.0,3600,3945,0.9528527413156817,0.9062226612754166
COMPLETED,0.91,0.0,0.0,3747,610,0.7252277211108245,0.6494325268995017
COMPLETED,0.91,0.0,0.0,215,3305,0.2839319971380755,0.431361117651686
COMPLETED,0.91,0.0,0.0,1946,2313,0.8953482487555592,0.8472969205342233
COMPLETED,0.91,0.0,0.0,4205,3759,0.0782061621124856,0.0678587277121841
COMPLETED,0.91,0.0,0.0,4764,1435,0.3904258612351492,0.1899070776887238
COMPLETED,0.91,0.0,0.0,1391,4989,0.5830066061553544,0.9688704577647148
COMPLETED,0.91,0.0,0.0,932,629,0.2213113058804534,0.3098257700707763
COMPLETED,0.91,0.0,0.0,3037,2934,0.7877264688909053,0.5274069003593176
COMPLETED,0.91,0.0,0.0,2782,2020,0.1279409480420872,0.9244126084931193
COMPLETED,0.91,0.0,0.0,1148,4092,0.8181778400310314,0.1449750030897557
COMPLETED,0.91,0.0,0.0,1605,278,0.4858129937614314,0.5764582149591297
COMPLETED,0.91,0.0,0.0,4511,3597,0.5505384752120822,0.3583876459430903
COMPLETED,0.91,0.0,0.0,3796,960,0.987746928813774,0.4805054749082773
COMPLETED,0.91,0.0,0.0,2316,2642,0.0487264687525108,0.6980840993728488
COMPLETED,0.91,0.0,0.0,588,1729,0.6308198873668908,0.0233720800541341
COMPLETED,0.91,0.0,0.0,3336,4656,0.3154208292989991,0.8023327312357724
COMPLETED,0.91,0.0,0.0,3134,1670,0.8683504186740145,0.2619428916312754
COMPLETED,0.91,0.0,0.0,405,4442,0.1871450078190304,0.5423814413659274
COMPLETED,0.91,0.0,0.0,2425,1175,0.5082916234972886,0.2414492473062127
COMPLETED,0.91,0.0,0.0,3925,2700,0.4501427041266113,0.9585207755248992
COMPLETED,0.91,0.0,0.0,4617,64,0.0131859761719591,0.8306171551626175
COMPLETED,0.91,0.0,0.0,1730,3539,0.9451264079743996,0.1140356679614633
COMPLETED,0.91,0.0,0.0,940,2078,0.374250743638724,0.6697720593325793
COMPLETED,0.91,0.0,0.0,2593,4307,0.6811227393767796,0.3898085602857172
COMPLETED,0.91,0.0,0.0,2848,883,0.2793557704479433,0.0337361484747379
COMPLETED,0.91,0.0,0.0,723,3032,0.7140742141505703,0.7508065985199063
COMPLETED,0.91,0.0,0.0,1516,1338,0.1060720487181097,0.4655150903277099
COMPLETED,0.91,0.0,0.0,4870,4735,0.914183848730009,0.7459523388184606
COMPLETED,0.91,0.0,0.0,4334,2411,0.602214918907918,0.6179944677390157
COMPLETED,0.91,0.0,0.0,2055,4013,0.418162907132972,0.3380339355282485
COMPLETED,0.91,0.0,0.0,33,356,0.7764436449102124,0.8782495636697859
COMPLETED,0.91,0.0,0.0,3545,3207,0.2171082682810723,0.1616712961178272
COMPLETED,0.91,0.0,0.0,3553,366,0.2819067130132578,0.5309872171860188
COMPLETED,0.91,0.0,0.0,24,3217,0.7232291086331009,0.3119407226797193
COMPLETED,0.91,0.0,0.0,2064,2421,0.0801056922586634,0.97049438784644
COMPLETED,0.91,0.0,0.0,4326,4023,0.8972287282568403,0.1900801579989492
COMPLETED,0.91,0.0,0.0,4880,1347,0.5849975957702845,0.0704872478283941
COMPLETED,0.91,0.0,0.0,1505,4745,0.3924587682227603,0.8504247613959013
COMPLETED,0.91,0.0,0.0,735,892,0.7858536122524178,0.4320485387798398
COMPLETED,0.91,0.0,0.0,2838,3042,0.219404152871482,0.6506028507929295
COMPLETED,0.91,0.0,0.0,2586,2088,0.8163087845906614,0.8020075317956507
COMPLETED,0.91,0.0,0.0,949,4316,0.1260299789502285,0.0215957929007709
COMPLETED,0.91,0.0,0.0,1721,73,0.5525332697463222,0.6958166707213967
COMPLETED,0.91,0.0,0.0,4625,3548,0.4878420809449627,0.4767729199808091
COMPLETED,0.91,0.0,0.0,3915,1185,0.0506298187027685,0.3571257590930909
COMPLETED,0.91,0.0,0.0,2437,2710,0.9896236033957452,0.5756794688161462
COMPLETED,0.91,0.0,0.0,394,1680,0.3133993612570687,0.1417559561841189
COMPLETED,0.91,0.0,0.0,3144,4451,0.62881747369105,0.9216926443912088
COMPLETED,0.91,0.0,0.0,3328,1739,0.1851197218336164,0.3880627148039639
COMPLETED,0.91,0.0,0.0,597,4666,0.8663518080568872,0.6694773015640675
COMPLETED,0.91,0.0,0.0,2307,970,0.4520422361333854,0.1103336141910404
COMPLETED,0.91,0.0,0.0,3804,2652,0.5101721011379733,0.8283802276682108
COMPLETED,0.91,0.0,0.0,4501,288,0.947117399449926,0.9577116174530238
COMPLETED,0.91,0.0,0.0,1616,3607,0.0152188812989741,0.2401569485273212
COMPLETED,0.91,0.0,0.0,1136,2030,0.6792498808776959,0.5396310058496891
COMPLETED,0.91,0.0,0.0,2792,4102,0.3723435924903489,0.2586933733113109
COMPLETED,0.91,0.0,0.0,3045,638,0.7122051605707965,0.1638168093692511
COMPLETED,0.91,0.0,0.0,922,2944,0.2774447994954883,0.8818604411389678
COMPLETED,0.91,0.0,0.0,1400,1445,0.9161786414036526,0.3382373980246484
COMPLETED,0.91,0.0,0.0,4756,4999,0.1081011377622373,0.6196487800069153
COMPLETED,0.91,0.0,0.0,4216,2323,0.4200662552226334,0.7490496487803757
COMPLETED,0.91,0.0,0.0,1935,3769,0.6040915953504852,0.4681130795441567
COMPLETED,0.91,0.0,0.0,227,620,0.2150868020997382,0.7519465699698776
COMPLETED,0.91,0.0,0.0,3737,3315,0.7744412293737754,0.0343932171594351
COMPLETED,0.91,0.0,0.0,3611,2489,0.5445604446152223,0.2776604085154831
COMPLETED,0.91,0.0,0.0,235,3935,0.4795973985155113,0.5576229557953774
COMPLETED,0.91,0.0,0.0,1966,434,0.839764512953814,0.2259715905692428
COMPLETED,0.91,0.0,0.0,4069,3129,0.1497635110773146,0.9425521260034292
COMPLETED,0.91,0.0,0.0,4784,805,0.3370064342395402,0.8151394984256475
COMPLETED,0.91,0.0,0.0,1254,3110,0.6526435332691297,0.0980670184399932
COMPLETED,0.91,0.0,0.0,795,1259,0.0427473701734095,0.685489576216787
COMPLETED,0.91,0.0,0.0,3057,4814,0.9815324164348654,0.4050500747151672
COMPLETED,0.91,0.0,0.0,2684,142,0.072715395622421,0.049689763052389
COMPLETED,0.91,0.0,0.0,1206,3460,0.889620877684094,0.7662689823713154
COMPLETED,0.91,0.0,0.0,1663,2156,0.3050313985116779,0.4502886405847966
COMPLETED,0.91,0.0,0.0,4414,4229,0.746562067413982,0.7302501245625316
COMPLETED,0.91,0.0,0.0,870,731,0.629729323999118,0.5501045376956462
COMPLETED,0.91,0.0,0.0,2975,2881,0.3130972060095518,0.2696612291261553
COMPLETED,0.91,0.0,0.0,2759,1918,0.7226776074411347,0.1850177104268223
COMPLETED,0.91,0.0,0.0,1125,4145,0.2820924209845252,0.9015931226778776
COMPLETED,0.91,0.0,0.0,1583,224,0.8959513117208145,0.3145990068912505
COMPLETED,0.91,0.0,0.0,4490,3700,0.0819927740857005,0.5945566838011145
COMPLETED,0.91,1.0,0.0,3779,1024,0.3939555118435062,0.722486953638494
COMPLETED,0.91,0.0,0.0,2298,2549,0.5838666453702374,0.4420468498468398
COMPLETED,0.91,0.0,0.0,571,1821,0.2197368032913654,0.7741225562859326
COMPLETED,0.91,0.0,0.0,3319,4593,0.7849112965415231,0.0570492509398609
COMPLETED,0.91,0.0,0.0,3189,1567,0.2787509027043357,0.5039377118293195
COMPLETED,0.91,0.0,0.0,461,4496,0.710289362301398,0.2863613403756171
COMPLETED,0.91,1.0,0.0,2482,1122,0.1086241978800855,0.9921826047450304
COMPLETED,0.91,1.0,0.0,3982,2802,0.9160214042760432,0.2132239835038781
COMPLETED,0.91,0.0,0.0,4678,127,0.6037917025879956,0.0912013312354683
COMPLETED,0.91,1.0,0.0,1790,3447,0.4209758430456742,0.8706442828923464
COMPLETED,0.91,0.0,0.0,1001,2172,0.7729124351222068,0.4079223856646567
COMPLETED,0.91,0.0,0.0,2655,4243,0.2162497733610682,0.6259985537473112
COMPLETED,0.91,0.0,0.0,2871,789,0.8682371037115342,0.7944583002403378
COMPLETED,0.91,0.0,0.0,746,3096,0.1838440914699807,0.0155005043596029
COMPLETED,0.91,0.0,0.0,1538,1275,0.5103598334379494,0.7058033923525363
COMPLETED,0.91,0.0,0.0,4891,4827,0.4514887106127105,0.4882276231888681
COMPLETED,0.91,0.0,0.0,4352,2464,0.0142788280731067,0.3661373954657465
COMPLETED,0.91,0.0,0.0,2073,3911,0.947447787384782,0.5842108197826891
COMPLETED,0.91,0.0,0.0,49,459,0.3712110940742306,0.13713102863729
COMPLETED,0.91,0.0,0.0,3562,3153,0.6807481725145131,0.916571489341557
COMPLETED,0.91,0.0,0.0,3579,1795,0.0189522578925825,0.210731904387474
COMPLETED,0.91,0.0,0.0,77,4649,0.9589918502410872,0.9911568490490316
COMPLETED,0.91,0.0,0.0,2099,991,0.3451337781671434,0.2916513615641743
COMPLETED,0.91,0.0,0.0,4368,2591,0.6596362428161315,0.5106933277416974
COMPLETED,0.91,0.0,0.0,4904,267,0.8469763244533911,0.640059813933447
COMPLETED,0.91,0.0,0.0,1560,3667,0.1576717530523426,0.4215005125794559
COMPLETED,0.91,0.0,0.0,768,1973,0.5218007764688692,0.8613306594118476
COMPLETED,0.91,0.0,0.0,2883,4119,0.4560213881872594,0.0814033699035644
COMPLETED,0.91,1.0,0.0,2628,698,0.6156631708433851,0.497172749267891
COMPLETED,0.91,0.0,0.0,984,2924,0.4241025071145035,0.7162134142015129
COMPLETED,0.91,1.0,0.0,1774,1464,0.7550086496534756,0.001069616548717
COMPLETED,0.91,0.0,0.0,4651,4941,0.187695929435268,0.7814934830367564
COMPLETED,0.91,1.0,0.0,3959,2305,0.2502997060124762,0.9109123164117336
COMPLETED,0.91,0.0,0.0,2469,3827,0.6925268016690387,0.1309882465526461
COMPLETED,0.91,0.0,0.0,449,560,0.1118992314748466,0.5863329738471657
COMPLETED,0.91,0.0,0.0,3168,3335,0.9279883750758132,0.3677766393292695
COMPLETED,0.91,0.0,0.0,3292,346,0.3884472250489517,0.8175884822029619
COMPLETED,0.91,0.0,0.0,554,3276,0.5734013115593231,0.0995468729380518
COMPLETED,0.91,0.0,0.0,2282,2363,0.2468845127726904,0.6801498382166027
COMPLETED,0.91,0.0,0.0,3753,4042,0.8051967047359794,0.398725012525916
COMPLETED,0.91,0.0,0.0,4467,1405,0.7428141697970218,0.2791122342199087
COMPLETED,0.91,0.0,0.0,1570,4726,0.3091451042341068,0.5600391668155789
COMPLETED,0.91,0.0,0.0,1114,912,0.8853828543633222,0.2196193546894937
COMPLETED,0.91,0.0,0.0,2738,2982,0.0763437387674115,0.9371785370726136
COMPLETED,0.91,0.0,0.0,2993,2071,0.9778424503424205,0.6091247747689486
COMPLETED,0.91,0.0,0.0,898,4373,0.0468031443713232,0.327700789310038
COMPLETED,0.91,0.0,0.0,1357,13,0.6484672519739717,0.8927549216691404
COMPLETED,0.91,0.0,0.0,4720,3570,0.3405730353589169,0.1747138998229056
COMPLETED,0.91,0.0,0.0,4162,1245,0.1534532390134409,0.0550335460621863
COMPLETED,0.91,0.0,0.0,1912,2689,0.8357089769122191,0.7725899995509535
COMPLETED,0.91,0.0,0.0,181,1698,0.4837734416543505,0.4478427500501275
COMPLETED,0.91,0.0,0.0,3703,4395,0.5409940816521644,0.7287671768218279
COMPLETED,0.91,0.0,0.0,3634,1060,0.7781283338692038,0.9552927890736608
COMPLETED,0.91,0.0,0.0,291,2503,0.2110338894988409,0.238707740182057
COMPLETED,0.91,0.0,0.0,1998,1863,0.6082688255497253,0.5450010256543755
COMPLETED,0.91,0.0,0.0,4113,4561,0.4164987051991745,0.2650491783171892
COMPLETED,0.91,0.0,0.0,4810,1885,0.1044142714231275,0.3865807188302278
COMPLETED,0.91,0.0,0.0,1307,4188,0.9202313158482311,0.6670304592624307
COMPLETED,0.91,0.0,0.0,830,179,0.2732678074525669,0.1166555831376463
COMPLETED,0.91,0.0,0.0,3099,3735,0.7157724724379368,0.8337230589110403
COMPLETED,0.91,0.0,0.0,2729,1532,0.368593078875076,0.7427236348241567
COMPLETED,0.91,0.0,0.0,1239,4853,0.6833662025984376,0.4627742933109402
COMPLETED,0.91,0.0,0.0,1719,766,0.0109820524809882,0.7534254727009683
COMPLETED,0.91,0.0,0.0,4438,2836,0.9507445480921306,0.0368431527037173
COMPLETED,0.91,0.0,0.0,3897,473,0.5139228529095649,0.1584422686714679
COMPLETED,0.91,0.0,0.0,2253,3403,0.447925676256325,0.8755091570261865
COMPLETED,0.91,0.0,0.0,543,2216,0.8705888750311918,0.340652657277882
COMPLETED,0.91,0.0,0.0,3421,3895,0.1814923350350931,0.6211015574783086
COMPLETED,0.91,0.0,0.0,3237,2431,0.6252526624652556,0.0651169863641262
COMPLETED,0.91,0.0,0.0,340,3954,0.3175738526586442,0.8440691906139254
COMPLETED,0.91,0.0,0.0,2383,414,0.9855686664661392,0.4344671329353004
COMPLETED,0.91,0.0,0.0,4007,3188,0.0543189475269056,0.6520523007977754
COMPLETED,0.91,0.0,0.0,4562,825,0.4914071303270757,0.5246654898989945
COMPLETED,0.91,0.0,0.0,1823,3051,0.548358540188428,0.3065976572129875
COMPLETED,0.91,0.0,0.0,1051,1317,0.130085154036153,0.9719766180440784
COMPLETED,0.91,0.0,0.0,2522,4795,0.8126194176102057,0.1925267586410045
COMPLETED,0.91,1.0,0.0,2892,82,0.2230330876860767,0.3556470980215817
COMPLETED,0.91,1.0,0.0,643,3482,0.7816149972620419,0.5732292990479618
COMPLETED,0.91,0.0,0.0,1412,2139,0.3965740182400681,0.1480822043642401
COMPLETED,0.91,0.0,0.0,4934,4286,0.5812481538584455,0.9270311889648436
COMPLETED,0.91,0.0,0.0,4224,1610,0.8936000315985642,0.7995920308828353
COMPLETED,0.91,0.0,0.0,2128,4463,0.0843440690927207,0.0201432496532797
COMPLETED,0.91,0.0,0.0,87,1157,0.7191140967721119,0.7011909771952777
COMPLETED,0.91,0.0,0.0,3451,2757,0.2856559167687781,0.483124445753172
COMPLETED,0.91,0.0,0.0,3493,215,0.6970474616524763,0.5624379922877996
COMPLETED,0.91,0.0,0.0,118,3690,0.2652888265388086,0.3448599552419036
COMPLETED,0.91,0.0,0.0,2161,1947,0.9293234393954276,0.9338062919341028
COMPLETED,0.91,0.0,0.0,4264,4175,0.1222700116454623,0.1548450533337891
COMPLETED,0.91,0.0,0.0,4979,1812,0.4342484658597037,0.0249684200473129
COMPLETED,0.91,0.0,0.0,1450,4583,0.617223056588415,0.8044063749276101
COMPLETED,0.91,0.0,0.0,678,1053,0.2029174923892132,0.4742825956847518
COMPLETED,0.91,0.0,0.0,2940,2578,0.7592968672093003,0.6923528152238577
COMPLETED,0.91,0.0,0.0,2568,2240,0.1699620266364887,0.8530368077643214
COMPLETED,0.91,0.0,0.0,1089,3842,0.854195831379015,0.074073063340038
COMPLETED,0.91,0.0,0.0,1859,546,0.4651870378463529,0.6473521836604922
COMPLETED,0.91,0.0,0.0,4609,3398,0.5243409713000058,0.4297714177202433
COMPLETED,0.91,0.0,0.0,4051,722,0.9612996063658036,0.2999490351509302
COMPLETED,0.91,0.0,0.0,2413,2871,0.0283503462580963,0.5180198421087115
COMPLETED,0.91,0.0,0.0,373,1518,0.6670805674459785,0.2034433565996587
COMPLETED,0.91,0.0,0.0,3277,4916,0.3571992340470664,0.982882151711732
COMPLETED,0.91,0.0,0.0,3388,1264,0.8343777063483371,0.4561366054154932
COMPLETED,0.91,0.0,0.0,503,4818,0.1430786353175528,0.736097487103194
COMPLETED,0.91,0.0,0.0,2210,819,0.5364772489151917,0.0477411726173013
COMPLETED,0.91,0.0,0.0,3867,3125,0.4687805236510932,0.7643190906923263
COMPLETED,0.91,0.0,0.0,4402,449,0.0315854086638428,0.8844572443645446
COMPLETED,0.91,0.0,0.0,1671,3144,0.9735504353096708,0.1673873817380517
COMPLETED,0.91,0.0,0.0,1193,2494,0.3304308703694492,0.6164133262746035
COMPLETED,0.91,0.0,0.0,2691,3940,0.6469035427036695,0.3359754903651773
COMPLETED,0.91,0.0,0.0,3064,1112,0.299975631049741,0.24351433253102
COMPLETED,0.91,0.0,0.0,782,2793,0.7402777687216177,0.96009521744214
COMPLETED,0.91,0.0,0.0,1263,1597,0.0640496677063405,0.2562182624153792
COMPLETED,0.91,0.0,0.0,4772,4525,0.878167174684163,0.5361823637522756
COMPLETED,0.91,0.0,0.0,4081,2162,0.5659531894525514,0.6562510384358465
COMPLETED,0.91,0.0,0.0,1957,4234,0.3763855964154936,0.3758121243529021
COMPLETED,0.91,0.0,0.0,248,156,0.8028851250859907,0.8404786320682615
COMPLETED,0.91,0.0,0.0,3604,3475,0.2374902181629091,0.1234074681978672
COMPLETED,0.91,0.0,0.0,3748,2015,0.4417016739062964,0.3167957352437079
COMPLETED,0.91,0.0,0.0,220,4087,0.5006371045193634,0.5982077046446502
COMPLETED,0.91,0.0,0.0,1947,284,0.1779661544387228,0.181359068011865
COMPLETED,0.91,0.0,0.0,4209,3602,0.8624091813677922,0.8994040158968419
COMPLETED,0.91,1.0,0.0,4763,965,0.6749312072220258,0.7772861869316549
COMPLETED,0.91,1.0,0.0,1388,2647,0.3653221999917179,0.0597331835981458
COMPLETED,0.91,0.0,0.0,930,1724,0.9377217224171384,0.7198106276802718
COMPLETED,0.91,0.0,0.0,3034,4652,0.0044951274157501,0.438875612501055
COMPLETED,0.91,0.0,0.0,2781,615,0.9062300863376818,0.1083845553081482
COMPLETED,0.91,0.0,0.0,1144,3309,0.0989057501934468,0.8264308044370264
COMPLETED,0.91,0.0,0.0,1604,2308,0.7044080929422751,0.3939111480824649
COMPLETED,0.91,0.0,0.0,4507,3755,0.2729263126884586,0.6753241956569254
COMPLETED,0.91,1.0,0.0,3798,1430,0.2104294682983308,0.5532758456803857
COMPLETED,0.91,0.0,0.0,2319,4985,0.767026880809944,0.2723376108519732
COMPLETED,0.91,0.0,0.0,589,634,0.4112454894036985,0.947966152017936
COMPLETED,0.91,0.0,0.0,3339,2939,0.5940122906049712,0.2304101818483322
COMPLETED,0.91,0.0,0.0,3132,888,0.0878740471660159,0.7094620013069362
COMPLETED,0.91,0.0,0.0,402,3037,0.901775898015499,0.4904166965093463
COMPLETED,0.91,0.0,0.0,2424,1332,0.291883742644079,0.792261605348438
COMPLETED,0.91,0.0,0.0,3922,4731,0.7323960514065809,0.0118495169766247
COMPLETED,0.91,0.0,0.0,4618,2406,0.7946416464623063,0.1398073880560696
COMPLETED,0.91,0.0,0.0,1734,4009,0.2295162189955823,0.9197427601478992
COMPLETED,0.91,0.0,0.0,941,361,0.5896869467117823,0.3629737313594669
COMPLETED,0.91,0.0,0.0,2598,3212,0.3998410698769613,0.5815268536638468
COMPLETED,0.91,0.0,0.0,2850,1665,0.5597190924376249,0.9958335437960922
COMPLETED,0.91,0.0,0.0,727,4437,0.4917524225681088,0.2154206151925027
COMPLETED,0.91,0.0,0.0,1518,1180,0.8266168533650226,0.5017486868407576
COMPLETED,0.91,0.0,0.0,4873,2705,0.135597498791106,0.2827027946244925
COMPLETED,0.91,0.0,0.0,4158,1283,0.6677084256470203,0.8613873453140258
COMPLETED,0.91,0.0,0.0,2293,2573,0.3867351425315253,0.4802122293710708
COMPLETED,0.91,0.0,0.0,1056,361,0.832088807366509,0.5217267439421265
COMPLETED,0.91,0.0,0.0,2960,4071,0.1141062632918357,0.1405744843482971
COMPLETED,0.91,0.0,0.0,3250,710,0.3337354288356378,0.0950036458484828
COMPLETED,0.91,0.0,0.0,155,4499,0.6148981876297854,0.7427267977762966
COMPLETED,0.91,0.0,0.0,1343,2335,0.1703365079113282,0.2553284941427409
COMPLETED,0.91,0.0,0.0,4478,3548,0.8884970719736069,0.9030440319348126
COMPLETED,0.91,0.0,0.0,4880,133,0.1970353011046536,0.6855993166211992
COMPLETED,0.91,0.0,0.0,1726,3845,0.9773933647401633,0.0390715840049088
COMPLETED,0.91,0.0,0.0,528,1663,0.2980089631488546,0.9628502835277468
COMPLETED,0.91,0.0,0.0,3643,2950,0.516495290012937,0.3163758498616516
COMPLETED,0.91,0.0,0.0,2723,1939,0.7995310114995576,0.4189304043725132
COMPLETED,0.91,0.0,0.0,838,3148,0.0193626375112682,0.8018186869155615
COMPLETED,0.91,0.0,0.0,2065,956,0.6975878169426694,0.1962499483302235
COMPLETED,0.91,0.0,0.0,3912,4746,0.4792797519437037,0.5791001601945608
COMPLETED,0.91,0.0,0.0,3813,1146,0.9483929507382212,0.2819200843349098
COMPLETED,0.91,0.0,0.0,1928,4859,0.230456134537328,0.9300543103646486
COMPLETED,0.91,0.0,0.0,663,2060,0.550855650122743,0.0679843442216515
COMPLETED,0.91,0.0,0.0,2509,3349,0.2699585547020658,0.7161414126586167
COMPLETED,0.91,0.0,0.0,3468,1862,0.0532397784505039,0.5492317069713026
COMPLETED,0.91,0.0,0.0,314,3072,0.7709888102547265,0.1686201402433216
COMPLETED,0.91,0.0,0.0,1628,245,0.4517466190210543,0.8333317079488188
COMPLETED,0.91,0.0,0.0,4743,4036,0.7324673578271642,0.4527125270850956
COMPLETED,0.91,0.0,0.0,4653,2458,0.4152885371233336,0.2316149078421294
COMPLETED,0.91,0.0,0.0,1557,3747,0.6338205881400034,0.6148838079441338
COMPLETED,0.91,0.0,0.0,253,901,0.0792069554328918,0.3831415033154189
COMPLETED,0.91,0.0,0.0,3388,4610,0.8596412309509702,0.7664637023676186
COMPLETED,0.91,0.0,0.0,3058,474,0.581466637162771,0.9971793896909804
COMPLETED,0.91,0.0,0.0,1193,4261,0.3627470361845567,0.3512456488907337
COMPLETED,0.91,0.0,0.0,2468,1483,0.9165667710822076,0.6507233050819486
COMPLETED,0.91,0.0,0.0,4372,2695,0.135956380827073,0.0047514936029911
COMPLETED,0.91,0.0,0.0,4279,401,0.287183191843517,0.4685790038648992
COMPLETED,0.91,0.0,0.0,2395,4192,0.5058600437625311,0.8184447183497249
COMPLETED,0.91,0.0,0.0,1129,1393,0.2174330511697567,0.1835147439781576
COMPLETED,0.91,0.0,0.0,2975,2604,0.9979663978558032,0.5333576160557568
COMPLETED,0.91,0.0,0.0,3314,2217,0.7143196267945691,0.700267321743071
COMPLETED,0.91,0.0,0.0,160,3505,0.4957143427099101,0.0828789479564875
COMPLETED,0.91,0.0,0.0,1474,677,0.7850550182980484,0.9151673207655548
COMPLETED,0.91,0.0,0.0,4589,4390,0.0045741832196712,0.2977865611147135
COMPLETED,0.91,0.0,0.0,4807,1640,0.8154101435855962,0.0198860615845769
COMPLETED,0.91,0.0,0.0,1711,2851,0.0976181245658546,0.634617101997137
COMPLETED,0.91,0.0,0.0,406,5,0.6822532292792572,0.3673594661112875
COMPLETED,0.91,0.0,0.0,3542,3792,0.4014552087477408,0.9820372075736524
COMPLETED,0.91,0.0,0.0,2592,1057,0.1812153508638031,0.7513215202502906
COMPLETED,0.91,0.0,0.0,727,4767,0.8990786958403885,0.3992553205359727
COMPLETED,0.91,0.0,0.0,2002,1989,0.3134065431585535,0.5987776048593222
COMPLETED,0.91,0.0,0.0,3906,3279,0.5942568408626132,0.2467494758237153
COMPLETED,0.91,0.0,0.0,4004,2179,0.0685719845507293,0.8871136380545795
COMPLETED,0.91,0.0,0.0,2139,3391,0.848815735013876,0.2702886805702001
COMPLETED,0.91,0.0,0.0,902,1179,0.4358612948707304,0.7277742254845798
COMPLETED,0.91,0.0,0.0,2806,4967,0.6542180628368631,0.1109264255929738
COMPLETED,0.91,0.0,0.0,3717,205,0.9330015627928075,0.1564972640927881
COMPLETED,0.91,0.0,0.0,621,3915,0.1526883916233666,0.5067741716504097
COMPLETED,0.91,0.0,0.0,1809,1751,0.5666779819267802,0.4951724157985299
COMPLETED,0.91,0.0,0.0,4944,3042,0.3482708420386537,0.8454569374918937
COMPLETED,0.91,0.0,0.0,4414,800,0.5343677123411558,0.5638997715786099
COMPLETED,0.91,0.0,0.0,1260,4590,0.253280091865547,0.2124274447094648
COMPLETED,0.91,0.0,0.0,62,2407,0.963112816010043,0.7856488046720624
COMPLETED,0.91,0.0,0.0,3177,3617,0.2450007167586125,0.434123178852722
COMPLETED,0.91,0.0,0.0,2877,1507,0.4623285182560794,0.3315686243418604
COMPLETED,0.91,0.0,0.0,992,2794,0.7433464761478826,0.9466804012842476
COMPLETED,0.91,0.0,0.0,2219,602,0.0325981563150882,0.0552490803841501
COMPLETED,0.91,0.0,0.0,4065,4313,0.7506596492093986,0.6703989280052483
COMPLETED,0.91,0.0,0.0,4119,629,0.0283165541091933,0.2078698063436895
COMPLETED,0.91,0.0,0.0,2254,4418,0.8086236541531048,0.5752784895785152
COMPLETED,0.91,0.0,0.0,943,2264,0.4726468472884036,0.4227849146667868
COMPLETED,0.91,0.0,0.0,2847,3477,0.6910517228309065,0.7901707554943859
COMPLETED,0.91,0.0,0.0,3133,1363,0.9741646106859668,0.9434354540482164
COMPLETED,0.91,0.0,0.0,37,2654,0.1939233627247624,0.3435900490116328
COMPLETED,0.91,0.0,0.0,1300,432,0.528864781272877,0.6583560848608612
COMPLETED,0.91,0.0,0.0,4434,4142,0.3105143225885927,0.0585182939600199
COMPLETED,0.91,0.0,0.0,4998,2019,0.6179992675700224,0.2747442716713994
COMPLETED,0.91,0.0,0.0,1844,3228,0.3369749966751783,0.8758307808339595
COMPLETED,0.91,0.0,0.0,572,1027,0.876011263679154,0.1222459221240133
COMPLETED,0.91,0.0,0.0,3687,4816,0.1579472720040939,0.723279132336378
COMPLETED,0.91,0.0,0.0,2762,53,0.3776535964739508,0.5101059378795326
COMPLETED,0.91,0.0,0.0,876,3764,0.6587434775739907,0.1443952069152146
COMPLETED,0.91,0.0,0.0,2179,1592,0.120623044414632,0.8575337765626609
COMPLETED,0.91,0.0,0.0,4024,2879,0.8387412185127847,0.4918611162770539
COMPLETED,0.91,0.0,0.0,3849,1782,0.3713408343803137,0.6312755838744342
COMPLETED,0.91,0.0,0.0,1964,2992,0.5899438578405417,0.0319935951400548
COMPLETED,0.91,0.0,0.0,778,174,0.1289518592848442,0.9699663207642732
COMPLETED,0.91,0.0,0.0,2624,3965,0.9094266195164992,0.3706614896226674
COMPLETED,0.91,0.0,0.0,3588,1226,0.6312072486191987,0.3947904459889978
COMPLETED,0.91,0.0,0.0,434,4939,0.4125367097032256,0.7626103222966194
COMPLETED,0.91,0.0,0.0,1669,2131,0.8726147871072403,0.2354354482349008
COMPLETED,0.91,0.0,0.0,4784,3419,0.0920839392019435,0.6032629386782646
COMPLETED,0.91,0.0,0.0,4533,554,0.7737298238894901,0.8216837133243678
COMPLETED,0.91,0.0,0.0,1437,4342,0.0558639764109626,0.4565668552052229
COMPLETED,0.91,0.0,0.0,212,1554,0.7196101187054068,0.5454102110937237
COMPLETED,0.91,0.0,0.0,3347,2766,0.4387535117194987,0.1802400540243834
COMPLETED,0.91,0.0,0.0,3022,2377,0.2219899658012203,0.0874311173800379
COMPLETED,0.91,0.0,0.0,1157,3666,0.9397880559464916,0.6888983630724251
COMPLETED,0.91,0.0,0.0,2353,831,0.2770791997767984,0.3091341087464243
COMPLETED,0.91,0.0,0.0,4257,4539,0.5578794846539386,0.9106394251175224
COMPLETED,0.91,0.0,0.0,4320,2287,0.8963401865681633,0.6182234820183365
COMPLETED,0.91,0.0,0.0,2435,3575,0.1785886559831909,0.2195054112672805
COMPLETED,0.91,0.0,0.0,1250,758,0.6071203874056227,0.7785327451284973
COMPLETED,0.91,0.0,0.0,3095,4470,0.3263933355964719,0.3798375167846679
COMPLETED,0.91,0.0,0.0,3429,330,0.1060782240370288,0.3557085604183375
COMPLETED,0.91,0.0,0.0,276,4121,0.8240211150846443,0.9858887435961514
COMPLETED,0.91,0.0,0.0,1510,1313,0.3943322974667884,0.0160635581724345
COMPLETED,0.91,0.0,0.0,4625,2523,0.6752316535118967,0.6462361272145062
COMPLETED,0.91,0.0,0.0,4692,986,0.4871228032779879,0.9268172784093768
COMPLETED,0.91,0.0,0.0,1595,4696,0.7058401399105787,0.2939340770430862
COMPLETED,0.91,0.0,0.0,371,1908,0.0115847814692184,0.704090780640021
COMPLETED,0.91,0.0,0.0,3506,3198,0.7921891005988233,0.0712608782239258
COMPLETED,0.91,0.0,0.0,2551,1710,0.5084670684196985,0.1640698148682713
COMPLETED,0.91,0.0,0.0,686,2922,0.2899413266848772,0.5606026286613196
COMPLETED,0.91,0.0,0.0,1881,86,0.9849903447793796,0.4413668235018849
COMPLETED,0.91,0.0,0.0,3786,3873,0.2045585717632435,0.8378615666162222
COMPLETED,0.91,0.0,0.0,3961,275,0.7402517036288976,0.0436311853900551
COMPLETED,0.91,0.0,0.0,2096,3986,0.4590826355529017,0.6742224426697939
COMPLETED,0.91,0.0,0.0,784,1832,0.76314796186639,0.3277160770669579
COMPLETED,0.91,0.0,0.0,2688,3123,0.044984895302169,0.9583301767539232
COMPLETED,0.91,0.0,0.0,3604,2108,0.2623593717169016,0.8050654782000928
COMPLETED,0.91,0.0,0.0,508,3320,0.5433349396445787,0.4069109427221119
COMPLETED,0.91,0.0,0.0,1771,1098,0.2384778663708828,0.5911448473874479
COMPLETED,0.91,0.0,0.0,4906,4887,0.9564664815710856,0.1929826977737247
COMPLETED,0.91,0.0,0.0,4527,1436,0.1437405517327599,0.4757547942213714
COMPLETED,0.91,0.0,0.0,1373,2723,0.9239028508743272,0.8726682255733758
COMPLETED,0.91,0.0,0.0,100,522,0.3549060054577887,0.1292531437687575
COMPLETED,0.91,0.0,0.0,3215,4233,0.5732118098323233,0.5262198740709572
COMPLETED,0.91,0.0,0.0,2920,871,0.8520419921479186,0.7393930685278028
COMPLETED,0.91,0.0,0.0,1035,4660,0.071686427293159,0.1071038589775562
COMPLETED,0.91,0.0,0.0,2337,2488,0.6418422567132859,0.8909652298446745
