Status,ACCURACY,RUNTIME,REQLABELS,recent_samples_size,window_size,ev_threshold,delta,divergence_metric,sample_period,online_scaling
COMPLETED,0.91,0.0,0.0,2339,1852,0.030499959539622,0.5864959276914596,kl,0.0578452497720718,False
COMPLETED,0.91,0.0,0.0,4551,3060,0.6618184885419905,0.1012428900729864,intersection,0.0281556201074272,True
COMPLETED,0.91,0.0,0.0,2829,1214,0.2681648293118923,0.7699091387577354,intersection,0.0531961011979728,False
COMPLETED,0.91,0.0,0.0,305,4927,0.9155966466721148,0.2920035515911877,kl,0.0780014937929809,True
COMPLETED,0.91,0.0,0.0,1087,441,0.5261669673528521,0.491504966750741,kl,0.0671359409298747,False
COMPLETED,0.91,0.0,0.0,3299,4144,0.1594549208413809,0.9455714087337256,intersection,0.0188635769486427,True
COMPLETED,0.91,0.0,0.0,4078,2318,0.7716647026725113,0.1832807989139109,intersection,0.0382303491234779,False
COMPLETED,0.91,0.0,0.0,1553,3536,0.4210014623068273,0.6299998973328619,kl,0.0929686392750591,True
COMPLETED,0.91,0.0,0.0,1836,864,0.8200238075666129,0.930232164381072,intersection,0.0835004347469657,False
COMPLETED,0.91,0.0,0.0,3804,4659,0.4844673471190035,0.3821546427290886,kl,0.0474884401261806,True
COMPLETED,0.91,0.0,0.0,3645,1505,0.5664897163193672,0.7390220327712596,kl,0.0226024113595485,False
COMPLETED,0.91,0.0,0.0,740,2787,0.2470458304043859,0.1991909175552427,intersection,0.0635852473881095,True
COMPLETED,0.91,0.0,0.0,585,1966,0.325307211568579,0.0229573383033275,intersection,0.0984229709021747,False
COMPLETED,0.91,0.0,0.0,2552,3258,0.98784509502165,0.539848252236843,kl,0.0325672571454197,True
COMPLETED,0.91,1.0,0.0,4894,85,0.0640039079077541,0.3389783272314816,kl,0.0132657592091709,False
COMPLETED,0.91,0.0,0.0,1989,3870,0.7425913113318384,0.8476229536999017,intersection,0.0729205061309039,True
COMPLETED,0.91,0.0,0.0,2034,248,0.4414523737821727,0.1536787279769778,kl,0.0372726599406451,True
COMPLETED,0.91,0.0,0.0,4832,4039,0.8699904886949807,0.6586687477454543,intersection,0.0965283501520752,False
COMPLETED,0.91,0.0,0.0,2803,2116,0.2032692036926746,0.4540983527693897,intersection,0.0772733295336365,True
COMPLETED,0.91,0.0,0.0,317,3401,0.6167307424172758,0.9819534437153488,kl,0.0117271510791033,False
COMPLETED,0.91,0.0,0.0,783,1332,0.9438762113824488,0.799567880725488,kl,0.0462131592072546,True
COMPLETED,0.91,0.0,0.0,3581,2627,0.3745070046037435,0.2633912532385438,intersection,0.0875892469752579,False
COMPLETED,0.91,0.0,0.0,4052,724,0.6979221670050174,0.6238372870795428,intersection,0.0626577708590775,True
COMPLETED,0.91,0.0,0.0,1566,4506,0.1134166606608778,0.064795707385987,kl,0.0263413592614233,False
COMPLETED,0.91,1.0,0.0,1296,2471,0.646151795456186,0.372718742288649,intersection,0.0172370902635157,True
COMPLETED,0.91,0.0,0.0,4318,3675,0.0455651377607136,0.8148081487491727,kl,0.0715766455698758,False
COMPLETED,0.91,0.0,0.0,3227,600,0.8991678243279457,0.0489084385875612,kl,0.0909861185122281,True
COMPLETED,0.91,0.0,0.0,1142,4317,0.2835048283860087,0.5149141428414731,intersection,0.0430236546136438,False
COMPLETED,0.91,0.0,0.0,45,1071,0.1427158224657177,0.705217444082722,intersection,0.0318066867720335,True
COMPLETED,0.91,0.0,0.0,3067,4778,0.5400964477807282,0.2319414299037307,kl,0.0570056529715657,False
COMPLETED,0.91,0.0,0.0,4476,1683,0.4035625791270285,0.9043386051021516,kl,0.0820024033263325,True
COMPLETED,0.91,0.0,0.0,2391,2897,0.7858066669348627,0.4071464121006428,intersection,0.0520087202917784,False
COMPLETED,0.91,0.0,0.0,2423,1140,0.5852699077706784,0.0941334027405828,kl,0.0419258029107004,True
COMPLETED,0.91,0.0,0.0,4440,4845,0.2341209093388169,0.595428514426574,intersection,0.0892731640301644,False
COMPLETED,0.91,1.0,0.0,3036,1770,0.8382863567583263,0.2697495482675731,intersection,0.0690707442723214,True
COMPLETED,0.91,0.0,0.0,82,2986,0.4720600683130323,0.7939862294010817,kl,0.0169287521485239,False
COMPLETED,0.91,0.0,0.0,1174,2245,0.0827461476512253,0.9838631464764476,kl,0.0495033135265111,True
COMPLETED,0.91,0.0,0.0,3191,3452,0.729689113702625,0.4513815460428595,intersection,0.0816943029221147,False
COMPLETED,0.91,0.0,0.0,4287,357,0.343592484196648,0.683436151066795,intersection,0.0559074381645768,True
COMPLETED,0.91,0.0,0.0,1333,4071,0.9753998645078392,0.1280128622148185,kl,0.0300934543460607,False
COMPLETED,0.91,0.0,0.0,1685,1421,0.2518592319767922,0.4359206614103168,intersection,0.0113308162242174,True
COMPLETED,0.91,1.0,0.0,3927,2714,0.9299606393929571,0.8743917770292609,kl,0.0748554705735296,False
COMPLETED,0.91,1.0,0.0,3460,791,0.0136764820031821,0.2369139522276818,kl,0.0947275709267705,True
COMPLETED,0.91,0.0,0.0,906,4575,0.6767003614641725,0.6992246294282377,intersection,0.0362626785784959,False
COMPLETED,0.91,0.0,0.0,2678,3796,0.4353884164057671,0.0476078611090779,kl,0.0616474666260182,False
COMPLETED,0.91,0.0,0.0,4711,1892,0.5093664511945099,0.8410831509474664,kl,0.0871933617256581,True
COMPLETED,0.91,0.0,0.0,2158,3176,0.1742986041139811,0.3475858660284429,intersection,0.0437954916898161,False
COMPLETED,0.91,0.0,0.0,1947,2033,0.8848037126362323,0.6516454399377107,kl,0.0660016512498259,False
COMPLETED,0.91,0.0,0.0,4940,3328,0.2998105446919798,0.1627773710936308,intersection,0.0229974574130028,True
COMPLETED,0.91,1.0,0.0,2594,174,0.6312700415048748,0.959861761273816,intersection,0.0484995359461754,False
COMPLETED,0.91,0.0,0.0,538,3957,0.0623884963262826,0.4782653705198317,kl,0.085302848778665,True
COMPLETED,0.91,0.0,0.0,698,640,0.3891757439989596,0.3016054071020334,kl,0.0739320938009768,False
COMPLETED,0.91,0.0,0.0,3691,4433,0.8021503349486738,0.7592869871985167,intersection,0.0150684082694351,True
COMPLETED,0.91,0.0,0.0,3845,1259,0.1278720202222466,0.1180782358832657,intersection,0.0349832952208817,False
COMPLETED,0.91,0.0,0.0,1789,2544,0.5568970829099416,0.5684880189187824,kl,0.0988177363295108,True
COMPLETED,0.91,0.0,0.0,1445,527,0.2161942437291145,0.8687355068027973,intersection,0.0797159087378531,False
COMPLETED,0.91,0.0,0.0,4194,4233,0.5979504319950937,0.3169673005342483,kl,0.0542952363379299,True
COMPLETED,0.91,0.0,0.0,3409,2388,0.4538595336172729,0.5527223755288869,kl,0.0284628384001553,False
COMPLETED,0.91,0.0,0.0,973,3603,0.8517280584741383,0.0092761221993714,intersection,0.0603495228011161,True
COMPLETED,0.91,0.0,0.0,196,1609,0.7108242456633597,0.2092039363961666,intersection,0.0932754508778452,False
COMPLETED,0.91,0.0,0.0,2945,2815,0.0946745398882776,0.7297856539171189,kl,0.0407343007903546,True
COMPLETED,0.91,0.0,0.0,4661,988,0.9563215608671308,0.4005280439592898,kl,0.0205784441810101,False
COMPLETED,0.91,0.0,0.0,2224,4704,0.3562216130048036,0.9127876895703376,intersection,0.0682352701947093,True
COMPLETED,0.91,0.0,0.0,2251,334,0.99272776273638,0.3275044148750603,intersection,0.0972339079156517,True
COMPLETED,0.91,0.0,0.0,4620,4129,0.3146872312277555,0.8600262869484722,kl,0.0337559969257563,False
COMPLETED,0.91,0.0,0.0,2898,2225,0.7397111910600214,0.0042197802495211,kl,0.0138347585033625,True
COMPLETED,0.91,0.0,0.0,217,3507,0.0767482023779302,0.5596066045295446,intersection,0.0723518702760338,False
COMPLETED,0.91,0.0,0.0,1000,1754,0.4971276778969913,0.7192489745635539,intersection,0.0840740162599831,True
COMPLETED,0.91,0.0,0.0,3368,3046,0.8169992269147187,0.2179137102086096,kl,0.0469144951738417,False
COMPLETED,0.91,0.0,0.0,4147,1122,0.2362814491689205,0.9178445780426264,kl,0.0214184247888624,True
COMPLETED,0.91,0.0,0.0,1466,4907,0.5712883608564734,0.3936442425101995,intersection,0.0647695571649819,False
COMPLETED,0.91,0.0,0.0,1748,1952,0.1720770898535847,0.1713650138713419,kl,0.0666557227540761,True
COMPLETED,0.91,0.0,0.0,3872,3159,0.5231651975065469,0.6409862726368009,intersection,0.0193441183306276,False
COMPLETED,0.91,1.0,0.0,3713,65,0.410259955080226,0.4712590811233967,intersection,0.039507699701935,True
COMPLETED,0.91,0.0,0.0,652,3778,0.7764253676179796,0.9647965187113732,kl,0.0916909252572804,False
COMPLETED,0.91,0.0,0.0,496,848,0.666739258537069,0.750698797898367,kl,0.0591167311742901,True
COMPLETED,0.91,0.0,0.0,2620,4552,0.019857227878645,0.3122641468513757,intersection,0.0268845033179968,False
COMPLETED,0.91,0.0,0.0,4962,1476,0.9126935929059982,0.5754938733279705,intersection,0.0527095198165625,True
COMPLETED,0.91,0.0,0.0,1900,2694,0.2809471628591418,0.1131429244875907,kl,0.0784877519682049,False
COMPLETED,0.91,0.0,0.0,2121,1317,0.5353050902094691,0.8850521303210407,intersection,0.0316723045799881,False
COMPLETED,0.91,0.0,0.0,4763,2521,0.1534880260359495,0.4273308734390884,kl,0.0571397146396339,True
COMPLETED,0.91,0.0,0.0,2734,695,0.7888391294069587,0.694291526429355,kl,0.0829229745082557,False
COMPLETED,0.91,0.0,0.0,405,4412,0.3909097137711942,0.2439176131114363,intersection,0.0510885152313858,True
COMPLETED,0.91,0.0,0.0,870,234,0.032813496839255,0.0369469612948596,intersection,0.0181622195243835,False
COMPLETED,0.91,0.0,0.0,3512,3941,0.6490241528786718,0.5258548258952797,kl,0.0706511501874774,True
COMPLETED,0.91,0.0,0.0,3982,2095,0.2941168674211949,0.3525185340400785,kl,0.0908568315114826,False
COMPLETED,0.91,0.0,0.0,1653,3309,0.8942777506764978,0.834078936105594,intersection,0.0431532621383667,True
COMPLETED,0.91,0.0,0.0,1384,973,0.3617324933912605,0.6041403776649386,kl,0.0453813906013965,False
COMPLETED,0.91,0.0,0.0,4250,4764,0.9467865521144122,0.0835946488324552,intersection,0.0884213361050933,True
COMPLETED,0.91,0.0,0.0,3160,1591,0.1240668577440083,0.7871041604653,intersection,0.0628804191853851,False
COMPLETED,0.91,0.0,0.0,1231,2877,0.6930092788301409,0.2748047190979123,kl,0.0261183448135852,True
COMPLETED,0.91,0.0,0.0,133,2365,0.8652220609001814,0.442670117791742,kl,0.0374894620571285,False
COMPLETED,0.91,0.0,0.0,2999,3660,0.4521865345574915,0.9944024543426933,intersection,0.0963119141571223,True
COMPLETED,0.91,0.0,0.0,4408,506,0.6197251063268631,0.1348954776730388,intersection,0.0764351789467036,False
COMPLETED,0.91,0.0,0.0,2480,4288,0.1906390933748334,0.6783814077880232,kl,0.0125649811420589,True
COMPLETED,0.91,0.0,0.0,2354,2298,0.4226748777646571,0.8198628845922648,intersection,0.0251085785310715,False
COMPLETED,0.91,0.0,0.0,4527,3591,0.7581704028192907,0.3658361193947494,kl,0.061079424880445,True
COMPLETED,0.91,0.0,0.0,3124,417,0.1850096547976136,0.5043748275395483,kl,0.0860035195574164,False
COMPLETED,0.91,0.0,0.0,13,4201,0.5043925904482603,0.0576198594029992,intersection,0.0449850133340805,True
COMPLETED,0.91,0.0,0.0,1105,1196,0.9251312390267848,0.2268862665090709,intersection,0.0101476141996681,False
COMPLETED,0.91,0.0,0.0,3278,4990,0.2626542463526129,0.7120995204541832,kl,0.0760389931220561,True
COMPLETED,0.91,0.0,0.0,4375,1836,0.6796338717732578,0.4176851734444498,kl,0.0953017385024577,False
COMPLETED,0.91,0.0,0.0,1264,3119,0.0011073442567139,0.8956267492994666,intersection,0.0356881448812782,True
COMPLETED,0.91,1.0,0.0,1618,147,0.7248369025308637,0.6656729551516473,kl,0.0507798768766224,False
COMPLETED,0.91,0.0,0.0,4015,3852,0.0935793237928301,0.1487460525296628,intersection,0.0804173734504729,True
COMPLETED,0.91,0.0,0.0,3549,2026,0.978371354408562,0.9733640758600086,intersection,0.0554266312438994,False
COMPLETED,0.91,0.0,0.0,839,3242,0.3310004724413156,0.4647592451479286,kl,0.0305745817907154,True
COMPLETED,0.91,0.0,0.0,369,1560,0.2214301220178604,0.2563875997904688,kl,0.0414398156385868,False
COMPLETED,0.91,0.0,0.0,2766,2766,0.5880812926217913,0.80450099116005,intersection,0.0897588307783007,True
COMPLETED,0.91,0.0,0.0,4800,921,0.4827330799195915,0.0733855027928948,intersection,0.0703430063650012,False
COMPLETED,0.91,0.0,0.0,2090,4635,0.8333354295063764,0.6131769412234425,kl,0.0156568561773747,True
COMPLETED,0.91,0.0,0.0,2016,779,0.1072358552999794,0.3870899466890841,intersection,0.0941954118572175,True
COMPLETED,0.91,0.0,0.0,4852,4484,0.7078834483884275,0.9232263025362044,kl,0.0398147032503038,False
COMPLETED,0.91,0.0,0.0,2506,1390,0.3454191332068294,0.1885321703702211,kl,0.0204432962182909,True
COMPLETED,0.91,0.0,0.0,607,2604,0.961143079413101,0.7476102146357297,intersection,0.0683700949512422,False
COMPLETED,0.91,0.0,0.0,766,2178,0.6029320555906743,0.5349135022349655,intersection,0.0795873821433633,True
COMPLETED,0.91,0.0,0.0,3603,3383,0.2054905394967645,0.029963635135442,kl,0.054424086138606,False
COMPLETED,0.91,2.0,0.0,3758,308,0.8488859772793949,0.8582821284364908,kl,0.029388583227992,True
COMPLETED,0.91,0.0,0.0,1858,4023,0.4665810135640203,0.3303906918894499,intersection,0.0594234145339578,False
COMPLETED,0.91,0.0,0.0,1512,1665,0.8070939752347767,0.1081266840863972,kl,0.0741539844032376,True
COMPLETED,0.91,0.0,0.0,4105,2959,0.3784949100576341,0.5814390438664704,intersection,0.0148461542278528,False
COMPLETED,0.91,0.0,0.0,3321,1055,0.5540778162386268,0.2832937703430652,intersection,0.0341509137302637,True
COMPLETED,0.91,0.0,0.0,1041,4838,0.1405553421210497,0.780445810675621,kl,0.099650441026315,False
COMPLETED,0.91,0.0,0.0,263,579,0.3124099028985947,0.9386871871687472,kl,0.0651641081832349,True
COMPLETED,0.91,0.0,0.0,2856,4371,0.8818399855848402,0.4965613161362707,intersection,0.0238346772734075,False
COMPLETED,0.91,0.0,0.0,4572,2448,0.0515632614903151,0.6387091246228666,intersection,0.0487171011511236,True
COMPLETED,0.91,0.0,0.0,2292,3733,0.636129658613354,0.1727436920087784,kl,0.0850856470130384,False
COMPLETED,0.91,0.0,0.0,2278,806,0.2924911397639661,0.7369844353944062,intersection,0.0163296175654977,True
COMPLETED,0.91,0.0,0.0,4607,4599,0.8931091091055423,0.2010914642065763,kl,0.0696589153259992,False
COMPLETED,0.91,0.0,0.0,2887,1445,0.0394417265504598,0.9360445067305116,kl,0.0890256875008344,True
COMPLETED,0.91,0.0,0.0,245,2729,0.6551952965036034,0.3762357136327773,intersection,0.042162315910682,False
COMPLETED,0.91,0.0,0.0,1030,1906,0.7958252086266874,0.341015935761854,intersection,0.0298904914222657,True
COMPLETED,0.91,1.0,0.0,3359,3201,0.3984133162796497,0.8457224182020872,kl,0.0560993919614702,False
COMPLETED,0.91,19.0,0.94,4138,27,0.5350118214357644,0.0171450145430862,kl,0.0811398730520159,True
COMPLETED,0.91,0.0,0.0,1496,3810,0.152677233973518,0.545767199922353,intersection,0.0500467342697084,False
COMPLETED,0.91,0.0,0.0,1855,1795,0.6218757520560175,0.7679245875179767,kl,0.0363777290843427,True
COMPLETED,0.91,0.0,0.0,3783,3000,0.1932473010737448,0.2938814789056777,intersection,0.0946234839502722,False
COMPLETED,0.91,0.0,0.0,3624,1154,0.8600333898812532,0.5922552062440662,intersection,0.0753219860140234,True
COMPLETED,0.91,0.0,0.0,758,4870,0.4465403015688061,0.0953465505708008,kl,0.0108752643130719,False
COMPLETED,0.91,0.0,0.0,606,381,0.1194796885773539,0.1852653315644711,kl,0.0443067594524473,True
COMPLETED,0.91,0.0,0.0,2535,4087,0.6889391570687294,0.6281219514291733,intersection,0.0866931030899286,False
COMPLETED,0.91,0.0,0.0,4875,2261,0.3654592503476887,0.4857456891275942,intersection,0.0618070743232965,True
COMPLETED,0.91,0.0,0.0,2009,3476,0.9499962616655976,0.951467737082392,kl,0.024391572093591,False
COMPLETED,0.91,0.0,0.0,2091,2412,0.2414701350592076,0.0548447002526372,intersection,0.0857693967409431,False
COMPLETED,0.91,0.0,0.0,4772,3618,0.5769346087165176,0.5091149095948785,kl,0.0480439944285899,True
COMPLETED,0.91,0.0,0.0,2743,543,0.4949770470391958,0.3708045957796275,kl,0.0231125183124095,False
COMPLETED,0.91,0.0,0.0,375,4257,0.8143910340871661,0.8168288745693862,intersection,0.0658975967951118,True
COMPLETED,0.91,0.0,0.0,842,1013,0.7359844192322343,0.898402324847877,intersection,0.0989773336332291,False
COMPLETED,0.91,0.0,0.0,3523,4718,0.073538477955386,0.4129456267580389,kl,0.0348346641287207,True
COMPLETED,0.91,0.0,0.0,3995,1623,0.9973149170316756,0.7071315794382244,kl,0.015579643510282,False
COMPLETED,0.91,0.0,0.0,1626,2840,0.318757338117808,0.229920692929998,intersection,0.0734318247716873,True
COMPLETED,0.91,1.0,0.0,1275,188,0.9060653780661522,0.4599810924138874,kl,0.060102014420554,False
COMPLETED,0.91,0.0,0.0,4337,3982,0.2747760341055691,0.9761773056890816,intersection,0.0286993403360247,True
COMPLETED,0.91,0.0,0.0,3245,2058,0.6683650010656565,0.1518181332312524,intersection,0.0536960906907916,False
COMPLETED,0.91,0.0,0.0,1121,3342,0.0210258843209594,0.6606664080880582,kl,0.0803040479402989,True
COMPLETED,0.91,0.0,0.0,27,1275,0.4105532089825719,0.6179545585885644,kl,0.0676808513887226,False
COMPLETED,0.91,0.0,0.0,3088,2568,0.7772361448090523,0.0705718565657734,intersection,0.0211218967754393,True
COMPLETED,0.91,0.0,0.0,4497,664,0.1650909957624971,0.801428494060412,intersection,0.0405313697177916,False
COMPLETED,0.91,0.0,0.0,2373,4448,0.5156615801267325,0.2613936114851385,kl,0.0934674157388508,True
COMPLETED,0.91,0.0,0.0,2483,1517,0.8451820627301931,0.2388963731452822,intersection,0.0777985513210296,False
COMPLETED,0.91,0.0,0.0,4383,2813,0.463333233334124,0.6973487952575087,kl,0.0533880774583667,True
COMPLETED,0.91,0.0,0.0,2978,890,0.6074811540786176,0.4301597479376941,kl,0.0276012127008289,False
COMPLETED,0.91,0.0,0.0,141,4671,0.2095835036654025,0.8802897412274033,intersection,0.0583886921405792,True
COMPLETED,0.91,1.0,0.0,1232,101,0.3505849618185311,0.8391007114406674,intersection,0.0923694822285324,False
COMPLETED,0.91,0.0,0.0,3131,3893,0.9668273830804974,0.3494616816099733,kl,0.0388184997253119,True
COMPLETED,0.91,0.0,0.0,4227,1989,0.105123280249536,0.5230263677947223,kl,0.0186160799674689,False
COMPLETED,0.91,0.0,0.0,1391,3275,0.7052523982822894,0.0417098857574164,intersection,0.0673724314663559,True
COMPLETED,0.91,0.0,0.0,1667,1237,0.0518793726712465,0.2717855209484696,kl,0.0640964926872402,False
COMPLETED,0.91,0.0,0.0,3947,4944,0.6369023799970746,0.7920873297527432,intersection,0.0221021322719752,True
COMPLETED,0.91,0.0,0.0,3481,1869,0.305385753000155,0.0883189672473818,intersection,0.0476480273716151,False
COMPLETED,0.91,0.0,0.0,888,3083,0.8743592254836112,0.6013495738450437,kl,0.0833518137130886,True
COMPLETED,0.91,0.0,0.0,416,2344,0.5474267441201955,0.6814001895394176,kl,0.0730355770885944,False
COMPLETED,0.91,0.0,0.0,2696,3548,0.1344222691748291,0.1299117730166763,intersection,0.013161694696173,True
COMPLETED,0.91,0.0,0.0,4730,453,0.8087577735707164,0.9896776005588472,intersection,0.033033795049414,False
COMPLETED,0.91,0.0,0.0,2137,4170,0.379640709221363,0.4454605052135884,kl,0.097967439442873,True
COMPLETED,0.91,0.0,0.0,1889,626,0.6866580365430563,0.5468412828873843,intersection,0.0118867701757699,True
COMPLETED,0.91,0.0,0.0,5000,4330,0.0085881192293018,0.015050635529682,kl,0.0771247195638716,False
COMPLETED,0.91,0.0,0.0,2653,2484,0.9248151427172124,0.870598231870681,kl,0.0970396065153181,True
COMPLETED,0.91,0.0,0.0,480,3702,0.2618815398402511,0.3149675470478832,intersection,0.0367724127043038,False
COMPLETED,0.91,0.0,0.0,638,1706,0.1833458415903151,0.4064091477543115,intersection,0.0268078861013054,True
COMPLETED,0.91,0.0,0.0,3749,2913,0.5032467764131725,0.907013187393546,kl,0.0622022075485438,False
COMPLETED,0.91,0.0,0.0,3902,1087,0.4293259350117296,0.2073412299174815,kl,0.0877042860817164,True
COMPLETED,0.91,0.0,0.0,1729,4800,0.7643034608941525,0.7317854259926825,intersection,0.0461090836301446,False
COMPLETED,0.91,0.0,0.0,1465,2132,0.478183996303007,0.9539275927525012,kl,0.0424692146852612,True
COMPLETED,0.91,0.0,0.0,4175,3424,0.8292424802090972,0.4840624734442681,intersection,0.0915295493137091,False
COMPLETED,0.91,0.0,0.0,3391,270,0.225134051438421,0.653561211142689,intersection,0.0713736927043646,True
COMPLETED,0.91,0.0,0.0,994,4055,0.5913290877230464,0.1607549982704222,kl,0.0174290340021252,False
COMPLETED,0.91,0.0,0.0,214,737,0.9804839145876468,0.124012385815382,kl,0.0517612337041646,True
COMPLETED,0.91,0.0,0.0,2924,4532,0.3336315076760947,0.5626908974051475,intersection,0.082238926384598,False
COMPLETED,0.91,0.0,0.0,4640,1358,0.7196710590478032,0.2996896247435361,intersection,0.0564065284468233,True
COMPLETED,0.91,0.0,0.0,2243,2640,0.0878950052540749,0.7613093488682061,kl,0.0323948477674275,False
COMPLETED,0.91,0.0,0.0,2191,2012,0.6995552708562462,0.4732817253489047,kl,0.0445286778826266,False
COMPLETED,0.91,0.0,0.0,4677,3217,0.1145931543093174,0.962880483539775,intersection,0.0864708185382187,True
COMPLETED,0.91,1.0,0.0,2956,122,0.937255833748728,0.1655676990300417,intersection,0.0609747481532394,False
COMPLETED,0.91,0.0,0.0,158,3838,0.3683432371728121,0.6469206456393002,kl,0.0252242187876254,True
COMPLETED,0.91,0.0,0.0,942,906,0.1962757482789456,0.5734712476916611,kl,0.0355401360616087,False
COMPLETED,0.91,0.0,0.0,3428,4611,0.6092192878313362,0.1150589782483875,intersection,0.0954607564490288,True
COMPLETED,0.91,0.0,0.0,4207,1536,0.4417377904783934,0.7564961238931864,intersection,0.075539518026635,False
COMPLETED,0.91,0.0,0.0,1409,2751,0.8707939045634121,0.3063297850023954,kl,0.0106580984219908,True
COMPLETED,0.91,0.0,0.0,1766,393,0.4014188337083905,0.0062193292547017,intersection,0.0308105043694376,False
COMPLETED,0.91,0.0,0.0,3851,4186,0.7832067871969192,0.5577440913785248,kl,0.0551797451358288,True
COMPLETED,0.91,0.0,0.0,3692,2282,0.1479128214456141,0.3217301655113696,kl,0.0810047616343945,False
COMPLETED,0.91,0.0,0.0,670,3567,0.5457495810799301,0.8659071081876754,intersection,0.0501815251633524,True
COMPLETED,0.91,0.0,0.0,517,1811,0.9037480931840836,0.9158450178839264,intersection,0.0162010597903281,False
COMPLETED,0.91,0.0,0.0,2602,3105,0.2875666221864521,0.3955067445077001,kl,0.0697877936251461,True
COMPLETED,0.91,1.0,0.0,4943,1182,0.6424167105387896,0.7250232053380459,kl,0.0899513749964535,False
COMPLETED,0.91,0.0,0.0,1921,4965,0.0423485278990119,0.2120328703802079,intersection,0.0412362622935324,True
COMPLETED,0.91,0.0,0.0,2178,1030,0.7664676888212562,0.7811833129636943,kl,0.0689574720710515,True
COMPLETED,0.91,0.0,0.0,4703,4824,0.4153483141362667,0.2806189501099288,intersection,0.0198449126537889,False
COMPLETED,0.91,0.0,0.0,2674,1651,0.5283106979001312,0.6060390059109777,intersection,0.040050593977794,True
COMPLETED,0.91,0.0,0.0,462,2934,0.1620547857079654,0.0815589401181787,kl,0.0939485146850347,False
COMPLETED,0.91,0.0,0.0,930,2425,0.2718999291006475,0.1408163140211254,kl,0.0596159906033426,True
COMPLETED,0.91,0.0,0.0,3454,3718,0.9188132714051752,0.6725671656224876,intersection,0.0291850409470498,False
COMPLETED,0.91,0.0,0.0,3926,564,0.0259197055548429,0.4407714709565043,intersection,0.0549683008156716,True
COMPLETED,0.91,0.0,0.0,1714,4348,0.6577567096129059,0.996438144467771,kl,0.0790322012547403,False
COMPLETED,0.91,0.0,0.0,1364,1374,0.0706242706701159,0.6883932982645928,intersection,0.0995457746926695,True
COMPLETED,0.91,0.0,0.0,4269,2581,0.7487550638914107,0.2496787979863583,kl,0.0342665865086019,False
COMPLETED,0.91,0.0,0.0,3177,755,0.3236740928459912,0.8869281689729541,kl,0.0143898512981832,True
COMPLETED,0.91,0.0,0.0,1210,4469,0.9866685865018516,0.4253482406046241,intersection,0.0746212937775999,False
COMPLETED,0.91,0.0,0.0,115,294,0.5662043144945054,0.3584167807940393,intersection,0.084586139395833,True
COMPLETED,0.91,0.0,0.0,3020,3998,0.2462424294073134,0.8283177698198705,kl,0.0492275749798864,False
COMPLETED,0.91,0.0,0.0,4429,2153,0.8270172778517006,0.0350709337964653,kl,0.0236866580601781,True
COMPLETED,0.91,0.0,0.0,2461,3369,0.491978816576302,0.527837469883263,intersection,0.0653230936080217,False
COMPLETED,0.91,1.0,0.0,2414,48,0.131569034460932,0.9713662110362202,kl,0.0722038396634161,True
COMPLETED,0.91,0.0,0.0,4470,3756,0.5601365351788699,0.4666200518105179,intersection,0.0139937553275376,False
COMPLETED,0.91,0.0,0.0,3066,1929,0.3846183175500482,0.6714493571445345,intersection,0.0332565007079392,True
COMPLETED,0.91,0.0,0.0,73,3143,0.7980504704695194,0.1428630414828657,kl,0.0977443703450262,False
COMPLETED,0.91,0.0,0.0,1163,1463,0.6261111132036895,0.075383356463164,kl,0.064313242835924,True
COMPLETED,0.91,0.0,0.0,3219,2667,0.0567125206198543,0.611316123407334,intersection,0.021885745562613,False
COMPLETED,0.91,0.0,0.0,4315,822,0.8869246156476437,0.2506111792083829,intersection,0.0468098402395844,True
COMPLETED,0.91,0.0,0.0,1322,4539,0.3024484951086342,0.8103839836176485,kl,0.084189677638933,False
COMPLETED,0.91,0.0,0.0,1599,2199,0.9559980734921992,0.5023543731216341,intersection,0.0922351499926298,True
COMPLETED,0.91,0.0,0.0,4036,3494,0.3554410395435989,0.0595337419454008,kl,0.0389525087550282,False
COMPLETED,0.91,1.0,0.0,3570,321,0.7178405434843153,0.8256619059219956,kl,0.0195366843417286,True
COMPLETED,0.91,0.0,0.0,821,4102,0.1021479237955063,0.3599000622108578,intersection,0.0664521905314177,False
COMPLETED,0.91,0.0,0.0,348,1100,0.4605179819297045,0.4197056464515626,intersection,0.0787236527539789,True
COMPLETED,0.91,0.0,0.0,2784,4891,0.8578689834978431,0.8937128853462636,kl,0.0524626125860959,False
COMPLETED,0.91,0.0,0.0,4819,1737,0.214538297470659,0.2210872563328593,kl,0.0274718703795224,True
COMPLETED,0.91,0.0,0.0,2070,3023,0.5968120090253651,0.7180355887915939,intersection,0.0585183576680719,False
COMPLETED,0.91,0.0,0.0,1958,1568,0.3365761715043336,0.2891898458786308,kl,0.0512810708489269,False
COMPLETED,0.91,0.0,0.0,4912,2860,0.9679264657292515,0.7746868156082927,intersection,0.082719409763813,True
COMPLETED,0.91,0.0,0.0,2566,956,0.083069620154798,0.1062489612530916,intersection,0.057683906853199,False
COMPLETED,0.91,0.0,0.0,549,4742,0.730469672292471,0.5834233831893652,kl,0.0311171032395213,True
COMPLETED,0.91,0.0,0.0,707,480,0.8399423178881406,0.6328130676764994,kl,0.0437406617216765,False
COMPLETED,0.91,0.0,0.0,3661,4275,0.4731985061541199,0.1785027056653052,intersection,0.0902584683988243,True
COMPLETED,0.91,0.0,0.0,3815,2352,0.5786114743296056,0.9405649211555718,intersection,0.0708870613668114,False
COMPLETED,0.91,0.0,0.0,1798,3634,0.2279799991864711,0.494576987966895,kl,0.0179153448157012,True
COMPLETED,0.91,0.0,0.0,1533,682,0.5139238627720623,0.1944513113833963,intersection,0.0256188596598804,False
COMPLETED,0.91,0.0,0.0,4086,4386,0.1783984537217765,0.7417976678051054,kl,0.0633909134659916,True
COMPLETED,0.91,0.0,0.0,3303,1291,0.751623886577785,0.3851891286354511,kl,0.0882733373437076,False
COMPLETED,0.91,0.0,0.0,1062,2508,0.43214894926548,0.9252641638796776,intersection,0.0455403984896838,True
COMPLETED,0.91,0.0,0.0,281,2079,0.0115555938631296,0.8523629762697965,intersection,0.0124602943565696,False
COMPLETED,0.91,0.0,0.0,2835,3286,0.6740624259188771,0.3362032275665551,kl,0.0765508292615413,True
COMPLETED,0.91,1.0,0.0,4552,211,0.2570181751493364,0.5368143016993999,kl,0.0958555887639522,False
COMPLETED,0.91,0.0,0.0,2310,3925,0.9356366299707441,0.0279257552027702,intersection,0.037956750979647,True
COMPLETED,0.91,0.0,0.0,2324,206,0.5621317361705004,0.8098472865000366,intersection,0.063190737273544,False
COMPLETED,0.91,0.0,0.0,4565,3910,0.1331067924536764,0.2539646511152386,kl,0.0258190130535513,True
COMPLETED,0.91,5.0,0.0,2844,2084,0.7998318808060139,0.610756883168593,kl,0.0456918000523,False
COMPLETED,0.91,0.0,0.0,290,3301,0.3868571708854288,0.07872891866602,intersection,0.0881219129823148,True
COMPLETED,0.91,0.0,0.0,1072,1306,0.0588594094719737,0.1434001698698848,intersection,0.0767509903665632,False
COMPLETED,0.91,0.0,0.0,3314,2513,0.6277408356796949,0.6680945319440215,kl,0.0122601560503244,True
COMPLETED,0.91,0.0,0.0,4093,667,0.3043218699283897,0.4671798422895371,kl,0.0378053645044565,False
COMPLETED,0.91,0.0,0.0,1539,4381,0.8893151568435133,0.968019176568836,intersection,0.0960069980379194,True
COMPLETED,0.91,0.0,0.0,1812,2356,0.3536595102362334,0.7145529200956225,kl,0.0825247604306787,False
COMPLETED,0.91,0.0,0.0,3829,3649,0.9537593391276896,0.2215095090493559,intersection,0.0514757429808378,True
COMPLETED,0.91,0.0,0.0,3669,476,0.1001528417747467,0.8902528824601322,intersection,0.0312740098685026,False
COMPLETED,0.91,0.0,0.0,715,4260,0.7163026665206998,0.4201356936190277,kl,0.0575270230229944,True
COMPLETED,0.91,0.0,0.0,561,942,0.8559957276489585,0.3633840842004865,kl,0.090453124102205,False
COMPLETED,0.91,0.0,0.0,2577,4736,0.4581273217629641,0.8252392219360917,intersection,0.0435459832195192,True
COMPLETED,0.91,0.0,0.0,4918,1582,0.5946650012023746,0.0629952170960605,intersection,0.0177584318164736,False
COMPLETED,0.91,0.0,0.0,1964,2865,0.2129086939655244,0.5019237757138907,kl,0.0710439515672624,True
COMPLETED,0.91,0.0,0.0,2058,1723,0.97016508112289,0.4941397374849766,intersection,0.039103906629607,True
COMPLETED,0.91,0.0,0.0,4807,3017,0.33835781978257,0.9440330679696052,kl,0.0920837320014834,False
COMPLETED,0.91,0.0,0.0,2779,1114,0.7320076682269572,0.1780885931588709,kl,0.0662520207092165,True
COMPLETED,0.91,0.0,0.0,342,4897,0.0850645832046866,0.6362885293401777,intersection,0.0197368340473622,False
COMPLETED,0.91,0.0,0.0,807,325,0.4755892852917313,0.583861986964941,intersection,0.052311219740659,True
COMPLETED,0.91,0.0,0.0,3556,4118,0.8418154547661542,0.102780383169651,kl,0.0788750657159835,False
COMPLETED,0.91,0.0,0.0,4027,2194,0.2296094837207347,0.7751024003792553,kl,0.0587185224611312,True
COMPLETED,0.91,0.0,0.0,1591,3479,0.5807586011234671,0.2857138339746743,intersection,0.0272717257030308,False
COMPLETED,0.91,0.0,0.0,1311,837,0.1768608146999031,0.0245872959326952,kl,0.0141506555862724,True
COMPLETED,0.91,0.0,0.0,4304,4543,0.5119285428095609,0.5373655355703085,intersection,0.0720469595212489,False
COMPLETED,0.91,0.0,0.0,3212,1448,0.4299099769592285,0.3328417455740272,intersection,0.0975497246999293,True
COMPLETED,0.91,0.0,0.0,1157,2663,0.7498425952121615,0.8529067726023494,kl,0.0334511664696037,False
COMPLETED,0.91,0.0,0.0,60,1924,0.6724325844720006,0.92860305441916,kl,0.0217288288753479,True
COMPLETED,0.91,0.0,0.0,3053,3129,0.0094088239818811,0.3846365414708852,intersection,0.0644701394066214,False
COMPLETED,0.91,2.0,0.0,4461,54,0.9332462077457456,0.7451597000379115,intersection,0.0843843397125601,True
COMPLETED,0.91,0.0,0.0,2405,3770,0.2551446813587099,0.193906042786315,kl,0.0466151580493897,False
COMPLETED,0.91,0.0,0.0,2448,2167,0.1169534769039601,0.3078648838102817,intersection,0.0344612319860607,True
COMPLETED,0.91,0.0,0.0,4416,3374,0.7014588642772286,0.7541239218711852,kl,0.099351109098643,False
COMPLETED,0.91,0.0,0.0,3012,280,0.3700031782500445,0.1165709390807896,kl,0.0744643936865031,True
COMPLETED,0.91,0.0,0.0,106,3993,0.9393725039996206,0.571091730820015,intersection,0.0145467312727123,False
COMPLETED,0.91,0.0,0.0,1199,750,0.6114883597679435,0.6453870190959424,intersection,0.0490329124033451,True
COMPLETED,0.91,0.0,0.0,3167,4454,0.1980269400142133,0.1679393508117645,kl,0.0847808220889419,False
COMPLETED,0.91,0.0,0.0,4263,1379,0.8723014439549297,0.96136987600103,kl,0.0654800107982009,True
COMPLETED,0.91,0.0,0.0,1357,2596,0.4437632100712508,0.4756608109511434,intersection,0.0235297609865665,False
COMPLETED,0.91,0.0,0.0,1700,549,0.781546489207074,0.2145190372020006,kl,0.0200450819730758,True
COMPLETED,0.91,0.0,0.0,3912,4344,0.3993025203701108,0.7236177754849195,intersection,0.0687573228683322,False
COMPLETED,0.91,0.0,0.0,3446,2440,0.5433896153979003,0.3980159340519457,intersection,0.0937971173133701,True
COMPLETED,0.91,0.0,0.0,921,3722,0.1460088711120188,0.9144470255691558,kl,0.0402020114660263,False
COMPLETED,0.91,0.0,0.0,1243,885,0.9405136911831796,0.3467902622707187,kl,0.0712841744814068,True
COMPLETED,0.91,0.0,0.0,3142,4670,0.3710510104782879,0.8398077079243959,intersection,0.0176940129511058,False
COMPLETED,0.91,0.0,0.0,4239,1517,0.7023296975921839,0.0463324496876448,intersection,0.0425530908815562,True
COMPLETED,0.91,0.0,0.0,1402,2809,0.1177920914199203,0.5164698338340968,kl,0.0912702579889446,False
COMPLETED,0.91,1.0,0.0,1676,453,0.6417762048300356,0.7933124239314348,intersection,0.0879668560717254,True
COMPLETED,0.91,0.0,0.0,3956,4166,0.0411578785758465,0.268595963018015,kl,0.046022661011666,False
COMPLETED,0.91,0.0,0.0,3490,2340,0.9026240378059446,0.5942748975753784,kl,0.0265400174073874,True
COMPLETED,0.91,0.0,0.0,897,3548,0.2868670176975429,0.0934596251547336,intersection,0.0622939744684845,False
COMPLETED,0.91,0.0,0.0,427,1869,0.1470914353989064,0.1286867866553366,intersection,0.0969560843706131,True
COMPLETED,0.91,1.0,0.0,2707,3086,0.5445036846585571,0.684589617345482,kl,0.0370320366229862,False
COMPLETED,0.91,0.0,0.0,4741,1241,0.4001064028274267,0.4525350439231842,kl,0.0119759343471378,True
COMPLETED,0.91,0.0,0.0,2148,4945,0.7824444404449313,0.9845370430331676,intersection,0.0768594080209732,False
COMPLETED,0.91,0.0,0.0,1878,1088,0.0271065998598933,0.0099424325041472,kl,0.0329497592616826,False
COMPLETED,0.91,1.0,0.0,4988,4805,0.6583934454321861,0.5538834559433162,intersection,0.0982268930412829,True
COMPLETED,0.91,0.0,0.0,2642,1710,0.2726032588649541,0.3181284125503152,intersection,0.0731249142624437,False
COMPLETED,0.91,0.0,0.0,470,2914,0.9199410669300704,0.8694017892237753,kl,0.01289689947851,True
COMPLETED,0.91,1.0,0.0,629,2484,0.5295603642109781,0.9121214982364326,kl,0.0479100810363888,False
COMPLETED,0.91,1.0,0.0,3740,3697,0.1628799267727881,0.3993668445739895,intersection,0.0832652180921286,True
COMPLETED,0.91,1.0,0.0,3894,622,0.7672262954264879,0.728624422930181,intersection,0.0638287943135947,False
COMPLETED,0.91,0.0,0.0,1721,4329,0.4166570197418332,0.2085377729460597,kl,0.0221944128349423,True
COMPLETED,0.91,0.0,0.0,1454,1354,0.8243685215339064,0.4774773808978498,intersection,0.0185270753875374,False
COMPLETED,0.91,1.0,0.0,4164,2640,0.488905594497919,0.9585787041150032,kl,0.0676375807356089,True
COMPLETED,0.91,1.0,0.0,3380,736,0.5630643795002251,0.1614943455364555,kl,0.0924531854223459,False
COMPLETED,0.91,0.0,0.0,983,4527,0.2436526528988033,0.6508574224319308,intersection,0.0385586920753121,True
COMPLETED,0.91,0.0,0.0,205,275,0.3209624752942472,0.5692761275116354,intersection,0.0278692436683923,False
COMPLETED,0.91,1.0,0.0,2915,4056,0.9834068699497728,0.1193611740712076,kl,0.0582967656292021,True
COMPLETED,0.91,1.0,0.0,4631,2133,0.0674292075484991,0.7605698937848209,kl,0.0775361650623381,False
COMPLETED,0.91,0.0,0.0,2234,3428,0.7459845260158181,0.3023935435786843,intersection,0.0534743190277367,True
COMPLETED,0.91,0.0,0.0,2203,1538,0.1038716955333948,0.9655846254453064,intersection,0.0234217005688697,True
COMPLETED,0.91,0.0,0.0,4688,2754,0.7044290863946079,0.4725420174524188,kl,0.0654126332886517,False
COMPLETED,0.91,1.0,0.0,2966,909,0.3498245557788759,0.6422691810820251,kl,0.0848454521782696,True
COMPLETED,0.91,0.0,0.0,168,4613,0.965520625622943,0.1721531522069126,intersection,0.0491437202412635,False
COMPLETED,0.91,1.0,0.0,951,120,0.6062962376642971,0.1123549367245286,intersection,0.0144819293543696,True
COMPLETED,0.91,0.0,0.0,3437,3834,0.2089448791835457,0.5742108180280774,kl,0.0743537576775997,False
COMPLETED,0.91,0.0,0.0,4215,2009,0.8444805918857455,0.3109811194352805,kl,0.099458998022601,True
COMPLETED,0.91,0.0,0.0,1417,3215,0.4622034301757812,0.7499107785336672,intersection,0.0345287809893488,False
COMPLETED,0.91,0.0,0.0,1777,1179,0.8114712202996015,0.55894041133672,kl,0.0547086554393172,True
COMPLETED,0.91,0.0,0.0,3862,4963,0.3829005073681473,0.0030585790053009,intersection,0.0791157019417732,False
COMPLETED,0.91,0.0,0.0,3703,1809,0.5506237553898246,0.8588650578204541,intersection,0.0598812806885689,True
COMPLETED,0.91,0.0,0.0,681,3102,0.1371910076159983,0.3268382532838732,kl,0.0290958553180098,False
COMPLETED,0.91,0.0,0.0,526,2285,0.3080326206553727,0.3943105546738952,kl,0.0401370380539447,True
COMPLETED,0.91,0.0,0.0,2610,3568,0.877434425452724,0.9190056603159756,intersection,0.0936859661526978,False
COMPLETED,0.91,1.0,0.0,4952,396,0.0550173000320792,0.2190748203657567,intersection,0.068865726608783,True
COMPLETED,0.91,0.0,0.0,1930,4189,0.6394940154254435,0.719915255125612,kl,0.020112802805379,False
COMPLETED,0.91,0.0,0.0,2170,567,0.4260699067544191,0.2754786453973501,intersection,0.0900379920750856,False
COMPLETED,0.91,0.0,0.0,4694,4350,0.7615937691833823,0.788257628602907,kl,0.0409742300864309,True
COMPLETED,0.91,0.0,0.0,2666,2426,0.1805733630023896,0.0847481448538601,kl,0.0161088006850332,False
COMPLETED,0.91,1.0,0.0,454,3720,0.5000460398681459,0.6048142723627388,intersection,0.0700555134564638,True
COMPLETED,0.91,0.0,0.0,919,1648,0.9217361877299844,0.6777076004594564,intersection,0.0807452865783125,False
COMPLETED,0.91,0.0,0.0,3443,2932,0.2592309022955596,0.1337418905645609,kl,0.0502655394934117,True
COMPLETED,0.91,0.0,0.0,3914,1028,0.6840701263900845,0.9932488393504172,kl,0.0310752781294286,False
COMPLETED,0.91,0.0,0.0,1702,4821,0.0054539320152252,0.4419963420648127,intersection,0.0550903865043073,True
COMPLETED,0.91,0.0,0.0,1355,2151,0.7204905266892165,0.243122011212632,kl,0.07563142308034,False
COMPLETED,0.91,0.0,0.0,4260,3366,0.089142730852589,0.6930160852652043,intersection,0.0103900459967553,True
COMPLETED,0.91,0.0,0.0,3169,290,0.981794546034187,0.4260554601587355,intersection,0.0354538730345666,False
COMPLETED,0.91,0.0,0.0,1202,3996,0.3343958025760948,0.8842564968205988,kl,0.0957231212500482,True
COMPLETED,0.91,0.0,0.0,104,757,0.2257765350379049,0.8348746569752693,kl,0.0607096203416586,False
COMPLETED,0.91,0.0,0.0,3009,4472,0.5925178483836353,0.3537938562333584,intersection,0.025313244825229,True
COMPLETED,0.91,0.0,0.0,4418,1377,0.4793099106010049,0.5271301202047615,intersection,0.0447885069902986,False
COMPLETED,0.91,0.0,0.0,2450,2582,0.8299400770645587,0.0377427137661725,kl,0.0863871368020772,True
COMPLETED,0.91,0.0,0.0,2403,826,0.5318739015106112,0.4634761879891157,intersection,0.0961178050376474,False
COMPLETED,0.91,1.0,0.0,4459,4540,0.1500855911094695,0.9725760862380266,kl,0.0378699954319745,True
COMPLETED,0.91,0.0,0.0,3055,1464,0.7931783335357904,0.1479580350238829,kl,0.0121927793789654,False
COMPLETED,0.91,0.0,0.0,62,2672,0.3953381237462162,0.664389929594472,intersection,0.076642929110676,True
COMPLETED,0.91,0.0,0.0,1154,1925,0.0362447227165102,0.6144598794113844,intersection,0.0881894614826887,False
COMPLETED,0.91,0.0,0.0,3210,3143,0.6524265506267548,0.0741736113857477,kl,0.0457996894791722,True
COMPLETED,0.91,1.0,0.0,4306,47,0.2897776855994015,0.8052891276367009,kl,0.0257083775475621,False
COMPLETED,0.91,0.0,0.0,1313,3751,0.8898493183944374,0.2576705063767731,intersection,0.0631259348522871,True
COMPLETED,0.91,0.0,0.0,1588,1737,0.3661607286278158,0.0587809398174285,kl,0.0711549303960055,False
COMPLETED,0.91,0.0,0.0,4025,3019,0.9511260573882608,0.5050411378443241,intersection,0.0178235775604844,True
COMPLETED,0.91,0.0,0.0,3558,1095,0.1206645975559949,0.3665024018157273,intersection,0.0434780913963913,False
COMPLETED,0.91,0.0,0.0,809,4890,0.6895777889862656,0.8210239966083318,kl,0.090344891352579,True
COMPLETED,0.91,0.0,0.0,340,322,0.8607938033565878,0.8944655499141663,kl,0.0575947430171072,False
COMPLETED,0.91,0.0,0.0,2776,4107,0.447847051590681,0.417018982110545,intersection,0.0313824144471436,True
COMPLETED,0.91,0.0,0.0,4810,2203,0.6231273293364792,0.7114333570040762,intersection,0.0513645926583558,False
COMPLETED,0.91,0.0,0.0,2061,3495,0.1940706203971058,0.2257250355221331,kl,0.0824597861804068,True
COMPLETED,0.91,0.0,0.0,1967,2352,0.9961889952979982,0.7792922254260629,intersection,0.0273825335409492,True
COMPLETED,0.91,0.0,0.0,4921,3638,0.3180597486980259,0.2826199648734182,kl,0.0587831525504589,False
COMPLETED,0.91,0.0,0.0,2575,485,0.7353419430684298,0.5807652662806213,kl,0.0788076882064342,True
COMPLETED,0.91,0.0,0.0,558,4276,0.0723497098591178,0.1069730672352015,intersection,0.0522031593229621,False
COMPLETED,0.91,0.0,0.0,718,956,0.493666408156976,0.1738971582874655,intersection,0.0198043830506503,True
COMPLETED,0.91,1.0,0.0,3672,4737,0.8136267466228455,0.6393830490633845,kl,0.0663599096331745,False
COMPLETED,0.91,0.0,0.0,3826,1564,0.2406506748534739,0.4972352126929909,kl,0.09197309599258,True
COMPLETED,0.91,0.0,0.0,1810,2860,0.5756868756823241,0.939840685049072,intersection,0.0390391047112643,False
COMPLETED,0.91,1.0,0.0,1541,207,0.1676788984797895,0.7488855386879295,kl,0.046726137381047,True
COMPLETED,0.91,0.0,0.0,4095,3924,0.5187957747764885,0.1893278930988162,intersection,0.0844494849536567,False
COMPLETED,0.91,0.0,0.0,3311,2079,0.4136321714054793,0.9240220531485976,intersection,0.0644022470805794,True
COMPLETED,0.91,0.0,0.0,1070,3283,0.7798867749180644,0.3883652391396462,kl,0.0216205966286361,False
COMPLETED,0.91,0.0,0.0,293,1295,0.6711374722179025,0.3291152488663792,kl,0.0335188873019069,True
COMPLETED,0.91,0.0,0.0,2846,2508,0.0242266283016651,0.8574865246787667,intersection,0.0976581284403801,False
COMPLETED,0.91,0.0,0.0,4562,683,0.909321413759142,0.0291680034939199,intersection,0.0719358083605766,True
COMPLETED,0.91,0.0,0.0,2321,4390,0.2774857183806598,0.5336380908135324,kl,0.0140856821741908,False
COMPLETED,0.91,0.0,0.0,2313,669,0.1516234680730849,0.255160835372284,kl,0.084298082049936,True
COMPLETED,0.91,0.0,0.0,4554,4385,0.5338689835313707,0.8066866384912282,intersection,0.0468775604013353,False
COMPLETED,0.91,0.0,0.0,2833,1309,0.3975768581107259,0.0716869593858718,intersection,0.0218207714799791,True
COMPLETED,0.91,0.0,0.0,279,2514,0.7949598628431558,0.6158648240864277,kl,0.0642020923458039,False
COMPLETED,0.91,0.0,0.0,1064,2083,0.6540561541318893,0.666898217562586,kl,0.0978095162566751,True
COMPLETED,0.91,0.0,0.0,3305,3298,0.0383917305395007,0.1465609256960451,intersection,0.0333674793690443,False
COMPLETED,0.91,1.0,0.0,4084,202,0.8922399785611778,0.9750612362306564,intersection,0.0138855224102735,True
COMPLETED,0.91,0.0,0.0,1530,3908,0.2916509414482861,0.462071763811633,kl,0.0721359480079263,False
COMPLETED,0.91,0.0,0.0,1800,1579,0.9488872040528804,0.2242135449964553,intersection,0.0586262472625821,True
COMPLETED,0.91,0.0,0.0,3817,2864,0.3643793182913214,0.7138133441824465,kl,0.0275394187122583,False
COMPLETED,0.91,0.0,0.0,3659,940,0.6880400309935211,0.4154843498915433,kl,0.0523978099972009,True
COMPLETED,0.91,0.0,0.0,705,4733,0.1186693965643644,0.896838218525052,intersection,0.0786130174156278,False
COMPLETED,0.91,0.0,0.0,552,479,0.4454565103948116,0.82253508560732,intersection,0.0665168212912976,True
COMPLETED,0.91,0.0,0.0,2569,4262,0.8589204285368323,0.364123797673732,kl,0.0196474915090948,False
COMPLETED,0.91,0.0,0.0,4910,2358,0.1924408979211002,0.5065752495657652,kl,0.0388444476667791,True
COMPLETED,0.91,0.0,0.0,1956,3652,0.6209804404843599,0.0564097732137888,intersection,0.0921677731536328,False
COMPLETED,0.91,0.0,0.0,2067,2197,0.3198410400636494,0.9374761715196072,kl,0.01802374872379,False
COMPLETED,0.91,0.0,0.0,4816,3481,0.9984279676042496,0.4987626527510583,intersection,0.0709547820314765,True
COMPLETED,0.91,0.0,0.0,2787,327,0.0743450298216193,0.6369958734419195,intersection,0.0901934948191046,False
COMPLETED,0.91,0.0,0.0,350,4121,0.7368795820903034,0.1754168076124042,kl,0.0436295107286423,True
COMPLETED,0.91,0.0,0.0,818,1110,0.815500240413472,0.1093371792379766,kl,0.0311822483129799,False
COMPLETED,0.91,0.0,0.0,3567,4894,0.4960568303819745,0.5792392092589289,intersection,0.0577948863524943,True
COMPLETED,0.91,0.0,0.0,4038,1722,0.5778336455635726,0.2850066199973225,intersection,0.0826111776847392,False
COMPLETED,0.91,0.0,0.0,1602,3015,0.2422805163003504,0.7777740781083702,kl,0.0512131783552467,True
COMPLETED,0.91,1.0,0.0,1319,52,0.5168008117265999,0.5322250914387405,intersection,0.0380646397359669,False
COMPLETED,0.91,0.0,0.0,4312,3766,0.1661409025453031,0.0316617100946605,kl,0.0959231379348784,True
COMPLETED,0.91,0.0,0.0,3221,1921,0.7781051266398281,0.8560960721429436,kl,0.0764860275108367,False
COMPLETED,0.91,0.0,0.0,1165,3127,0.4113935560118406,0.3316168688889593,intersection,0.0123496581800282,True
COMPLETED,0.91,1.0,0.0,70,1450,0.0220795015078037,0.3897768554780632,intersection,0.0456050287466496,False
COMPLETED,0.91,0.0,0.0,3063,2666,0.669507987683639,0.9215287480745464,kl,0.088384145013988,True
COMPLETED,0.91,0.0,0.0,4473,840,0.2756125815026462,0.1907168436273932,kl,0.0632828528806567,False
COMPLETED,0.91,0.0,0.0,2417,4545,0.9069306346215308,0.7463844391629099,intersection,0.0255514823179692,True
COMPLETED,0.91,0.0,0.0,2459,1383,0.7063330367282032,0.7533712665978818,kl,0.0105469474289566,False
COMPLETED,0.91,0.0,0.0,4426,2596,0.1062316612154245,0.3105515574458986,intersection,0.0754745444469153,True
COMPLETED,0.91,0.0,0.0,3023,751,0.9676369389612228,0.5776939681842923,intersection,0.0955284771136939,False
COMPLETED,0.91,0.0,0.0,117,4459,0.3514848537687212,0.1119331654682755,kl,0.0356485399696975,True
COMPLETED,0.91,0.0,0.0,1207,275,0.2106957140062004,0.1686921436451375,kl,0.0251563262939453,False
COMPLETED,0.91,0.0,0.0,3175,3992,0.6085656665135175,0.642700245078653,intersection,0.0608665160741657,True
COMPLETED,0.91,0.0,0.0,4272,2166,0.4642292066812515,0.4690584657695144,intersection,0.086581798037514,False
COMPLETED,0.91,0.0,0.0,1366,3370,0.8459877743646502,0.9660077797379344,kl,0.0445938229560852,True
COMPLETED,0.91,0.0,0.0,1711,1024,0.3807838371172547,0.7204740287754685,intersection,0.041125626116991,False
COMPLETED,0.91,0.0,0.0,3923,4805,0.8098112792223691,0.2157287915740162,kl,0.0898865732457488,True
COMPLETED,0.91,0.0,0.0,3456,1652,0.135287414195016,0.919541887126863,kl,0.0698553427960723,False
COMPLETED,0.91,0.0,0.0,932,2948,0.5482634327951817,0.3909566124603152,intersection,0.016308948546648,True
COMPLETED,0.91,0.0,0.0,460,2440,0.8754090058598666,0.3262779776267707,intersection,0.0501141478214413,False
COMPLETED,0.91,0.0,0.0,2672,3726,0.306525081263855,0.8622116071097553,kl,0.0808967010490596,True
COMPLETED,0.91,0.0,0.0,4705,553,0.6377428236901759,0.0025209691580384,kl,0.0552905528061091,False
COMPLETED,0.91,0.0,0.0,2181,4344,0.0527482280954718,0.5622947550769894,intersection,0.0308751346264034,True
COMPLETED,0.91,0.0,0.0,1923,410,0.7632538292314857,0.4453573537506163,kl,0.0789210507646203,True
COMPLETED,0.91,0.0,0.0,4946,4195,0.4281864580344408,0.9927045727111398,intersection,0.0549033267330378,False
COMPLETED,0.91,0.0,0.0,2600,2271,0.5024062434919178,0.1370798832457512,intersection,0.0292527611088007,True
COMPLETED,0.91,0.0,0.0,515,3563,0.182477075394243,0.6771558999996631,kl,0.0597243950143456,False
COMPLETED,0.91,0.0,0.0,672,1805,0.2607383227162063,0.6014517586696893,kl,0.0938806230295449,True
COMPLETED,0.91,0.0,0.0,3695,3087,0.9237617262937128,0.0852929319906979,intersection,0.0399423610605299,False
COMPLETED,0.91,0.0,0.0,3849,1183,0.0077231229227036,0.7849182528853416,intersection,0.0199558913148939,True
COMPLETED,0.91,0.0,0.0,1764,4978,0.6858211991544813,0.2760307473838329,kl,0.0690226179827004,False
COMPLETED,0.91,0.0,0.0,1411,1994,0.0867826461996883,0.0381573077328503,intersection,0.0652124582696706,True
COMPLETED,0.91,0.0,0.0,4209,3211,0.7185866953264922,0.5236551400013268,kl,0.0236218554712831,False
COMPLETED,0.91,0.0,0.0,179,447,0.4619485350847244,0.1444351783394813,intersection,0.0929119300842285,True
COMPLETED,0.91,0.0,0.0,3469,3070,0.8945967719964683,0.8582761520091444,kl,0.0478767882846295,False
COMPLETED,0.91,0.0,0.0,4004,1827,0.1969475888703018,0.4802485777605324,kl,0.0130807390902191,True
COMPLETED,0.91,0.0,0.0,2271,4191,0.6297147910762578,0.5224608416184782,intersection,0.0580445544142276,False
COMPLETED,0.91,0.0,0.0,1827,2498,0.8611939107608049,0.7186585119068623,intersection,0.0819387333001941,True
COMPLETED,0.91,0.0,0.0,4477,4769,0.3114736058618873,0.278682971516624,kl,0.0369982505124062,False
COMPLETED,0.91,0.0,0.0,2976,1026,0.5968630010560155,0.8984212774652987,kl,0.0267731877043843,True
COMPLETED,0.91,0.0,0.0,643,3741,0.0472616670280694,0.0989373526349663,intersection,0.0718289390951395,False
COMPLETED,0.91,0.0,0.0,1050,1300,0.5526864221598952,0.3598068541102111,kl,0.0647012945264577,True
COMPLETED,0.91,0.0,0.0,2755,3937,0.1200029754471033,0.637022578684613,intersection,0.019827168919146,False
COMPLETED,0.91,1.0,0.0,4696,194,0.7884519480019808,0.0094683698322623,intersection,0.0523821179848164,True
COMPLETED,0.91,0.0,0.0,1424,2543,0.3556438198164105,0.9873058753497898,kl,0.0975035184528678,False
COMPLETED,0.91,0.0,0.0,1897,850,0.1534065505079925,0.7527337862811982,kl,0.0764216866809874,True
COMPLETED,0.91,0.0,0.0,4252,3136,0.7031677813865244,0.2503830042313784,intersection,0.0312769268546253,False
COMPLETED,0.91,0.0,0.0,3219,1893,0.3885020342636853,0.6206327165123074,intersection,0.0437434384785592,True
COMPLETED,0.91,0.0,0.0,557,4594,0.9381385836694388,0.3825240333415567,kl,0.0885969727672636,False
COMPLETED,0.91,0.0,0.0,453,2180,0.0792199588529765,0.9139960116446018,intersection,0.028111848719418,False
COMPLETED,0.91,0.0,0.0,3430,4461,0.5276108991540968,0.0833245329055935,kl,0.0732579690963029,True
COMPLETED,0.91,0.0,0.0,4121,709,0.314556239651516,0.7030837777275591,kl,0.0833245904650539,False
COMPLETED,0.91,0.0,0.0,2077,3434,0.7628282090816647,0.2942957912459969,intersection,0.0384696916025131,True
COMPLETED,0.91,1.0,0.0,1320,130,0.7438289048876612,0.4646662833541631,intersection,0.0173638165090233,False
COMPLETED,0.91,0.0,0.0,4907,2763,0.1786038476359099,0.538065993303433,kl,0.0622420693654567,True
COMPLETED,0.91,0.0,0.0,2625,1509,0.9793479230850936,0.1600174801815301,kl,0.0971543366648256,False
COMPLETED,0.91,0.0,0.0,1230,3883,0.4140038949623703,0.8426710003241896,intersection,0.05202880224213,True
COMPLETED,0.91,0.0,0.0,854,1158,0.9353912097942084,0.5738400834165513,kl,0.0338324428163468,False
COMPLETED,0.91,0.0,0.0,2872,3454,0.4870202565994113,0.4292938389014452,intersection,0.0787770327366888,True
COMPLETED,0.91,0.0,0.0,4657,2200,0.6708137924447655,0.7995264193769543,intersection,0.0665572005230933,False
COMPLETED,0.91,0.0,0.0,1696,4911,0.2225675207227468,0.2036131986714899,kl,0.0214973379764705,True
COMPLETED,0.91,0.0,0.0,2482,1607,0.2708010611571371,0.0562686784081161,kl,0.0454155387263745,False
COMPLETED,0.91,0.0,0.0,3900,4254,0.8360004207007586,0.9405436225812882,intersection,0.0904520633723586,True
COMPLETED,0.91,0.0,0.0,3648,502,0.0060409064088016,0.3130065455343574,intersection,0.0576933556050062,False
COMPLETED,0.91,0.0,0.0,49,2861,0.5713649474252014,0.6837848314531147,kl,0.0127281529083848,True
COMPLETED,0.91,0.0,0.0,96,1781,0.8015520034842192,0.8136176583636551,intersection,0.0233030715771019,False
COMPLETED,0.91,0.0,0.0,3681,4080,0.368903653178364,0.1856639722809195,kl,0.0682668989710509,True
COMPLETED,0.91,0.0,0.0,3771,324,0.5356345001030713,0.5559117958992719,kl,0.079877098435536,False
COMPLETED,0.91,0.0,0.0,2378,3037,0.1028671789262443,0.443406016761437,intersection,0.0348419450689107,True
COMPLETED,0.91,0.0,0.0,1572,980,0.4054930432345718,0.2999589822310954,intersection,0.0109249972458928,False
COMPLETED,0.91,0.0,0.0,4548,3630,0.9552134671043604,0.7008283883705734,kl,0.0559807365667074,True
COMPLETED,0.91,0.0,0.0,2924,2375,0.1403674081116914,0.0732760681807994,kl,0.0893494250997901,False
COMPLETED,0.91,0.0,0.0,881,4736,0.6899688611105084,0.9274598921332508,intersection,0.0444089516997337,True
COMPLETED,0.91,0.0,0.0,1100,305,0.2149967247676104,0.6586261162068695,kl,0.0400941504538059,False
COMPLETED,0.91,0.0,0.0,2519,2588,0.6476802904512732,0.3425476717837154,intersection,0.0852155629917979,True
COMPLETED,0.91,0.0,0.0,4953,1333,0.4477746540978551,0.962291673462838,intersection,0.0741767607163637,False
COMPLETED,0.91,0.0,0.0,1351,4060,0.8805829012542962,0.0389106526654213,kl,0.0293026257213205,True
COMPLETED,0.91,0.0,0.0,2127,2004,0.611097800705582,0.2053817555066198,kl,0.0504069206584245,False
COMPLETED,0.91,0.0,0.0,4148,4639,0.0613364508561789,0.7933764033056796,intersection,0.0952604428771883,True
COMPLETED,0.91,0.0,0.0,3305,883,0.8430838617775588,0.4153431333266198,intersection,0.0613207058422267,False
COMPLETED,0.91,0.0,0.0,343,3260,0.2934471934009343,0.5834017156194895,kl,0.0161759554035961,True
COMPLETED,0.91,0.0,0.0,525,673,0.6850407400168478,0.1200763934869319,intersection,0.0991279893741011,True
COMPLETED,0.91,0.0,0.0,3172,3313,0.2366496807448565,0.8806976523771882,kl,0.0542730784416198,False
COMPLETED,0.91,0.0,0.0,4356,2067,0.9172733087334782,0.2531586569249629,kl,0.0207459511514753,True
COMPLETED,0.91,0.0,0.0,2026,4418,0.4690012203324586,0.7475906281266361,intersection,0.0658920809160918,False
COMPLETED,0.91,0.0,0.0,1533,1473,0.0240978943835943,0.5091191497910768,intersection,0.0869750791136175,True
COMPLETED,0.91,0.0,0.0,4820,3762,0.5893230706062168,0.4901758055910467,kl,0.0418495567608624,False
COMPLETED,0.91,0.0,0.0,998,2720,0.8219791737645864,0.1388941834513097,intersection,0.0752338161878287,False
COMPLETED,0.91,0.0,0.0,749,2321,0.3315393965449184,0.3997608259078115,kl,0.0598503000847995,True
COMPLETED,0.91,0.0,0.0,3106,4946,0.7799104687105864,0.5990068505741655,intersection,0.0147904254682362,False
COMPLETED,0.91,0.0,0.0,4446,1201,0.0661729643791914,0.2209640629254281,intersection,0.0489768445957452,True
COMPLETED,0.91,0.0,0.0,1781,3568,0.5144193550720811,0.7777712683510035,kl,0.0939214439038187,False
COMPLETED,0.91,0.0,0.0,2245,623,0.992455830644816,0.9778664243724196,kl,0.070025771362707,True
COMPLETED,0.91,0.0,0.0,3953,2896,0.4272563521303236,0.0232978459484875,intersection,0.0250605807360261,False
COMPLETED,0.91,0.0,0.0,3579,1650,0.7267848349083214,0.6430513652972876,intersection,0.0358956216275691,True
COMPLETED,0.91,0.0,0.0,304,4368,0.1614606749210506,0.3581604785006493,kl,0.0809321368858218,False
COMPLETED,0.91,0.0,0.0,254,2385,0.7129453531559556,0.6025068351086229,kl,0.0770303045492619,False
COMPLETED,0.91,0.0,0.0,3522,4725,0.1475997486691922,0.3963155977167189,intersection,0.0320637392904609,True
COMPLETED,0.91,0.0,0.0,3930,972,0.9478571440279484,0.7667785206697881,intersection,0.0429535415023565,False
COMPLETED,0.91,0.0,0.0,2220,3639,0.3826324139460921,0.2320229881536215,kl,0.0879914287105202,True
COMPLETED,0.91,0.0,0.0,1726,374,0.1102235224507749,0.0266882285680621,kl,0.0640959385596215,False
COMPLETED,0.91,0.0,0.0,4393,2987,0.5584951052255928,0.9745573880858718,intersection,0.0190374385751783,True
COMPLETED,0.91,0.0,0.0,3078,1733,0.3459271852988749,0.3467899685613811,intersection,0.0531687530595809,False
COMPLETED,0.91,0.0,0.0,728,4127,0.7943196424786,0.6544613438230008,kl,0.0981119804177433,True
COMPLETED,0.91,0.0,0.0,945,914,0.3016827093549072,0.8841443119365721,intersection,0.082739268252626,False
COMPLETED,0.91,0.0,0.0,2673,3230,0.8670064232014119,0.1165778328850865,kl,0.0376151178497821,True
COMPLETED,0.91,0.0,0.0,4799,1976,0.0375335889998823,0.7365293197631835,kl,0.0261539224721491,False
COMPLETED,0.91,0.0,0.0,1505,4667,0.6027345249075442,0.2641490289065986,intersection,0.0710307913087308,True
COMPLETED,0.91,0.0,0.0,1968,1402,0.9043857426624744,0.4934824661780148,intersection,0.0921139718964695,False
COMPLETED,0.91,0.0,0.0,4306,3991,0.4561379540618509,0.5057263840362429,kl,0.0472576890140771,True
COMPLETED,0.91,1.0,0.0,3147,238,0.6394447503313421,0.1274856288582086,kl,0.0136974297370761,False
COMPLETED,0.91,0.0,0.0,501,2656,0.1910741837918758,0.8717822457794099,intersection,0.0588449341338127,True
COMPLETED,0.91,2.0,0.0,371,66,0.830189960507676,0.331184833606705,kl,0.0462054407317191,True
COMPLETED,0.91,0.0,0.0,3326,2670,0.2805899054165929,0.670043651241809,intersection,0.0910575910005718,False
COMPLETED,0.91,0.0,0.0,4202,1426,0.5654916687533259,0.0422933635227382,intersection,0.0570847219787538,True
COMPLETED,0.91,0.0,0.0,2180,3810,0.0157707392573356,0.9589750806670636,kl,0.0119413461722433,False
COMPLETED,0.91,0.0,0.0,1374,2078,0.4928326575048267,0.782391327386722,kl,0.0330458020418882,True
COMPLETED,0.91,0.0,0.0,4979,4408,0.9256004248224198,0.2164482372440397,intersection,0.0781685865297913,False
COMPLETED,0.91,0.0,0.0,2569,665,0.228438933039084,0.586894028391689,intersection,0.0671625729184597,True
COMPLETED,0.91,0.0,0.0,1157,3321,0.6610858259517699,0.4118903486263006,kl,0.0222870632912963,False
COMPLETED,0.91,0.0,0.0,907,1720,0.184412404295057,0.1742478686142712,intersection,0.0179830874409526,True
COMPLETED,0.91,0.0,0.0,2947,4299,0.7340495782978833,0.8249819204732775,kl,0.0630402013938873,False
COMPLETED,0.91,0.0,0.0,4605,555,0.4198714630324393,0.4467202264219522,kl,0.0963537852838635,True
COMPLETED,0.91,0.0,0.0,1623,2963,0.9696314149741084,0.5525267093423754,intersection,0.051411939933896,False
COMPLETED,0.91,0.0,0.0,2399,1231,0.521804208850488,0.6897595309335738,intersection,0.0274951530434191,True
COMPLETED,0.91,0.0,0.0,3799,3537,0.0889974190872162,0.3109416750147938,kl,0.072457605805248,False
COMPLETED,0.91,0.0,0.0,3733,2293,0.756958700299263,0.930914100766182,kl,0.0841225665900856,True
COMPLETED,0.91,0.0,0.0,150,4975,0.3242746884748339,0.0697851867768913,intersection,0.0390887851733714,False
COMPLETED,0.91,0.0,0.0,20,1093,0.0554688549023121,0.4335166923068463,kl,0.0496061972808092,True
COMPLETED,0.91,0.0,0.0,3628,3674,0.6208143404182047,0.5696577098499983,intersection,0.0946440965589135,False
COMPLETED,0.91,0.0,0.0,3845,2428,0.2876386051401496,0.1914112291987985,intersection,0.0619401474297046,True
COMPLETED,0.91,0.0,0.0,2430,4838,0.8528632162511349,0.811810746435076,kl,0.0169735727831721,False
COMPLETED,0.91,0.0,0.0,1673,1854,0.6535497676320374,0.9451460822932422,kl,0.040891955923289,True
COMPLETED,0.91,0.0,0.0,4631,4162,0.2052783038280904,0.0517332885246723,intersection,0.0858351712115108,False
COMPLETED,0.91,0.0,0.0,2822,417,0.8863895636741072,0.6716905008759348,intersection,0.0735602370370179,True
COMPLETED,0.91,0.0,0.0,796,3101,0.4379972254652529,0.3251565247364342,kl,0.0285017464403063,False
COMPLETED,0.91,0.0,0.0,1204,1940,0.961086773660034,0.0875092821717262,intersection,0.0103168775979429,True
COMPLETED,0.91,0.0,0.0,2602,4546,0.3957631787844002,0.9097755413744598,kl,0.0551937585044652,False
COMPLETED,0.91,0.0,0.0,4850,801,0.6957793529052287,0.2820100402552634,kl,0.0901388117857277,True
COMPLETED,0.91,0.0,0.0,1270,3187,0.1305785359684377,0.7152843158319592,intersection,0.0450146519951522,False
COMPLETED,0.91,1.0,0.0,2056,203,0.3630322724636644,0.5425999518185854,intersection,0.0239089592918753,True
COMPLETED,0.91,0.0,0.0,4093,2535,0.811279942093417,0.4600623997095972,kl,0.0690564516186714,False
COMPLETED,0.91,0.0,0.0,3378,1289,0.0970548059046268,0.830523404257372,kl,0.0790899436827749,True
COMPLETED,0.91,0.0,0.0,398,3948,0.5454252534732222,0.1721141864582896,intersection,0.034233670188114,False
COMPLETED,0.91,0.0,0.0,607,1537,0.4369844022747129,0.6249206953160464,kl,0.069406334804371,False
COMPLETED,0.91,0.0,0.0,3277,3855,0.9865843383949248,0.3719491578321904,intersection,0.0242629469279199,True
COMPLETED,0.91,1.0,0.0,4275,99,0.1712515398263931,0.9919158878531306,intersection,0.0366963292472064,False
COMPLETED,0.91,0.0,0.0,1923,2793,0.7209723503515124,0.0049406554289162,kl,0.0815484889037907,True
COMPLETED,0.91,0.0,0.0,1479,776,0.7701804778538645,0.2381734819673001,kl,0.0604668180644512,False
COMPLETED,0.91,0.0,0.0,4749,3367,0.3374128295071422,0.7650104378592222,intersection,0.0155913205072283,True
COMPLETED,0.91,0.0,0.0,2783,2111,0.504630356522277,0.3867544395383447,intersection,0.0481790555547922,False
COMPLETED,0.91,0.0,0.0,1071,4531,0.071983582580462,0.616458018425852,kl,0.0933018306549638,True
COMPLETED,0.91,0.0,0.0,695,510,0.5796045381315053,0.8461362239867449,intersection,0.086185698127374,False
COMPLETED,0.91,0.0,0.0,3031,2852,0.02996748309955,0.1565394522789865,kl,0.041243840707466,True
COMPLETED,0.91,1.0,0.0,4498,1596,0.8122016335967928,0.5269871320892126,kl,0.0309636759385466,False
COMPLETED,0.91,0.0,0.0,1855,4266,0.2624418006259948,0.4756371338889002,intersection,0.0760207992792129,True
COMPLETED,0.91,0.0,0.0,2329,2248,0.2463663468640297,0.2664048885703086,intersection,0.0999151390977203,False
COMPLETED,0.91,0.0,0.0,4054,4864,0.6791730176564305,0.7308666102383286,kl,0.0548813697509467,True
COMPLETED,0.91,0.0,0.0,3494,1108,0.4787807012125849,0.1031144338566809,kl,0.0201400791946798,False
COMPLETED,0.91,0.0,0.0,202,3504,0.9114645940661428,0.8941932469680905,intersection,0.0651025225687772,True
COMPLETED,0.91,0.0,0.0,230,1357,0.2320983283165842,0.014177492506802,kl,0.0351826354023069,False
COMPLETED,0.91,0.0,0.0,3497,4036,0.6569540568310767,0.9845844882447272,intersection,0.0802394046913832,True
COMPLETED,0.91,0.0,0.0,4032,291,0.4969774539358913,0.364600626418367,intersection,0.067904281578958,False
COMPLETED,0.91,0.0,0.0,2322,2604,0.9219578639231621,0.6341404005885123,kl,0.0229627782106399,True
COMPLETED,0.91,0.0,0.0,1858,869,0.5696309925243258,0.6237286239191889,kl,0.0440464633889496,False
COMPLETED,0.91,0.0,0.0,4525,3275,0.0121036703586578,0.3774565704036503,intersection,0.0890085741691291,True
COMPLETED,0.91,0.0,0.0,3024,2028,0.8338400760572404,0.7557297005299479,intersection,0.0563212119881063,False
COMPLETED,0.91,0.0,0.0,674,4614,0.2764374353643506,0.245461219266057,kl,0.0112877752352505,True
COMPLETED,0.91,0.0,0.0,1077,348,0.7532933564782142,0.4830008972920477,intersection,0.0296649021375924,False
COMPLETED,0.91,0.0,0.0,2805,3013,0.3284119302555918,0.5177826513703911,kl,0.0745173943880945,True
COMPLETED,0.91,0.0,0.0,4746,1766,0.5176496568080037,0.1472873832117766,kl,0.0848752189986407,False
COMPLETED,0.91,0.0,0.0,1451,4094,0.0926492597144097,0.8534523990415037,intersection,0.0397314985282719,True
COMPLETED,0.91,0.0,0.0,1944,2360,0.4157418948728591,0.9034587597437203,intersection,0.0158351390063762,False
COMPLETED,0.91,0.0,0.0,4282,4750,0.9732892041448504,0.0958114645686,kl,0.0609582681581378,True
COMPLETED,0.91,0.0,0.0,3249,1005,0.1807682372890412,0.7236112292986363,kl,0.0956232775282114,False
COMPLETED,0.91,0.0,0.0,604,3606,0.7381965756900608,0.275717989694327,intersection,0.0507474259193986,True
COMPLETED,0.91,0.0,0.0,424,1176,0.3495846770424395,0.802499548844993,kl,0.0662327172700315,True
COMPLETED,0.91,0.0,0.0,3379,3592,0.7901897768918424,0.1986685136724263,intersection,0.0211082248855382,False
COMPLETED,0.91,0.0,0.0,4071,2336,0.114370222415775,0.5769587756041437,intersection,0.0539104291982948,True
COMPLETED,0.91,0.0,0.0,2048,4932,0.5548506407923997,0.424249275997281,kl,0.098787642698735,False
COMPLETED,0.91,0.0,0.0,1271,1665,0.9519945642650128,0.3178384461477398,kl,0.0748713811859488,True
COMPLETED,0.91,0.0,0.0,4876,4353,0.3789672485813498,0.6809406664092092,intersection,0.030014753639698,False
COMPLETED,0.91,0.0,0.0,2594,598,0.7165973722394556,0.0609396727774292,intersection,0.0421900647040456,True
