Status,ACCURACY,RUNTIME,recent_samples_size,n_samples,threshold,outlier_detector_kwargs
COMPLETED,0.81,837.0,3758,4780,0.9191675118207931,"\{'nu':0.5,'kernel':'rbf','gamma':'auto'\}"
COMPLETED,0.8,256.0,461,2338,0.4587724905721843,"\{'nu':0.5,'kernel':'rbf','gamma':'auto'\}"
COMPLETED,0.88,415.0,1356,2605,0.6806992131676524,"\{'nu':0.5,'kernel':'rbf','gamma':'auto'\}"
COMPLETED,0.91,1793.0,2863,123,0.1908531768098473,"\{'nu':0.5,'kernel':'rbf','gamma':'auto'\}"
COMPLETED,0.8699999999999999,329.0,3733,3479,0.3687406324129551,"\{'nu':0.5,'kernel':'rbf','gamma':'auto'\}"
COMPLETED,0.7099999999999999,271.0,2051,958,0.7523878840506076,"\{'nu':0.5,'kernel':'rbf','gamma':'auto'\}"
COMPLETED,0.82,251.0,1135,3828,0.1083760842103511,"\{'nu':0.5,'kernel':'rbf','gamma':'auto'\}"
COMPLETED,0.92,652.0,4648,1269,0.520987783331424,"\{'nu':0.5,'kernel':'rbf','gamma':'auto'\}"
COMPLETED,0.89,295.0,4951,3111,0.0050361797437071,"\{'nu':0.5,'kernel':'rbf','gamma':'auto'\}"
COMPLETED,0.91,640.0,832,555,0.6242648525889963,"\{'nu':0.5,'kernel':'rbf','gamma':'auto'\}"
COMPLETED,0.7,237.0,2354,4662,0.2693620229624211,"\{'nu':0.5,'kernel':'rbf','gamma':'auto'\}"
COMPLETED,0.8399999999999999,553.0,3430,2143,0.8518293287102133,"\{'nu':0.5,'kernel':'rbf','gamma':'auto'\}"
COMPLETED,0.79,346.0,2540,4257,0.7060096831955016,"\{'nu':0.5,'kernel':'rbf','gamma':'auto'\}"
COMPLETED,0.91,438.0,1679,1777,0.1654836860764771,"\{'nu':0.5,'kernel':'rbf','gamma':'auto'\}"
COMPLETED,0.67,770.0,138,3282,0.9406385195106268,"\{'nu':0.5,'kernel':'rbf','gamma':'auto'\}"
COMPLETED,0.93,493.0,4081,842,0.4373604952227324,"\{'nu':0.5,'kernel':'rbf','gamma':'auto'\}"
COMPLETED,0.89,365.0,4248,3274,0.5693025390449911,"\{'nu':0.5,'kernel':'rbf','gamma':'auto'\}"
COMPLETED,0.8699999999999999,362.0,285,713,0.0602040935419499,"\{'nu':0.5,'kernel':'rbf','gamma':'auto'\}"
COMPLETED,0.8499999999999999,617.0,1807,4189,0.8278568487819284,"\{'nu':0.5,'kernel':'rbf','gamma':'auto'\}"
COMPLETED,0.8599999999999999,280.0,2726,1669,0.2931441309079527,"\{'nu':0.5,'kernel':'rbf','gamma':'auto'\}"
COMPLETED,0.82,256.0,3243,4399,0.1417088390719145,"\{'nu':0.5,'kernel':'rbf','gamma':'auto'\}"
COMPLETED,0.76,383.0,2225,1918,0.7299901230186224,"\{'nu':0.5,'kernel':'rbf','gamma':'auto'\}"
COMPLETED,0.83,263.0,685,2830,0.3822005487550049,"\{'nu':0.5,'kernel':'rbf','gamma':'auto'\}"
COMPLETED,0.93,499.0,4784,387,0.9956081014312804,"\{'nu':0.5,'kernel':'rbf','gamma':'auto'\}"
COMPLETED,0.8499999999999999,327.0,4461,3993,0.4816422555223107,"\{'nu':0.5,'kernel':'rbf','gamma':'auto'\}"
COMPLETED,0.82,556.0,1007,1552,0.8962292224373668,"\{'nu':0.5,'kernel':'rbf','gamma':'auto'\}"
COMPLETED,0.8699999999999999,307.0,1903,3702,0.2449861183874308,"\{'nu':0.5,'kernel':'rbf','gamma':'auto'\}"
COMPLETED,0.91,448.0,3566,1223,0.6266500159297138,"\{'nu':0.5,'kernel':'rbf','gamma':'auto'\}"
COMPLETED,0.8399999999999999,518.0,3030,2711,0.8064450634904206,"\{'nu':0.5,'kernel':'rbf','gamma':'auto'\}"
COMPLETED,0.91,2016.0,1503,193,0.3146149443406611,"\{'nu':0.5,'kernel':'rbf','gamma':'auto'\}"
COMPLETED,0.91,358.0,1059,1084,0.3581276988775681,"\{'nu':0.5,'kernel':'rbf','gamma':'auto'\}"
COMPLETED,0.83,312.0,1550,4342,0.4018961852211995,"\{'nu':0.5,'kernel':'rbf','gamma':'auto'\}"
COMPLETED,0.9,396.0,4125,2136,0.4084758986627158,"\{'nu':0.5,'kernel':'rbf','gamma':'auto'\}"
COMPLETED,0.91,384.0,1150,1051,0.001,"\{'nu':0.5,'kernel':'rbf','gamma':'auto'\}"
COMPLETED,0.91,329.0,1185,1668,0.456307862717773,"\{'nu':0.5,'kernel':'rbf','gamma':'auto'\}"
COMPLETED,0.89,365.0,5000,2735,0.3145225710460333,"\{'nu':0.5,'kernel':'rbf','gamma':'auto'\}"
COMPLETED,0.92,400.0,3314,966,0.001,"\{'nu':0.5,'kernel':'rbf','gamma':'auto'\}"
COMPLETED,0.4799999999999999,213.0,1,1097,0.3252940303936672,"\{'nu':0.5,'kernel':'rbf','gamma':'auto'\}"
COMPLETED,0.9,354.0,4748,2443,0.2549178384830926,"\{'nu':0.5,'kernel':'rbf','gamma':'auto'\}"
COMPLETED,0.88,278.0,1682,3266,0.001,"\{'nu':0.5,'kernel':'rbf','gamma':'auto'\}"
COMPLETED,0.91,535.0,4322,820,0.8778870226271437,"\{'nu':0.5,'kernel':'rbf','gamma':'auto'\}"
COMPLETED,0.89,294.0,1645,2805,0.001,"\{'nu':0.5,'kernel':'rbf','gamma':'auto'\}"
COMPLETED,0.89,330.0,4601,2533,0.001,"\{'nu':0.5,'kernel':'rbf','gamma':'auto'\}"
COMPLETED,0.8699999999999999,295.0,5000,3700,0.001,"\{'nu':0.5,'kernel':'rbf','gamma':'auto'\}"
COMPLETED,0.92,415.0,1963,1040,0.001,"\{'nu':0.5,'kernel':'rbf','gamma':'auto'\}"
COMPLETED,0.8599999999999999,267.0,5000,5000,0.001,"\{'nu':0.5,'kernel':'rbf','gamma':'auto'\}"
COMPLETED,0.92,399.0,1087,982,0.463748682964386,"\{'nu':0.5,'kernel':'rbf','gamma':'auto'\}"
COMPLETED,0.91,344.0,922,1105,0.1798099082210355,"\{'nu':0.5,'kernel':'rbf','gamma':'auto'\}"
COMPLETED,0.8499999999999999,623.0,5000,1021,0.999,"\{'nu':0.5,'kernel':'rbf','gamma':'auto'\}"
COMPLETED,0.3699999999999999,191.0,1,3282,0.001,"\{'nu':0.5,'kernel':'rbf','gamma':'auto'\}"
COMPLETED,0.9,386.0,5000,2049,0.3382854632333638,"\{'nu':0.5,'kernel':'rbf','gamma':'auto'\}"
COMPLETED,0.46,201.0,1,1084,0.001,"\{'nu':0.5,'kernel':'rbf','gamma':'auto'\}"
COMPLETED,0.8699999999999999,316.0,683,1375,0.46475053539332,"\{'nu':0.5,'kernel':'rbf','gamma':'auto'\}"
COMPLETED,0.3099999999999999,191.0,1,4353,0.001,"\{'nu':0.5,'kernel':'rbf','gamma':'auto'\}"
COMPLETED,0.8399999999999999,581.0,4429,1457,0.999,"\{'nu':0.5,'kernel':'rbf','gamma':'auto'\}"
COMPLETED,0.92,478.0,3749,903,0.001,"\{'nu':0.5,'kernel':'rbf','gamma':'auto'\}"
COMPLETED,0.3099999999999999,239.0,1,4307,0.2918981776656606,"\{'nu':0.5,'kernel':'rbf','gamma':'auto'\}"
COMPLETED,0.9,349.0,4329,2180,0.087064986852729,"\{'nu':0.5,'kernel':'rbf','gamma':'auto'\}"
COMPLETED,0.69,200.0,262,5000,0.001,"\{'nu':0.5,'kernel':'rbf','gamma':'auto'\}"
COMPLETED,0.8499999999999999,354.0,4325,4489,0.433219892699283,"\{'nu':0.5,'kernel':'rbf','gamma':'auto'\}"
COMPLETED,0.83,310.0,3536,4706,0.001,"\{'nu':0.5,'kernel':'rbf','gamma':'auto'\}"
COMPLETED,0.8599999999999999,250.0,1847,4730,0.001,"\{'nu':0.5,'kernel':'rbf','gamma':'auto'\}"
COMPLETED,0.88,331.0,3532,2408,0.001,"\{'nu':0.5,'kernel':'rbf','gamma':'auto'\}"
COMPLETED,0.93,474.0,1806,894,0.001,"\{'nu':0.5,'kernel':'rbf','gamma':'auto'\}"
COMPLETED,0.8,228.0,2913,4159,0.001,"\{'nu':0.5,'kernel':'rbf','gamma':'auto'\}"
COMPLETED,0.7299999999999999,363.0,300,706,0.999,"\{'nu':0.5,'kernel':'rbf','gamma':'auto'\}"
COMPLETED,0.8499999999999999,266.0,1849,4063,0.001,"\{'nu':0.5,'kernel':'rbf','gamma':'auto'\}"
COMPLETED,0.89,283.0,1779,3196,0.1977420409576627,"\{'nu':0.5,'kernel':'rbf','gamma':'auto'\}"
COMPLETED,0.8599999999999999,270.0,1839,3520,0.001,"\{'nu':0.5,'kernel':'rbf','gamma':'auto'\}"
COMPLETED,0.89,470.0,4078,621,0.999,"\{'nu':0.5,'kernel':'rbf','gamma':'auto'\}"
COMPLETED,0.8499999999999999,276.0,1816,5000,0.2251591632096408,"\{'nu':0.5,'kernel':'rbf','gamma':'auto'\}"
COMPLETED,0.88,491.0,1577,751,0.999,"\{'nu':0.5,'kernel':'rbf','gamma':'auto'\}"
COMPLETED,0.7399999999999999,216.0,418,4708,0.001,"\{'nu':0.5,'kernel':'rbf','gamma':'auto'\}"
COMPLETED,0.82,245.0,645,2379,0.001,"\{'nu':0.5,'kernel':'rbf','gamma':'auto'\}"
COMPLETED,0.89,329.0,1823,2433,0.001,"\{'nu':0.5,'kernel':'rbf','gamma':'auto'\}"
COMPLETED,0.8699999999999999,262.0,3536,3320,0.0103583340307839,"\{'nu':0.5,'kernel':'rbf','gamma':'auto'\}"
COMPLETED,0.82,412.0,2751,656,0.999,"\{'nu':0.5,'kernel':'rbf','gamma':'auto'\}"
COMPLETED,0.8599999999999999,265.0,4972,4136,0.001,"\{'nu':0.5,'kernel':'rbf','gamma':'auto'\}"
COMPLETED,0.77,222.0,2884,4818,0.001,"\{'nu':0.5,'kernel':'rbf','gamma':'auto'\}"
COMPLETED,0.8399999999999999,270.0,3525,4235,0.001,"\{'nu':0.5,'kernel':'rbf','gamma':'auto'\}"
COMPLETED,0.91,316.0,746,878,0.001,"\{'nu':0.5,'kernel':'rbf','gamma':'auto'\}"
COMPLETED,0.92,579.0,3530,882,0.001,"\{'nu':0.5,'kernel':'rbf','gamma':'auto'\}"
COMPLETED,0.8699999999999999,254.0,3012,2376,0.001,"\{'nu':0.5,'kernel':'rbf','gamma':'auto'\}"
COMPLETED,0.78,234.0,381,3089,0.2524661257319406,"\{'nu':0.5,'kernel':'rbf','gamma':'auto'\}"
COMPLETED,0.89,582.0,3943,544,0.999,"\{'nu':0.5,'kernel':'rbf','gamma':'auto'\}"
COMPLETED,0.77,223.0,335,2500,0.1279391109534316,"\{'nu':0.5,'kernel':'rbf','gamma':'auto'\}"
COMPLETED,0.78,222.0,2845,4569,0.001,"\{'nu':0.5,'kernel':'rbf','gamma':'auto'\}"
COMPLETED,0.8,256.0,2953,4819,0.1270422400155391,"\{'nu':0.5,'kernel':'rbf','gamma':'auto'\}"
COMPLETED,0.8599999999999999,493.0,1358,659,0.999,"\{'nu':0.5,'kernel':'rbf','gamma':'auto'\}"
COMPLETED,0.8699999999999999,350.0,3539,3188,0.1896630577090565,"\{'nu':0.5,'kernel':'rbf','gamma':'auto'\}"
COMPLETED,0.81,242.0,337,2032,0.3698634946710681,"\{'nu':0.5,'kernel':'rbf','gamma':'auto'\}"
COMPLETED,0.69,221.0,325,4649,0.1393093652314876,"\{'nu':0.5,'kernel':'rbf','gamma':'auto'\}"
COMPLETED,0.77,232.0,331,2710,0.2116966221735175,"\{'nu':0.5,'kernel':'rbf','gamma':'auto'\}"
COMPLETED,0.75,203.0,363,4351,0.001,"\{'nu':0.5,'kernel':'rbf','gamma':'auto'\}"
COMPLETED,0.88,299.0,1293,2352,0.2404449764442533,"\{'nu':0.5,'kernel':'rbf','gamma':'auto'\}"
COMPLETED,0.75,271.0,584,4004,0.4602169230185524,"\{'nu':0.5,'kernel':'rbf','gamma':'auto'\}"
COMPLETED,0.91,430.0,4858,1665,0.001,"\{'nu':0.5,'kernel':'rbf','gamma':'auto'\}"
COMPLETED,0.8599999999999999,306.0,4907,4019,0.2239301735905781,"\{'nu':0.5,'kernel':'rbf','gamma':'auto'\}"
COMPLETED,0.7099999999999999,206.0,264,3897,0.001,"\{'nu':0.5,'kernel':'rbf','gamma':'auto'\}"
COMPLETED,0.77,227.0,327,2927,0.001,"\{'nu':0.5,'kernel':'rbf','gamma':'auto'\}"
COMPLETED,0.75,250.0,379,3358,0.3986535272216975,"\{'nu':0.5,'kernel':'rbf','gamma':'auto'\}"
COMPLETED,0.76,207.0,348,3451,0.001,"\{'nu':0.5,'kernel':'rbf','gamma':'auto'\}"
COMPLETED,0.7099999999999999,273.0,433,4910,0.4534936125413059,"\{'nu':0.5,'kernel':'rbf','gamma':'auto'\}"
COMPLETED,0.8599999999999999,288.0,4919,5000,0.2494429757235635,"\{'nu':0.5,'kernel':'rbf','gamma':'auto'\}"
COMPLETED,0.76,241.0,527,4128,0.1536528483872412,"\{'nu':0.5,'kernel':'rbf','gamma':'auto'\}"
COMPLETED,0.83,261.0,1348,4342,0.1669050873818826,"\{'nu':0.5,'kernel':'rbf','gamma':'auto'\}"
COMPLETED,0.7399999999999999,272.0,426,4614,0.4645097785264298,"\{'nu':0.5,'kernel':'rbf','gamma':'auto'\}"
COMPLETED,0.83,232.0,386,2180,0.2227070460990656,"\{'nu':0.5,'kernel':'rbf','gamma':'auto'\}"
COMPLETED,0.7299999999999999,234.0,42,932,0.6723637315708066,"\{'nu':0.5,'kernel':'rbf','gamma':'auto'\}"
COMPLETED,0.7399999999999999,223.0,379,4789,0.1724166030490211,"\{'nu':0.5,'kernel':'rbf','gamma':'auto'\}"
COMPLETED,0.8,292.0,754,3628,0.5051679847015677,"\{'nu':0.5,'kernel':'rbf','gamma':'auto'\}"
COMPLETED,0.78,260.0,292,3126,0.4970612014482926,"\{'nu':0.5,'kernel':'rbf','gamma':'auto'\}"
COMPLETED,0.7299999999999999,224.0,291,5000,0.1399021945744711,"\{'nu':0.5,'kernel':'rbf','gamma':'auto'\}"
COMPLETED,0.88,252.0,680,1590,0.001,"\{'nu':0.5,'kernel':'rbf','gamma':'auto'\}"
COMPLETED,0.8599999999999999,304.0,5000,4167,0.2608280057472018,"\{'nu':0.5,'kernel':'rbf','gamma':'auto'\}"
COMPLETED,0.7399999999999999,206.0,337,3687,0.001,"\{'nu':0.5,'kernel':'rbf','gamma':'auto'\}"
COMPLETED,0.79,241.0,310,2579,0.3938199495111391,"\{'nu':0.5,'kernel':'rbf','gamma':'auto'\}"
COMPLETED,0.83,236.0,1381,5000,0.001,"\{'nu':0.5,'kernel':'rbf','gamma':'auto'\}"
COMPLETED,0.8599999999999999,339.0,4921,5000,0.5022762609074983,"\{'nu':0.5,'kernel':'rbf','gamma':'auto'\}"
COMPLETED,0.91,382.0,1418,1236,0.001,"\{'nu':0.5,'kernel':'rbf','gamma':'auto'\}"
COMPLETED,0.81,230.0,349,1965,0.001,"\{'nu':0.5,'kernel':'rbf','gamma':'auto'\}"
COMPLETED,0.8599999999999999,286.0,3982,4149,0.001,"\{'nu':0.5,'kernel':'rbf','gamma':'auto'\}"
COMPLETED,0.83,253.0,315,1422,0.1825646926786566,"\{'nu':0.5,'kernel':'rbf','gamma':'auto'\}"
COMPLETED,0.7399999999999999,286.0,125,1985,0.4702922041591724,"\{'nu':0.5,'kernel':'rbf','gamma':'auto'\}"
COMPLETED,0.92,494.0,1262,922,0.6253760778748421,"\{'nu':0.5,'kernel':'rbf','gamma':'auto'\}"
COMPLETED,0.8599999999999999,416.0,4779,3822,0.6993193115753087,"\{'nu':0.5,'kernel':'rbf','gamma':'auto'\}"
COMPLETED,0.7199999999999999,205.0,312,4119,0.001,"\{'nu':0.5,'kernel':'rbf','gamma':'auto'\}"
COMPLETED,0.91,334.0,811,985,0.2530000948055888,"\{'nu':0.5,'kernel':'rbf','gamma':'auto'\}"
COMPLETED,0.88,382.0,3154,1946,0.4061565951509261,"\{'nu':0.5,'kernel':'rbf','gamma':'auto'\}"
COMPLETED,0.7199999999999999,220.0,306,3419,0.134888919120552,"\{'nu':0.5,'kernel':'rbf','gamma':'auto'\}"
COMPLETED,0.7,265.0,351,5000,0.3745914139944206,"\{'nu':0.5,'kernel':'rbf','gamma':'auto'\}"
COMPLETED,0.89,318.0,1419,2029,0.001,"\{'nu':0.5,'kernel':'rbf','gamma':'auto'\}"
COMPLETED,0.8499999999999999,295.0,5000,4805,0.2481930380726823,"\{'nu':0.5,'kernel':'rbf','gamma':'auto'\}"
COMPLETED,0.8699999999999999,305.0,893,1935,0.4893671258738482,"\{'nu':0.5,'kernel':'rbf','gamma':'auto'\}"
COMPLETED,0.77,235.0,308,2366,0.3179922703945867,"\{'nu':0.5,'kernel':'rbf','gamma':'auto'\}"
COMPLETED,0.8599999999999999,271.0,1394,3116,0.001,"\{'nu':0.5,'kernel':'rbf','gamma':'auto'\}"
COMPLETED,0.8,337.0,1118,3825,0.6436412975577054,"\{'nu':0.5,'kernel':'rbf','gamma':'auto'\}"
COMPLETED,0.9,358.0,4232,2828,0.5550401149271643,"\{'nu':0.5,'kernel':'rbf','gamma':'auto'\}"
COMPLETED,0.7299999999999999,204.0,269,3178,0.001,"\{'nu':0.5,'kernel':'rbf','gamma':'auto'\}"
COMPLETED,0.8399999999999999,291.0,1817,4809,0.3223770632135188,"\{'nu':0.5,'kernel':'rbf','gamma':'auto'\}"
COMPLETED,0.83,239.0,721,2646,0.001,"\{'nu':0.5,'kernel':'rbf','gamma':'auto'\}"
COMPLETED,0.82,254.0,713,2871,0.1755866561202403,"\{'nu':0.5,'kernel':'rbf','gamma':'auto'\}"
COMPLETED,0.7299999999999999,239.0,102,2035,0.5548679840266244,"\{'nu':0.5,'kernel':'rbf','gamma':'auto'\}"
COMPLETED,0.75,799.0,989,2384,0.999,"\{'nu':0.5,'kernel':'rbf','gamma':'auto'\}"
COMPLETED,0.8499999999999999,247.0,1538,4415,0.001,"\{'nu':0.5,'kernel':'rbf','gamma':'auto'\}"
COMPLETED,0.7099999999999999,218.0,226,3290,0.092361285362992,"\{'nu':0.5,'kernel':'rbf','gamma':'auto'\}"
COMPLETED,0.8599999999999999,304.0,4114,4434,0.001,"\{'nu':0.5,'kernel':'rbf','gamma':'auto'\}"
COMPLETED,0.8,231.0,846,4273,0.001,"\{'nu':0.5,'kernel':'rbf','gamma':'auto'\}"
COMPLETED,0.82,237.0,315,1353,0.3168066559332479,"\{'nu':0.5,'kernel':'rbf','gamma':'auto'\}"
COMPLETED,0.76,287.0,153,1227,0.7350907204601893,"\{'nu':0.5,'kernel':'rbf','gamma':'auto'\}"
COMPLETED,0.91,439.0,3688,1259,0.3144874959753652,"\{'nu':0.5,'kernel':'rbf','gamma':'auto'\}"
COMPLETED,0.9,400.0,1305,1333,0.3175464889701369,"\{'nu':0.5,'kernel':'rbf','gamma':'auto'\}"
COMPLETED,0.76,215.0,111,1365,0.3185037875104203,"\{'nu':0.5,'kernel':'rbf','gamma':'auto'\}"
COMPLETED,0.7199999999999999,317.0,282,4729,0.6200517633703942,"\{'nu':0.5,'kernel':'rbf','gamma':'auto'\}"
COMPLETED,0.8399999999999999,384.0,1505,5000,0.6702428338501336,"\{'nu':0.5,'kernel':'rbf','gamma':'auto'\}"
COMPLETED,0.91,476.0,4344,1214,0.3083499391639928,"\{'nu':0.5,'kernel':'rbf','gamma':'auto'\}"
COMPLETED,0.9,331.0,1038,1295,0.3138712542362688,"\{'nu':0.5,'kernel':'rbf','gamma':'auto'\}"
COMPLETED,0.91,449.0,4858,1248,0.2847060406055471,"\{'nu':0.5,'kernel':'rbf','gamma':'auto'\}"
COMPLETED,0.46,261.0,1,1133,0.7541693212842778,"\{'nu':0.5,'kernel':'rbf','gamma':'auto'\}"
COMPLETED,0.7199999999999999,277.0,86,1432,0.7013477702603393,"\{'nu':0.5,'kernel':'rbf','gamma':'auto'\}"
COMPLETED,0.89,5537.0,819,31,0.8754889628954328,"\{'nu':0.5,'kernel':'rbf','gamma':'auto'\}"
COMPLETED,0.8499999999999999,362.0,4793,4489,0.6143056283839486,"\{'nu':0.5,'kernel':'rbf','gamma':'auto'\}"
COMPLETED,0.79,348.0,763,5000,0.6328063604292811,"\{'nu':0.5,'kernel':'rbf','gamma':'auto'\}"
COMPLETED,0.8499999999999999,423.0,4894,5000,0.6583186006018596,"\{'nu':0.5,'kernel':'rbf','gamma':'auto'\}"
COMPLETED,0.75,287.0,99,913,0.7872728771479791,"\{'nu':0.5,'kernel':'rbf','gamma':'auto'\}"
COMPLETED,0.9,466.0,1471,1256,0.7427046022665521,"\{'nu':0.5,'kernel':'rbf','gamma':'auto'\}"
COMPLETED,0.93,777.0,1,1,0.999,"\{'nu':0.5,'kernel':'rbf','gamma':'auto'\}"
COMPLETED,0.7299999999999999,300.0,391,4564,0.587998284178574,"\{'nu':0.5,'kernel':'rbf','gamma':'auto'\}"
COMPLETED,0.68,325.0,233,5000,0.5866104524433563,"\{'nu':0.5,'kernel':'rbf','gamma':'auto'\}"
COMPLETED,0.7099999999999999,219.0,278,3799,0.0705723388065913,"\{'nu':0.5,'kernel':'rbf','gamma':'auto'\}"
COMPLETED,0.91,456.0,1760,1266,0.2924525563349931,"\{'nu':0.5,'kernel':'rbf','gamma':'auto'\}"
COMPLETED,0.7299999999999999,207.0,353,4791,0.0610055012764963,"\{'nu':0.5,'kernel':'rbf','gamma':'auto'\}"
COMPLETED,0.81,271.0,67,312,0.8309361578715337,"\{'nu':0.5,'kernel':'rbf','gamma':'auto'\}"
COMPLETED,0.45,267.0,1,1328,0.7222260392962911,"\{'nu':0.5,'kernel':'rbf','gamma':'auto'\}"
COMPLETED,0.8699999999999999,380.0,788,1132,0.7544377389867223,"\{'nu':0.5,'kernel':'rbf','gamma':'auto'\}"
COMPLETED,0.9,377.0,1230,1207,0.3344708269171968,"\{'nu':0.5,'kernel':'rbf','gamma':'auto'\}"
COMPLETED,0.8399999999999999,411.0,2757,1048,0.8726759384707851,"\{'nu':0.5,'kernel':'rbf','gamma':'auto'\}"
COMPLETED,0.4299999999999999,286.0,1,455,0.999,"\{'nu':0.5,'kernel':'rbf','gamma':'auto'\}"
COMPLETED,0.79,231.0,2696,3572,0.001,"\{'nu':0.5,'kernel':'rbf','gamma':'auto'\}"
COMPLETED,0.91,332.0,2894,1136,0.001,"\{'nu':0.5,'kernel':'rbf','gamma':'auto'\}"
COMPLETED,0.7299999999999999,469.0,2540,1188,0.999,"\{'nu':0.5,'kernel':'rbf','gamma':'auto'\}"
COMPLETED,0.7199999999999999,874.0,2804,3521,0.999,"\{'nu':0.5,'kernel':'rbf','gamma':'auto'\}"
COMPLETED,0.7399999999999999,1071.0,3117,3857,0.999,"\{'nu':0.5,'kernel':'rbf','gamma':'auto'\}"
COMPLETED,0.7299999999999999,937.0,1259,3216,0.999,"\{'nu':0.5,'kernel':'rbf','gamma':'auto'\}"
COMPLETED,0.92,623.0,4762,787,0.001,"\{'nu':0.5,'kernel':'rbf','gamma':'auto'\}"
COMPLETED,0.9,372.0,2495,847,0.001,"\{'nu':0.5,'kernel':'rbf','gamma':'auto'\}"
COMPLETED,0.79,492.0,2906,1139,0.999,"\{'nu':0.5,'kernel':'rbf','gamma':'auto'\}"
COMPLETED,0.92,1403.0,4240,360,0.001,"\{'nu':0.5,'kernel':'rbf','gamma':'auto'\}"
COMPLETED,0.89,362.0,2813,1226,0.2820967884358944,"\{'nu':0.5,'kernel':'rbf','gamma':'auto'\}"
COMPLETED,0.83,259.0,3085,3689,0.001,"\{'nu':0.5,'kernel':'rbf','gamma':'auto'\}"
COMPLETED,0.76,833.0,5000,3213,0.999,"\{'nu':0.5,'kernel':'rbf','gamma':'auto'\}"
COMPLETED,0.7299999999999999,400.0,2439,875,0.999,"\{'nu':0.5,'kernel':'rbf','gamma':'auto'\}"
COMPLETED,0.81,230.0,2675,3161,0.001,"\{'nu':0.5,'kernel':'rbf','gamma':'auto'\}"
COMPLETED,0.69,871.0,2663,3366,0.999,"\{'nu':0.5,'kernel':'rbf','gamma':'auto'\}"
COMPLETED,0.7399999999999999,994.0,3147,3582,0.999,"\{'nu':0.5,'kernel':'rbf','gamma':'auto'\}"
COMPLETED,0.83,630.0,4681,1954,0.999,"\{'nu':0.5,'kernel':'rbf','gamma':'auto'\}"
COMPLETED,0.93,445.0,5000,865,0.001,"\{'nu':0.5,'kernel':'rbf','gamma':'auto'\}"
COMPLETED,0.81,484.0,3055,1022,0.999,"\{'nu':0.5,'kernel':'rbf','gamma':'auto'\}"
COMPLETED,0.93,437.0,4207,1089,0.001,"\{'nu':0.5,'kernel':'rbf','gamma':'auto'\}"
COMPLETED,0.83,240.0,2674,2026,0.001,"\{'nu':0.5,'kernel':'rbf','gamma':'auto'\}"
COMPLETED,0.7,843.0,3105,3371,0.999,"\{'nu':0.5,'kernel':'rbf','gamma':'auto'\}"
COMPLETED,0.79,267.0,2765,3742,0.2775871743610707,"\{'nu':0.5,'kernel':'rbf','gamma':'auto'\}"
COMPLETED,0.77,212.0,2527,3903,0.001,"\{'nu':0.5,'kernel':'rbf','gamma':'auto'\}"
COMPLETED,0.8699999999999999,293.0,4247,3573,0.001,"\{'nu':0.5,'kernel':'rbf','gamma':'auto'\}"
COMPLETED,0.82,230.0,2544,2802,0.001,"\{'nu':0.5,'kernel':'rbf','gamma':'auto'\}"
COMPLETED,0.6,244.0,1,287,0.107105166189395,"\{'nu':0.5,'kernel':'rbf','gamma':'auto'\}"
COMPLETED,0.91,409.0,4172,1749,0.001,"\{'nu':0.5,'kernel':'rbf','gamma':'auto'\}"
COMPLETED,0.8699999999999999,279.0,956,1863,0.001,"\{'nu':0.5,'kernel':'rbf','gamma':'auto'\}"
COMPLETED,0.7199999999999999,696.0,2429,2377,0.999,"\{'nu':0.5,'kernel':'rbf','gamma':'auto'\}"
COMPLETED,0.8599999999999999,235.0,2910,2817,0.001,"\{'nu':0.5,'kernel':'rbf','gamma':'auto'\}"
COMPLETED,0.9,286.0,4431,3026,0.001,"\{'nu':0.5,'kernel':'rbf','gamma':'auto'\}"
COMPLETED,0.88,285.0,4562,3429,0.001,"\{'nu':0.5,'kernel':'rbf','gamma':'auto'\}"
COMPLETED,0.88,257.0,3237,2778,0.001,"\{'nu':0.5,'kernel':'rbf','gamma':'auto'\}"
COMPLETED,0.8699999999999999,238.0,63,303,0.001,"\{'nu':0.5,'kernel':'rbf','gamma':'auto'\}"
COMPLETED,0.81,694.0,4155,2480,0.999,"\{'nu':0.5,'kernel':'rbf','gamma':'auto'\}"
COMPLETED,0.8699999999999999,273.0,4025,3724,0.001,"\{'nu':0.5,'kernel':'rbf','gamma':'auto'\}"
COMPLETED,0.83,591.0,3891,1684,0.999,"\{'nu':0.5,'kernel':'rbf','gamma':'auto'\}"
COMPLETED,0.7199999999999999,196.0,2181,3143,0.001,"\{'nu':0.5,'kernel':'rbf','gamma':'auto'\}"
COMPLETED,0.6,692.0,2062,2674,0.999,"\{'nu':0.5,'kernel':'rbf','gamma':'auto'\}"
COMPLETED,0.89,306.0,4128,3308,0.001,"\{'nu':0.5,'kernel':'rbf','gamma':'auto'\}"
COMPLETED,0.76,630.0,2739,2129,0.999,"\{'nu':0.5,'kernel':'rbf','gamma':'auto'\}"
COMPLETED,0.83,232.0,2584,2594,0.001,"\{'nu':0.5,'kernel':'rbf','gamma':'auto'\}"
COMPLETED,0.76,576.0,2770,1881,0.999,"\{'nu':0.5,'kernel':'rbf','gamma':'auto'\}"
COMPLETED,0.79,730.0,3860,2605,0.999,"\{'nu':0.5,'kernel':'rbf','gamma':'auto'\}"
COMPLETED,0.69,1149.0,2509,5000,0.999,"\{'nu':0.5,'kernel':'rbf','gamma':'auto'\}"
COMPLETED,0.91,351.0,3960,1826,0.001,"\{'nu':0.5,'kernel':'rbf','gamma':'auto'\}"
COMPLETED,0.81,681.0,1800,2230,0.999,"\{'nu':0.5,'kernel':'rbf','gamma':'auto'\}"
COMPLETED,0.75,204.0,2424,4005,0.001,"\{'nu':0.5,'kernel':'rbf','gamma':'auto'\}"
COMPLETED,0.76,215.0,2472,5000,0.001,"\{'nu':0.5,'kernel':'rbf','gamma':'auto'\}"
COMPLETED,0.69,225.0,2163,4371,0.001,"\{'nu':0.5,'kernel':'rbf','gamma':'auto'\}"
COMPLETED,0.8599999999999999,247.0,4273,5000,0.001,"\{'nu':0.5,'kernel':'rbf','gamma':'auto'\}"
COMPLETED,0.8499999999999999,257.0,4620,4755,0.001,"\{'nu':0.5,'kernel':'rbf','gamma':'auto'\}"
COMPLETED,0.8399999999999999,279.0,4716,4401,0.001,"\{'nu':0.5,'kernel':'rbf','gamma':'auto'\}"
COMPLETED,0.82,248.0,1096,4698,0.1810425816311851,"\{'nu':0.5,'kernel':'rbf','gamma':'auto'\}"
COMPLETED,0.8699999999999999,263.0,1209,2696,0.001,"\{'nu':0.5,'kernel':'rbf','gamma':'auto'\}"
COMPLETED,0.65,630.0,103,2301,0.999,"\{'nu':0.5,'kernel':'rbf','gamma':'auto'\}"
COMPLETED,0.92,425.0,963,653,0.001,"\{'nu':0.5,'kernel':'rbf','gamma':'auto'\}"
COMPLETED,0.8399999999999999,239.0,3480,5000,0.001,"\{'nu':0.5,'kernel':'rbf','gamma':'auto'\}"
COMPLETED,0.5799999999999998,202.0,1,370,0.5418129078927879,"\{'nu':0.5,'kernel':'rbf','gamma':'auto'\}"
COMPLETED,0.92,475.0,1219,608,0.001,"\{'nu':0.5,'kernel':'rbf','gamma':'auto'\}"
COMPLETED,0.88,291.0,3010,1753,0.001,"\{'nu':0.5,'kernel':'rbf','gamma':'auto'\}"
COMPLETED,0.77,314.0,2197,438,0.999,"\{'nu':0.5,'kernel':'rbf','gamma':'auto'\}"
COMPLETED,0.7199999999999999,1134.0,1027,4531,0.999,"\{'nu':0.5,'kernel':'rbf','gamma':'auto'\}"
COMPLETED,0.89,307.0,4085,2718,0.001,"\{'nu':0.5,'kernel':'rbf','gamma':'auto'\}"
COMPLETED,0.77,233.0,2186,2087,0.001,"\{'nu':0.5,'kernel':'rbf','gamma':'auto'\}"
COMPLETED,0.92,516.0,3929,881,0.001,"\{'nu':0.5,'kernel':'rbf','gamma':'auto'\}"
COMPLETED,0.9,337.0,5000,2321,0.001,"\{'nu':0.5,'kernel':'rbf','gamma':'auto'\}"
COMPLETED,0.79,217.0,781,5000,0.001,"\{'nu':0.5,'kernel':'rbf','gamma':'auto'\}"
COMPLETED,0.7399999999999999,1051.0,4279,4205,0.999,"\{'nu':0.5,'kernel':'rbf','gamma':'auto'\}"
COMPLETED,0.8599999999999999,241.0,2143,567,0.4358935805193909,"\{'nu':0.5,'kernel':'rbf','gamma':'auto'\}"
COMPLETED,0.91,384.0,3120,937,0.001,"\{'nu':0.5,'kernel':'rbf','gamma':'auto'\}"
COMPLETED,0.91,342.0,3226,1591,0.001,"\{'nu':0.5,'kernel':'rbf','gamma':'auto'\}"
COMPLETED,0.92,433.0,5000,1263,0.001,"\{'nu':0.5,'kernel':'rbf','gamma':'auto'\}"
COMPLETED,0.8599999999999999,278.0,4570,4228,0.001,"\{'nu':0.5,'kernel':'rbf','gamma':'auto'\}"
COMPLETED,0.8,221.0,704,3821,0.001,"\{'nu':0.5,'kernel':'rbf','gamma':'auto'\}"
COMPLETED,0.82,244.0,1013,3452,0.001,"\{'nu':0.5,'kernel':'rbf','gamma':'auto'\}"
COMPLETED,0.8599999999999999,253.0,4635,5000,0.001,"\{'nu':0.5,'kernel':'rbf','gamma':'auto'\}"
COMPLETED,0.7099999999999999,1127.0,1267,4655,0.999,"\{'nu':0.5,'kernel':'rbf','gamma':'auto'\}"
COMPLETED,0.88,299.0,2308,790,0.5433673199925865,"\{'nu':0.5,'kernel':'rbf','gamma':'auto'\}"
COMPLETED,0.7399999999999999,239.0,2492,4276,0.2676607613344415,"\{'nu':0.5,'kernel':'rbf','gamma':'auto'\}"
COMPLETED,0.8699999999999999,331.0,4404,3687,0.3363226192542739,"\{'nu':0.5,'kernel':'rbf','gamma':'auto'\}"
COMPLETED,0.88,265.0,3008,2561,0.2396606847549604,"\{'nu':0.5,'kernel':'rbf','gamma':'auto'\}"
COMPLETED,0.9,347.0,628,792,0.6570996167936092,"\{'nu':0.5,'kernel':'rbf','gamma':'auto'\}"
COMPLETED,0.8399999999999999,255.0,2150,647,0.6911199279329295,"\{'nu':0.5,'kernel':'rbf','gamma':'auto'\}"
COMPLETED,0.92,762.0,1782,642,0.5537882116414997,"\{'nu':0.5,'kernel':'rbf','gamma':'auto'\}"
COMPLETED,0.88,303.0,2483,902,0.4156418560825732,"\{'nu':0.5,'kernel':'rbf','gamma':'auto'\}"
COMPLETED,0.89,304.0,1719,2855,0.2956763411179992,"\{'nu':0.5,'kernel':'rbf','gamma':'auto'\}"
COMPLETED,0.8599999999999999,289.0,4346,4835,0.2704842354493637,"\{'nu':0.5,'kernel':'rbf','gamma':'auto'\}"
COMPLETED,0.76,241.0,2493,4113,0.2893724570090916,"\{'nu':0.5,'kernel':'rbf','gamma':'auto'\}"
COMPLETED,0.76,243.0,2588,4393,0.2678809860754292,"\{'nu':0.5,'kernel':'rbf','gamma':'auto'\}"
COMPLETED,0.89,315.0,3560,2544,0.3589429953000318,"\{'nu':0.5,'kernel':'rbf','gamma':'auto'\}"
COMPLETED,0.8599999999999999,327.0,4204,5000,0.3896477075980401,"\{'nu':0.5,'kernel':'rbf','gamma':'auto'\}"
COMPLETED,0.9,338.0,1702,2081,0.3609226735542779,"\{'nu':0.5,'kernel':'rbf','gamma':'auto'\}"
COMPLETED,0.65,996.0,255,4082,0.999,"\{'nu':0.5,'kernel':'rbf','gamma':'auto'\}"
COMPLETED,0.9,379.0,4907,2005,0.001,"\{'nu':0.5,'kernel':'rbf','gamma':'auto'\}"
COMPLETED,0.76,219.0,204,1668,0.001,"\{'nu':0.5,'kernel':'rbf','gamma':'auto'\}"
COMPLETED,0.82,232.0,232,1168,0.001,"\{'nu':0.5,'kernel':'rbf','gamma':'auto'\}"
COMPLETED,0.8,704.0,5000,2542,0.999,"\{'nu':0.5,'kernel':'rbf','gamma':'auto'\}"
COMPLETED,0.92,673.0,1847,495,0.001,"\{'nu':0.5,'kernel':'rbf','gamma':'auto'\}"
COMPLETED,0.9,291.0,196,342,0.001,"\{'nu':0.5,'kernel':'rbf','gamma':'auto'\}"
COMPLETED,0.81,239.0,2434,2251,0.2476889798603423,"\{'nu':0.5,'kernel':'rbf','gamma':'auto'\}"
COMPLETED,0.8699999999999999,325.0,5000,3474,0.2840148527570658,"\{'nu':0.5,'kernel':'rbf','gamma':'auto'\}"
COMPLETED,0.8599999999999999,300.0,2950,2418,0.3672989240012818,"\{'nu':0.5,'kernel':'rbf','gamma':'auto'\}"
COMPLETED,0.7099999999999999,239.0,2337,4221,0.3051640605743323,"\{'nu':0.5,'kernel':'rbf','gamma':'auto'\}"
COMPLETED,0.9,319.0,2371,534,0.5518081044114137,"\{'nu':0.5,'kernel':'rbf','gamma':'auto'\}"
COMPLETED,0.9,306.0,2345,530,0.2978143984605521,"\{'nu':0.5,'kernel':'rbf','gamma':'auto'\}"
COMPLETED,0.82,422.0,938,781,0.999,"\{'nu':0.5,'kernel':'rbf','gamma':'auto'\}"
COMPLETED,0.91,1867.0,5000,206,0.3198783683741409,"\{'nu':0.5,'kernel':'rbf','gamma':'auto'\}"
COMPLETED,0.81,277.0,986,4030,0.2995127746947433,"\{'nu':0.5,'kernel':'rbf','gamma':'auto'\}"
COMPLETED,0.8599999999999999,275.0,3688,3574,0.001,"\{'nu':0.5,'kernel':'rbf','gamma':'auto'\}"
COMPLETED,0.89,493.0,5000,620,0.999,"\{'nu':0.5,'kernel':'rbf','gamma':'auto'\}"
COMPLETED,0.9,315.0,2344,499,0.001,"\{'nu':0.5,'kernel':'rbf','gamma':'auto'\}"
COMPLETED,0.92,316.0,2426,564,0.4251465296965302,"\{'nu':0.5,'kernel':'rbf','gamma':'auto'\}"
COMPLETED,0.8499999999999999,472.0,3733,930,0.999,"\{'nu':0.5,'kernel':'rbf','gamma':'auto'\}"
COMPLETED,0.8399999999999999,258.0,3096,3398,0.001,"\{'nu':0.5,'kernel':'rbf','gamma':'auto'\}"
COMPLETED,0.9,328.0,2363,528,0.6862089407810801,"\{'nu':0.5,'kernel':'rbf','gamma':'auto'\}"
COMPLETED,0.8599999999999999,277.0,4439,3914,0.001,"\{'nu':0.5,'kernel':'rbf','gamma':'auto'\}"
COMPLETED,0.79,222.0,804,4687,0.001,"\{'nu':0.5,'kernel':'rbf','gamma':'auto'\}"
COMPLETED,0.92,727.0,5000,572,0.5009251770647987,"\{'nu':0.5,'kernel':'rbf','gamma':'auto'\}"
COMPLETED,0.83,229.0,802,3193,0.001,"\{'nu':0.5,'kernel':'rbf','gamma':'auto'\}"
COMPLETED,0.9,303.0,1110,1573,0.001,"\{'nu':0.5,'kernel':'rbf','gamma':'auto'\}"
COMPLETED,0.7199999999999999,204.0,2456,4765,0.001,"\{'nu':0.5,'kernel':'rbf','gamma':'auto'\}"
COMPLETED,0.93,414.0,4496,1058,0.001,"\{'nu':0.5,'kernel':'rbf','gamma':'auto'\}"
COMPLETED,0.92,482.0,3403,1156,0.001,"\{'nu':0.5,'kernel':'rbf','gamma':'auto'\}"
COMPLETED,0.7399999999999999,205.0,2372,3439,0.001,"\{'nu':0.5,'kernel':'rbf','gamma':'auto'\}"
COMPLETED,0.9,510.0,5000,1618,0.7238752975369555,"\{'nu':0.5,'kernel':'rbf','gamma':'auto'\}"
COMPLETED,0.93,423.0,4046,1052,0.001,"\{'nu':0.5,'kernel':'rbf','gamma':'auto'\}"
COMPLETED,0.91,309.0,2351,493,0.1978781975665571,"\{'nu':0.5,'kernel':'rbf','gamma':'auto'\}"
COMPLETED,0.89,315.0,3391,2033,0.001,"\{'nu':0.5,'kernel':'rbf','gamma':'auto'\}"
COMPLETED,0.93,629.0,5000,709,0.6665808240756858,"\{'nu':0.5,'kernel':'rbf','gamma':'auto'\}"
COMPLETED,0.81,217.0,3016,5000,0.001,"\{'nu':0.5,'kernel':'rbf','gamma':'auto'\}"
COMPLETED,0.93,887.0,4847,543,0.4690252527772931,"\{'nu':0.5,'kernel':'rbf','gamma':'auto'\}"
COMPLETED,0.88,301.0,181,534,0.5136473593090767,"\{'nu':0.5,'kernel':'rbf','gamma':'auto'\}"
COMPLETED,0.92,731.0,4546,603,0.1517920481122971,"\{'nu':0.5,'kernel':'rbf','gamma':'auto'\}"
COMPLETED,0.81,240.0,2508,2275,0.001,"\{'nu':0.5,'kernel':'rbf','gamma':'auto'\}"
COMPLETED,0.92,577.0,4452,634,0.3717960629779997,"\{'nu':0.5,'kernel':'rbf','gamma':'auto'\}"
COMPLETED,0.82,265.0,2459,1774,0.001,"\{'nu':0.5,'kernel':'rbf','gamma':'auto'\}"
COMPLETED,0.93,803.0,1708,420,0.001,"\{'nu':0.5,'kernel':'rbf','gamma':'auto'\}"
COMPLETED,0.92,660.0,4217,654,0.4585534892504363,"\{'nu':0.5,'kernel':'rbf','gamma':'auto'\}"
COMPLETED,0.81,253.0,1113,5000,0.2167246390307341,"\{'nu':0.5,'kernel':'rbf','gamma':'auto'\}"
COMPLETED,0.8499999999999999,254.0,3865,5000,0.001,"\{'nu':0.5,'kernel':'rbf','gamma':'auto'\}"
COMPLETED,0.92,471.0,3844,982,0.2846364946192073,"\{'nu':0.5,'kernel':'rbf','gamma':'auto'\}"
COMPLETED,0.8599999999999999,288.0,1879,4451,0.2154352091559862,"\{'nu':0.5,'kernel':'rbf','gamma':'auto'\}"
COMPLETED,0.81,252.0,2423,1934,0.2041983628431382,"\{'nu':0.5,'kernel':'rbf','gamma':'auto'\}"
COMPLETED,0.78,246.0,673,3570,0.1139939309504208,"\{'nu':0.5,'kernel':'rbf','gamma':'auto'\}"
COMPLETED,0.92,1055.0,4849,327,0.4186096469751472,"\{'nu':0.5,'kernel':'rbf','gamma':'auto'\}"
COMPLETED,0.93,506.0,4610,850,0.001,"\{'nu':0.5,'kernel':'rbf','gamma':'auto'\}"
COMPLETED,0.8399999999999999,278.0,556,1768,0.2726001851526685,"\{'nu':0.5,'kernel':'rbf','gamma':'auto'\}"
COMPLETED,0.8599999999999999,261.0,5000,4537,0.001,"\{'nu':0.5,'kernel':'rbf','gamma':'auto'\}"
COMPLETED,0.83,235.0,1340,4724,0.001,"\{'nu':0.5,'kernel':'rbf','gamma':'auto'\}"
COMPLETED,0.8499999999999999,270.0,887,2551,0.2552762245497409,"\{'nu':0.5,'kernel':'rbf','gamma':'auto'\}"
COMPLETED,0.89,350.0,4132,2459,0.1916647911957536,"\{'nu':0.5,'kernel':'rbf','gamma':'auto'\}"
COMPLETED,0.83,246.0,3417,3930,0.001,"\{'nu':0.5,'kernel':'rbf','gamma':'auto'\}"
COMPLETED,0.92,648.0,4671,537,0.4038299758141888,"\{'nu':0.5,'kernel':'rbf','gamma':'auto'\}"
COMPLETED,0.7299999999999999,200.0,162,2134,0.001,"\{'nu':0.5,'kernel':'rbf','gamma':'auto'\}"
COMPLETED,0.92,433.0,3347,875,0.4224176092927432,"\{'nu':0.5,'kernel':'rbf','gamma':'auto'\}"
COMPLETED,0.91,356.0,701,689,0.2675936492829519,"\{'nu':0.5,'kernel':'rbf','gamma':'auto'\}"
COMPLETED,0.9,323.0,4652,2906,0.2699050203121303,"\{'nu':0.5,'kernel':'rbf','gamma':'auto'\}"
COMPLETED,0.89,323.0,5000,2703,0.001,"\{'nu':0.5,'kernel':'rbf','gamma':'auto'\}"
COMPLETED,0.83,247.0,1329,4146,0.001,"\{'nu':0.5,'kernel':'rbf','gamma':'auto'\}"
COMPLETED,0.76,209.0,128,1389,0.001,"\{'nu':0.5,'kernel':'rbf','gamma':'auto'\}"
COMPLETED,0.92,595.0,3514,805,0.2808703724811884,"\{'nu':0.5,'kernel':'rbf','gamma':'auto'\}"
COMPLETED,0.8,259.0,2473,2951,0.260240483612775,"\{'nu':0.5,'kernel':'rbf','gamma':'auto'\}"
COMPLETED,0.89,253.0,2711,1488,0.001,"\{'nu':0.5,'kernel':'rbf','gamma':'auto'\}"
COMPLETED,0.8599999999999999,237.0,2056,200,0.001,"\{'nu':0.5,'kernel':'rbf','gamma':'auto'\}"
COMPLETED,0.89,306.0,831,1315,0.001,"\{'nu':0.5,'kernel':'rbf','gamma':'auto'\}"
COMPLETED,0.93,496.0,4362,904,0.001,"\{'nu':0.5,'kernel':'rbf','gamma':'auto'\}"
COMPLETED,0.8599999999999999,260.0,827,2182,0.0511845805627449,"\{'nu':0.5,'kernel':'rbf','gamma':'auto'\}"
COMPLETED,0.92,646.0,4085,612,0.322458306948498,"\{'nu':0.5,'kernel':'rbf','gamma':'auto'\}"
COMPLETED,0.89,299.0,3724,2815,0.001,"\{'nu':0.5,'kernel':'rbf','gamma':'auto'\}"
COMPLETED,0.8699999999999999,302.0,5000,3401,0.001,"\{'nu':0.5,'kernel':'rbf','gamma':'auto'\}"
COMPLETED,0.93,430.0,1123,686,0.2446711776302198,"\{'nu':0.5,'kernel':'rbf','gamma':'auto'\}"
COMPLETED,0.92,442.0,812,538,0.001,"\{'nu':0.5,'kernel':'rbf','gamma':'auto'\}"
COMPLETED,0.8599999999999999,259.0,1570,3765,0.001,"\{'nu':0.5,'kernel':'rbf','gamma':'auto'\}"
COMPLETED,0.9,285.0,3927,3012,0.001,"\{'nu':0.5,'kernel':'rbf','gamma':'auto'\}"
COMPLETED,0.66,563.0,207,1793,0.999,"\{'nu':0.5,'kernel':'rbf','gamma':'auto'\}"
COMPLETED,0.89,320.0,4760,2842,0.001,"\{'nu':0.5,'kernel':'rbf','gamma':'auto'\}"
COMPLETED,0.92,418.0,614,483,0.001,"\{'nu':0.5,'kernel':'rbf','gamma':'auto'\}"
COMPLETED,0.8599999999999999,252.0,1844,5000,0.001,"\{'nu':0.5,'kernel':'rbf','gamma':'auto'\}"
COMPLETED,0.69,515.0,2219,1505,0.999,"\{'nu':0.5,'kernel':'rbf','gamma':'auto'\}"
COMPLETED,0.91,347.0,2205,242,0.001,"\{'nu':0.5,'kernel':'rbf','gamma':'auto'\}"
COMPLETED,0.92,349.0,2276,273,0.3031543214887461,"\{'nu':0.5,'kernel':'rbf','gamma':'auto'\}"
COMPLETED,0.9,290.0,1850,2982,0.001,"\{'nu':0.5,'kernel':'rbf','gamma':'auto'\}"
COMPLETED,0.92,586.0,4188,376,0.999,"\{'nu':0.5,'kernel':'rbf','gamma':'auto'\}"
COMPLETED,0.92,587.0,4302,274,0.999,"\{'nu':0.5,'kernel':'rbf','gamma':'auto'\}"
COMPLETED,0.78,249.0,2832,3900,0.001,"\{'nu':0.5,'kernel':'rbf','gamma':'auto'\}"
COMPLETED,0.75,202.0,131,1881,0.001,"\{'nu':0.5,'kernel':'rbf','gamma':'auto'\}"
COMPLETED,0.78,813.0,3968,3175,0.999,"\{'nu':0.5,'kernel':'rbf','gamma':'auto'\}"
COMPLETED,0.9,359.0,3846,2154,0.001,"\{'nu':0.5,'kernel':'rbf','gamma':'auto'\}"
COMPLETED,0.7399999999999999,234.0,2436,3721,0.001,"\{'nu':0.5,'kernel':'rbf','gamma':'auto'\}"
COMPLETED,0.92,467.0,3215,705,0.2190174363536052,"\{'nu':0.5,'kernel':'rbf','gamma':'auto'\}"
COMPLETED,0.92,442.0,1604,925,0.001,"\{'nu':0.5,'kernel':'rbf','gamma':'auto'\}"
COMPLETED,0.77,245.0,659,3807,0.2509866638030766,"\{'nu':0.5,'kernel':'rbf','gamma':'auto'\}"
COMPLETED,0.93,451.0,3405,718,0.2250136949529661,"\{'nu':0.5,'kernel':'rbf','gamma':'auto'\}"
COMPLETED,0.88,326.0,3544,2876,0.3898153142719151,"\{'nu':0.5,'kernel':'rbf','gamma':'auto'\}"
COMPLETED,0.8499999999999999,251.0,4081,4806,0.001,"\{'nu':0.5,'kernel':'rbf','gamma':'auto'\}"
COMPLETED,0.76,937.0,1744,3711,0.999,"\{'nu':0.5,'kernel':'rbf','gamma':'auto'\}"
COMPLETED,0.8499999999999999,272.0,1334,3602,0.214855056979662,"\{'nu':0.5,'kernel':'rbf','gamma':'auto'\}"
COMPLETED,0.8499999999999999,250.0,1375,3538,0.001,"\{'nu':0.5,'kernel':'rbf','gamma':'auto'\}"
COMPLETED,0.7099999999999999,210.0,167,2509,0.001,"\{'nu':0.5,'kernel':'rbf','gamma':'auto'\}"
COMPLETED,0.78,229.0,2490,3355,0.1915357223358411,"\{'nu':0.5,'kernel':'rbf','gamma':'auto'\}"
COMPLETED,0.81,594.0,1623,1823,0.999,"\{'nu':0.5,'kernel':'rbf','gamma':'auto'\}"
COMPLETED,0.8499999999999999,222.0,106,471,0.001,"\{'nu':0.5,'kernel':'rbf','gamma':'auto'\}"
COMPLETED,0.67,216.0,2054,2628,0.1804546525146004,"\{'nu':0.5,'kernel':'rbf','gamma':'auto'\}"
COMPLETED,0.7199999999999999,218.0,169,2335,0.1810717527082925,"\{'nu':0.5,'kernel':'rbf','gamma':'auto'\}"
COMPLETED,0.7,217.0,162,2930,0.2326960708544055,"\{'nu':0.5,'kernel':'rbf','gamma':'auto'\}"
COMPLETED,0.89,399.0,4250,3003,0.2091035804374073,"\{'nu':0.5,'kernel':'rbf','gamma':'auto'\}"
COMPLETED,0.8,287.0,759,3259,0.3021481265046955,"\{'nu':0.5,'kernel':'rbf','gamma':'auto'\}"
COMPLETED,0.8599999999999999,326.0,3745,3893,0.001,"\{'nu':0.5,'kernel':'rbf','gamma':'auto'\}"
COMPLETED,0.79,267.0,194,1160,0.3239281035530932,"\{'nu':0.5,'kernel':'rbf','gamma':'auto'\}"
COMPLETED,0.76,230.0,269,4373,0.179690122394823,"\{'nu':0.5,'kernel':'rbf','gamma':'auto'\}"
COMPLETED,0.91,342.0,3225,1532,0.5790725792818652,"\{'nu':0.5,'kernel':'rbf','gamma':'auto'\}"
COMPLETED,0.7299999999999999,227.0,114,1769,0.239938043966677,"\{'nu':0.5,'kernel':'rbf','gamma':'auto'\}"
COMPLETED,0.82,239.0,1006,4477,0.001,"\{'nu':0.5,'kernel':'rbf','gamma':'auto'\}"
COMPLETED,0.91,440.0,3601,1759,0.3015370983972771,"\{'nu':0.5,'kernel':'rbf','gamma':'auto'\}"
COMPLETED,0.8699999999999999,276.0,1174,2830,0.2552890698115515,"\{'nu':0.5,'kernel':'rbf','gamma':'auto'\}"
COMPLETED,0.88,260.0,182,442,0.001,"\{'nu':0.5,'kernel':'rbf','gamma':'auto'\}"
COMPLETED,0.8599999999999999,255.0,1123,2931,0.001,"\{'nu':0.5,'kernel':'rbf','gamma':'auto'\}"
COMPLETED,0.76,238.0,184,2165,0.1851509188756536,"\{'nu':0.5,'kernel':'rbf','gamma':'auto'\}"
COMPLETED,0.8699999999999999,263.0,1122,2991,0.1987286098427847,"\{'nu':0.5,'kernel':'rbf','gamma':'auto'\}"
COMPLETED,0.81,301.0,2944,4521,0.4733136568447598,"\{'nu':0.5,'kernel':'rbf','gamma':'auto'\}"
COMPLETED,0.81,226.0,3089,4367,0.001,"\{'nu':0.5,'kernel':'rbf','gamma':'auto'\}"
COMPLETED,0.8699999999999999,300.0,3818,3881,0.1675598380271361,"\{'nu':0.5,'kernel':'rbf','gamma':'auto'\}"
COMPLETED,0.76,215.0,2420,3159,0.001,"\{'nu':0.5,'kernel':'rbf','gamma':'auto'\}"
COMPLETED,0.91,412.0,1076,764,0.001,"\{'nu':0.5,'kernel':'rbf','gamma':'auto'\}"
COMPLETED,0.76,207.0,2286,2599,0.001,"\{'nu':0.5,'kernel':'rbf','gamma':'auto'\}"
COMPLETED,0.83,290.0,1472,4069,0.2277204213845215,"\{'nu':0.5,'kernel':'rbf','gamma':'auto'\}"
COMPLETED,0.82,259.0,2946,3107,0.2506305343154902,"\{'nu':0.5,'kernel':'rbf','gamma':'auto'\}"
COMPLETED,0.91,440.0,3978,1464,0.001,"\{'nu':0.5,'kernel':'rbf','gamma':'auto'\}"
COMPLETED,0.8599999999999999,248.0,2948,2600,0.001,"\{'nu':0.5,'kernel':'rbf','gamma':'auto'\}"
COMPLETED,0.79,273.0,3011,4239,0.2820837069587563,"\{'nu':0.5,'kernel':'rbf','gamma':'auto'\}"
COMPLETED,0.81,222.0,1095,4857,0.001,"\{'nu':0.5,'kernel':'rbf','gamma':'auto'\}"
COMPLETED,0.89,282.0,2909,1489,0.001,"\{'nu':0.5,'kernel':'rbf','gamma':'auto'\}"
COMPLETED,0.92,338.0,502,580,0.001,"\{'nu':0.5,'kernel':'rbf','gamma':'auto'\}"
COMPLETED,0.89,353.0,1804,2568,0.2573624881571076,"\{'nu':0.5,'kernel':'rbf','gamma':'auto'\}"
COMPLETED,0.8599999999999999,279.0,4622,4647,0.2233888219059823,"\{'nu':0.5,'kernel':'rbf','gamma':'auto'\}"
COMPLETED,0.8699999999999999,306.0,1165,1984,0.2708964554689397,"\{'nu':0.5,'kernel':'rbf','gamma':'auto'\}"
COMPLETED,0.76,221.0,594,4931,0.001,"\{'nu':0.5,'kernel':'rbf','gamma':'auto'\}"
COMPLETED,0.92,474.0,1762,1100,0.001,"\{'nu':0.5,'kernel':'rbf','gamma':'auto'\}"
COMPLETED,0.67,219.0,180,4658,0.1769435477681507,"\{'nu':0.5,'kernel':'rbf','gamma':'auto'\}"
COMPLETED,0.77,235.0,2587,4354,0.001,"\{'nu':0.5,'kernel':'rbf','gamma':'auto'\}"
COMPLETED,0.76,207.0,510,5000,0.001,"\{'nu':0.5,'kernel':'rbf','gamma':'auto'\}"
COMPLETED,0.81,245.0,2476,2519,0.2041071286082587,"\{'nu':0.5,'kernel':'rbf','gamma':'auto'\}"
COMPLETED,0.88,254.0,3299,3022,0.001,"\{'nu':0.5,'kernel':'rbf','gamma':'auto'\}"
COMPLETED,0.69,244.0,2354,3896,0.2467234538823847,"\{'nu':0.5,'kernel':'rbf','gamma':'auto'\}"
COMPLETED,0.91,373.0,2690,729,0.001,"\{'nu':0.5,'kernel':'rbf','gamma':'auto'\}"
COMPLETED,0.8599999999999999,238.0,3016,3032,0.001,"\{'nu':0.5,'kernel':'rbf','gamma':'auto'\}"
COMPLETED,0.88,304.0,1072,1894,0.2065168873701061,"\{'nu':0.5,'kernel':'rbf','gamma':'auto'\}"
COMPLETED,0.7399999999999999,233.0,2254,2317,0.1618075947465484,"\{'nu':0.5,'kernel':'rbf','gamma':'auto'\}"
COMPLETED,0.9,339.0,1805,2181,0.0676647710344955,"\{'nu':0.5,'kernel':'rbf','gamma':'auto'\}"
COMPLETED,0.88,324.0,4693,3298,0.2674278062614731,"\{'nu':0.5,'kernel':'rbf','gamma':'auto'\}"
COMPLETED,0.91,363.0,2628,701,0.2709842391052125,"\{'nu':0.5,'kernel':'rbf','gamma':'auto'\}"
COMPLETED,0.76,214.0,2363,2915,0.001,"\{'nu':0.5,'kernel':'rbf','gamma':'auto'\}"
COMPLETED,0.8499999999999999,233.0,2335,1388,0.1139024688304736,"\{'nu':0.5,'kernel':'rbf','gamma':'auto'\}"
COMPLETED,0.8499999999999999,253.0,1200,3248,0.001,"\{'nu':0.5,'kernel':'rbf','gamma':'auto'\}"
COMPLETED,0.82,276.0,3359,5000,0.3088470322867722,"\{'nu':0.5,'kernel':'rbf','gamma':'auto'\}"
COMPLETED,0.79,220.0,446,2367,0.001,"\{'nu':0.5,'kernel':'rbf','gamma':'auto'\}"
COMPLETED,0.91,397.0,4540,1859,0.3084394357698658,"\{'nu':0.5,'kernel':'rbf','gamma':'auto'\}"
COMPLETED,0.8,539.0,3505,1398,0.999,"\{'nu':0.5,'kernel':'rbf','gamma':'auto'\}"
COMPLETED,0.82,257.0,2302,1212,0.4479318266400693,"\{'nu':0.5,'kernel':'rbf','gamma':'auto'\}"
COMPLETED,0.83,278.0,1461,5000,0.1985766446352347,"\{'nu':0.5,'kernel':'rbf','gamma':'auto'\}"
COMPLETED,0.8699999999999999,272.0,1075,2380,0.001,"\{'nu':0.5,'kernel':'rbf','gamma':'auto'\}"
COMPLETED,0.91,391.0,827,739,0.3175781310019156,"\{'nu':0.5,'kernel':'rbf','gamma':'auto'\}"
COMPLETED,0.8599999999999999,262.0,2550,1373,0.001,"\{'nu':0.5,'kernel':'rbf','gamma':'auto'\}"
COMPLETED,0.8399999999999999,287.0,2519,1529,0.2772116928377175,"\{'nu':0.5,'kernel':'rbf','gamma':'auto'\}"
COMPLETED,0.8,248.0,675,4417,0.1799096659158913,"\{'nu':0.5,'kernel':'rbf','gamma':'auto'\}"
COMPLETED,0.68,201.0,165,3976,0.001,"\{'nu':0.5,'kernel':'rbf','gamma':'auto'\}"
COMPLETED,0.8699999999999999,286.0,4705,3811,0.001,"\{'nu':0.5,'kernel':'rbf','gamma':'auto'\}"
COMPLETED,0.8599999999999999,337.0,3228,2800,0.2327842927673905,"\{'nu':0.5,'kernel':'rbf','gamma':'auto'\}"
COMPLETED,0.8599999999999999,313.0,494,1225,0.001,"\{'nu':0.5,'kernel':'rbf','gamma':'auto'\}"
COMPLETED,0.9,341.0,2269,420,0.277321300928066,"\{'nu':0.5,'kernel':'rbf','gamma':'auto'\}"
COMPLETED,0.8699999999999999,288.0,3163,2170,0.001,"\{'nu':0.5,'kernel':'rbf','gamma':'auto'\}"
COMPLETED,0.83,241.0,3238,4150,0.001,"\{'nu':0.5,'kernel':'rbf','gamma':'auto'\}"
COMPLETED,0.8599999999999999,318.0,4851,4429,0.2237844411360391,"\{'nu':0.5,'kernel':'rbf','gamma':'auto'\}"
COMPLETED,0.76,211.0,2531,4643,0.001,"\{'nu':0.5,'kernel':'rbf','gamma':'auto'\}"
COMPLETED,0.8599999999999999,298.0,4635,4171,0.2333786784142198,"\{'nu':0.5,'kernel':'rbf','gamma':'auto'\}"
COMPLETED,0.7099999999999999,461.0,261,2785,0.8579378896799346,"\{'nu':0.5,'kernel':'rbf','gamma':'auto'\}"
COMPLETED,0.7,200.0,2380,4889,0.001,"\{'nu':0.5,'kernel':'rbf','gamma':'auto'\}"
COMPLETED,0.76,1192.0,5000,4183,0.999,"\{'nu':0.5,'kernel':'rbf','gamma':'auto'\}"
COMPLETED,0.79,257.0,2918,5000,0.1848260205830985,"\{'nu':0.5,'kernel':'rbf','gamma':'auto'\}"
COMPLETED,0.75,1128.0,5000,4639,0.999,"\{'nu':0.5,'kernel':'rbf','gamma':'auto'\}"
COMPLETED,0.7199999999999999,198.0,175,3594,0.001,"\{'nu':0.5,'kernel':'rbf','gamma':'auto'\}"
COMPLETED,0.8599999999999999,313.0,4665,3959,0.1527255637329488,"\{'nu':0.5,'kernel':'rbf','gamma':'auto'\}"
COMPLETED,0.8499999999999999,301.0,3783,4485,0.196175960351712,"\{'nu':0.5,'kernel':'rbf','gamma':'auto'\}"
COMPLETED,0.8699999999999999,260.0,1852,3775,0.001,"\{'nu':0.5,'kernel':'rbf','gamma':'auto'\}"
COMPLETED,0.82,620.0,4341,3645,0.8532722214643815,"\{'nu':0.5,'kernel':'rbf','gamma':'auto'\}"
COMPLETED,0.8499999999999999,285.0,4878,4824,0.001,"\{'nu':0.5,'kernel':'rbf','gamma':'auto'\}"
COMPLETED,0.7099999999999999,199.0,73,1473,0.001,"\{'nu':0.5,'kernel':'rbf','gamma':'auto'\}"
COMPLETED,0.82,257.0,2898,3412,0.217435706496009,"\{'nu':0.5,'kernel':'rbf','gamma':'auto'\}"
COMPLETED,0.8599999999999999,314.0,4643,5000,0.3059446739029635,"\{'nu':0.5,'kernel':'rbf','gamma':'auto'\}"
COMPLETED,0.77,217.0,25,475,0.6661621532981225,"\{'nu':0.5,'kernel':'rbf','gamma':'auto'\}"
COMPLETED,0.91,459.0,4609,1313,0.001,"\{'nu':0.5,'kernel':'rbf','gamma':'auto'\}"
COMPLETED,0.91,354.0,3300,1462,0.2515216300859844,"\{'nu':0.5,'kernel':'rbf','gamma':'auto'\}"
COMPLETED,0.7099999999999999,198.0,141,2751,0.001,"\{'nu':0.5,'kernel':'rbf','gamma':'auto'\}"
COMPLETED,0.8399999999999999,316.0,4582,4783,0.430384700548667,"\{'nu':0.5,'kernel':'rbf','gamma':'auto'\}"
COMPLETED,0.88,259.0,3395,3625,0.0996121434856803,"\{'nu':0.5,'kernel':'rbf','gamma':'auto'\}"
COMPLETED,0.93,464.0,4243,997,0.3072571627949123,"\{'nu':0.5,'kernel':'rbf','gamma':'auto'\}"
COMPLETED,0.8,289.0,936,3793,0.2813544747270921,"\{'nu':0.5,'kernel':'rbf','gamma':'auto'\}"
COMPLETED,0.9,425.0,4546,1970,0.001,"\{'nu':0.5,'kernel':'rbf','gamma':'auto'\}"
COMPLETED,0.9,488.0,4853,533,0.999,"\{'nu':0.5,'kernel':'rbf','gamma':'auto'\}"
COMPLETED,0.91,488.0,4161,1587,0.4912750880339307,"\{'nu':0.5,'kernel':'rbf','gamma':'auto'\}"
COMPLETED,0.8399999999999999,356.0,1134,3558,0.294701604604721,"\{'nu':0.5,'kernel':'rbf','gamma':'auto'\}"
COMPLETED,0.8599999999999999,727.0,4634,2459,0.9012588702980427,"\{'nu':0.5,'kernel':'rbf','gamma':'auto'\}"
COMPLETED,0.81,363.0,2684,4416,0.1883440644107758,"\{'nu':0.5,'kernel':'rbf','gamma':'auto'\}"
COMPLETED,0.8399999999999999,942.0,1985,3856,0.8645360804349183,"\{'nu':0.5,'kernel':'rbf','gamma':'auto'\}"
COMPLETED,0.92,1448.0,3489,287,0.4384948843363672,"\{'nu':0.5,'kernel':'rbf','gamma':'auto'\}"
COMPLETED,0.9,569.0,4195,2840,0.6514739750288426,"\{'nu':0.5,'kernel':'rbf','gamma':'auto'\}"
COMPLETED,0.69,277.0,39,1770,0.0453737526666373,"\{'nu':0.5,'kernel':'rbf','gamma':'auto'\}"
COMPLETED,0.7399999999999999,668.0,451,4822,0.7463818273805081,"\{'nu':0.5,'kernel':'rbf','gamma':'auto'\}"
COMPLETED,0.8399999999999999,591.0,3213,3183,0.7667348565012216,"\{'nu':0.5,'kernel':'rbf','gamma':'auto'\}"
COMPLETED,0.78,268.0,2252,2055,0.4135153141263872,"\{'nu':0.5,'kernel':'rbf','gamma':'auto'\}"
COMPLETED,0.9,341.0,1421,2610,0.1643647417984902,"\{'nu':0.5,'kernel':'rbf','gamma':'auto'\}"
COMPLETED,0.9,519.0,3116,1531,0.5170057976078241,"\{'nu':0.5,'kernel':'rbf','gamma':'auto'\}"
COMPLETED,0.8599999999999999,338.0,4919,4095,0.3235844380706548,"\{'nu':0.5,'kernel':'rbf','gamma':'auto'\}"
COMPLETED,0.8399999999999999,554.0,878,516,0.995166356081143,"\{'nu':0.5,'kernel':'rbf','gamma':'auto'\}"
COMPLETED,0.77,240.0,689,4359,0.1133799572177231,"\{'nu':0.5,'kernel':'rbf','gamma':'auto'\}"
COMPLETED,0.92,1008.0,4775,409,0.6926178042497486,"\{'nu':0.5,'kernel':'rbf','gamma':'auto'\}"
COMPLETED,0.8399999999999999,287.0,2815,2718,0.4046601755693554,"\{'nu':0.5,'kernel':'rbf','gamma':'auto'\}"
COMPLETED,0.75,341.0,2439,3368,0.5390943022258579,"\{'nu':0.5,'kernel':'rbf','gamma':'auto'\}"
COMPLETED,0.88,404.0,3357,2025,0.155905094018206,"\{'nu':0.5,'kernel':'rbf','gamma':'auto'\}"
COMPLETED,0.8,1128.0,4054,4851,0.9419824628010393,"\{'nu':0.5,'kernel':'rbf','gamma':'auto'\}"
COMPLETED,0.88,377.0,483,1008,0.3631404857654124,"\{'nu':0.5,'kernel':'rbf','gamma':'auto'\}"
COMPLETED,0.6999999999999998,722.0,280,3122,0.908210469342768,"\{'nu':0.5,'kernel':'rbf','gamma':'auto'\}"
COMPLETED,0.8399999999999999,562.0,3696,3983,0.5777088860161602,"\{'nu':0.5,'kernel':'rbf','gamma':'auto'\}"
COMPLETED,0.8499999999999999,343.0,1601,4622,0.4937041321471333,"\{'nu':0.5,'kernel':'rbf','gamma':'auto'\}"
COMPLETED,0.88,545.0,2633,769,0.8268835722524672,"\{'nu':0.5,'kernel':'rbf','gamma':'auto'\}"
COMPLETED,0.8699999999999999,327.0,4426,3607,0.0213817159719765,"\{'nu':0.5,'kernel':'rbf','gamma':'auto'\}"
COMPLETED,0.8499999999999999,418.0,1049,2255,0.6579082608427851,"\{'nu':0.5,'kernel':'rbf','gamma':'auto'\}"
COMPLETED,0.81,479.0,998,4481,0.7573948837611824,"\{'nu':0.5,'kernel':'rbf','gamma':'auto'\}"
COMPLETED,0.78,447.0,2510,3464,0.7236513819675892,"\{'nu':0.5,'kernel':'rbf','gamma':'auto'\}"
COMPLETED,0.89,360.0,1705,2395,0.0824648596160113,"\{'nu':0.5,'kernel':'rbf','gamma':'auto'\}"
COMPLETED,0.6999999999999998,285.0,2124,2934,0.3316805684957653,"\{'nu':0.5,'kernel':'rbf','gamma':'auto'\}"
COMPLETED,0.8399999999999999,398.0,3355,4427,0.6428871304808554,"\{'nu':0.5,'kernel':'rbf','gamma':'auto'\}"
COMPLETED,0.8,356.0,918,4282,0.4832457615945491,"\{'nu':0.5,'kernel':'rbf','gamma':'auto'\}"
COMPLETED,0.7299999999999999,258.0,246,3684,0.3479864839693244,"\{'nu':0.5,'kernel':'rbf','gamma':'auto'\}"
COMPLETED,0.8499999999999999,279.0,3728,4868,0.2199855431695868,"\{'nu':0.5,'kernel':'rbf','gamma':'auto'\}"
COMPLETED,0.79,531.0,622,645,0.999,"\{'nu':0.5,'kernel':'rbf','gamma':'auto'\}"
COMPLETED,0.82,330.0,1077,4832,0.3935645936460254,"\{'nu':0.5,'kernel':'rbf','gamma':'auto'\}"
COMPLETED,0.75,268.0,2511,3535,0.2336336766357269,"\{'nu':0.5,'kernel':'rbf','gamma':'auto'\}"
COMPLETED,0.8499999999999999,342.0,2685,2165,0.2131530617678984,"\{'nu':0.5,'kernel':'rbf','gamma':'auto'\}"
COMPLETED,0.66,285.0,162,4593,0.3007205381752269,"\{'nu':0.5,'kernel':'rbf','gamma':'auto'\}"
COMPLETED,0.67,1240.0,2608,4472,0.999,"\{'nu':0.5,'kernel':'rbf','gamma':'auto'\}"
COMPLETED,0.88,478.0,5000,3617,0.6928626862294465,"\{'nu':0.5,'kernel':'rbf','gamma':'auto'\}"
COMPLETED,0.8599999999999999,437.0,2467,283,0.999,"\{'nu':0.5,'kernel':'rbf','gamma':'auto'\}"
COMPLETED,0.82,407.0,3380,4661,0.3669113779955666,"\{'nu':0.5,'kernel':'rbf','gamma':'auto'\}"
COMPLETED,0.75,249.0,2534,4884,0.1676113023997014,"\{'nu':0.5,'kernel':'rbf','gamma':'auto'\}"
COMPLETED,0.8499999999999999,357.0,1906,4260,0.4145313200264776,"\{'nu':0.5,'kernel':'rbf','gamma':'auto'\}"
COMPLETED,0.8299999999999998,348.0,3407,4238,0.2812275977492808,"\{'nu':0.5,'kernel':'rbf','gamma':'auto'\}"
COMPLETED,0.81,302.0,2895,4116,0.4719419765214747,"\{'nu':0.5,'kernel':'rbf','gamma':'auto'\}"
COMPLETED,0.7199999999999999,303.0,196,2861,0.4292361424315135,"\{'nu':0.5,'kernel':'rbf','gamma':'auto'\}"
COMPLETED,0.82,407.0,845,2754,0.610972984650659,"\{'nu':0.5,'kernel':'rbf','gamma':'auto'\}"
COMPLETED,0.82,256.0,1100,3908,0.001,"\{'nu':0.5,'kernel':'rbf','gamma':'auto'\}"
COMPLETED,0.8699999999999999,548.0,1515,2897,0.5665420923749799,"\{'nu':0.5,'kernel':'rbf','gamma':'auto'\}"
COMPLETED,0.81,281.0,2327,1535,0.001,"\{'nu':0.5,'kernel':'rbf','gamma':'auto'\}"
COMPLETED,0.89,562.0,5000,3125,0.3829134063253126,"\{'nu':0.5,'kernel':'rbf','gamma':'auto'\}"
COMPLETED,0.8399999999999999,236.0,526,1783,0.001,"\{'nu':0.5,'kernel':'rbf','gamma':'auto'\}"
COMPLETED,0.8499999999999999,303.0,2361,1132,0.2932670269442484,"\{'nu':0.5,'kernel':'rbf','gamma':'auto'\}"
COMPLETED,0.88,487.0,5000,2150,0.7985567448826149,"\{'nu':0.5,'kernel':'rbf','gamma':'auto'\}"
COMPLETED,0.8699999999999999,325.0,1917,3419,0.2404131724525485,"\{'nu':0.5,'kernel':'rbf','gamma':'auto'\}"
COMPLETED,0.8699999999999999,365.0,5000,3772,0.3292226670957691,"\{'nu':0.5,'kernel':'rbf','gamma':'auto'\}"
COMPLETED,0.82,245.0,684,2914,0.001,"\{'nu':0.5,'kernel':'rbf','gamma':'auto'\}"
COMPLETED,0.89,590.0,4256,2685,0.2337269629533836,"\{'nu':0.5,'kernel':'rbf','gamma':'auto'\}"
COMPLETED,0.8599999999999999,276.0,733,2303,0.2748743114422035,"\{'nu':0.5,'kernel':'rbf','gamma':'auto'\}"
COMPLETED,0.8599999999999999,341.0,4321,4832,0.001,"\{'nu':0.5,'kernel':'rbf','gamma':'auto'\}"
COMPLETED,0.8599999999999999,365.0,3551,3734,0.269438551124676,"\{'nu':0.5,'kernel':'rbf','gamma':'auto'\}"
COMPLETED,0.9,455.0,5000,2349,0.280692805037239,"\{'nu':0.5,'kernel':'rbf','gamma':'auto'\}"
COMPLETED,0.79,268.0,844,4539,0.3200223674483835,"\{'nu':0.5,'kernel':'rbf','gamma':'auto'\}"
COMPLETED,0.9,379.0,4675,3211,0.001,"\{'nu':0.5,'kernel':'rbf','gamma':'auto'\}"
COMPLETED,0.8499999999999999,288.0,1887,4553,0.001,"\{'nu':0.5,'kernel':'rbf','gamma':'auto'\}"
COMPLETED,0.8499999999999999,319.0,3955,5000,0.1507749946221559,"\{'nu':0.5,'kernel':'rbf','gamma':'auto'\}"
COMPLETED,0.8599999999999999,284.0,1909,4853,0.001,"\{'nu':0.5,'kernel':'rbf','gamma':'auto'\}"
COMPLETED,0.7299999999999999,208.0,244,2307,0.001,"\{'nu':0.5,'kernel':'rbf','gamma':'auto'\}"
COMPLETED,0.8399999999999999,267.0,686,2052,0.001,"\{'nu':0.5,'kernel':'rbf','gamma':'auto'\}"
COMPLETED,0.8699999999999999,261.0,2711,1743,0.001,"\{'nu':0.5,'kernel':'rbf','gamma':'auto'\}"
COMPLETED,0.77,209.0,94,1253,0.001,"\{'nu':0.5,'kernel':'rbf','gamma':'auto'\}"
COMPLETED,0.89,501.0,4077,3262,0.3088426455750513,"\{'nu':0.5,'kernel':'rbf','gamma':'auto'\}"
COMPLETED,0.8299999999999998,265.0,434,1562,0.001,"\{'nu':0.5,'kernel':'rbf','gamma':'auto'\}"
COMPLETED,0.8599999999999999,333.0,4984,4575,0.3419329529455442,"\{'nu':0.5,'kernel':'rbf','gamma':'auto'\}"
COMPLETED,0.8399999999999999,535.0,3263,698,0.999,"\{'nu':0.5,'kernel':'rbf','gamma':'auto'\}"
COMPLETED,0.8,258.0,740,5000,0.2589458335152031,"\{'nu':0.5,'kernel':'rbf','gamma':'auto'\}"
COMPLETED,0.8299999999999998,337.0,3082,3434,0.4098309734992963,"\{'nu':0.5,'kernel':'rbf','gamma':'auto'\}"
COMPLETED,0.81,264.0,438,2586,0.001,"\{'nu':0.5,'kernel':'rbf','gamma':'auto'\}"
COMPLETED,0.8699999999999999,323.0,764,1595,0.2803074640061473,"\{'nu':0.5,'kernel':'rbf','gamma':'auto'\}"
COMPLETED,0.8,291.0,2474,2783,0.1575044629828871,"\{'nu':0.5,'kernel':'rbf','gamma':'auto'\}"
COMPLETED,0.79,255.0,2273,1520,0.5155730187844078,"\{'nu':0.5,'kernel':'rbf','gamma':'auto'\}"
COMPLETED,0.79,266.0,114,910,0.001,"\{'nu':0.5,'kernel':'rbf','gamma':'auto'\}"
COMPLETED,0.8699999999999999,394.0,4745,3597,0.3977416193995522,"\{'nu':0.5,'kernel':'rbf','gamma':'auto'\}"
COMPLETED,0.6999999999999998,992.0,783,3715,0.999,"\{'nu':0.5,'kernel':'rbf','gamma':'auto'\}"
COMPLETED,0.8599999999999999,359.0,4185,4163,0.2678595254134374,"\{'nu':0.5,'kernel':'rbf','gamma':'auto'\}"
COMPLETED,0.81,270.0,2349,1750,0.346339062964069,"\{'nu':0.5,'kernel':'rbf','gamma':'auto'\}"
COMPLETED,0.81,266.0,101,571,0.7336939180484963,"\{'nu':0.5,'kernel':'rbf','gamma':'auto'\}"
COMPLETED,0.8399999999999999,372.0,2466,1623,0.6753979653298597,"\{'nu':0.5,'kernel':'rbf','gamma':'auto'\}"
COMPLETED,0.89,424.0,3763,2386,0.5737440806461794,"\{'nu':0.5,'kernel':'rbf','gamma':'auto'\}"
COMPLETED,0.75,316.0,401,4329,0.4539132833502841,"\{'nu':0.5,'kernel':'rbf','gamma':'auto'\}"
COMPLETED,0.8,303.0,2204,1168,0.6977783774169223,"\{'nu':0.5,'kernel':'rbf','gamma':'auto'\}"
COMPLETED,0.65,489.0,146,1259,0.999,"\{'nu':0.5,'kernel':'rbf','gamma':'auto'\}"
COMPLETED,0.76,255.0,171,1668,0.4516996599511233,"\{'nu':0.5,'kernel':'rbf','gamma':'auto'\}"
COMPLETED,0.8699999999999999,381.0,3227,2501,0.5833153491920661,"\{'nu':0.5,'kernel':'rbf','gamma':'auto'\}"
COMPLETED,0.78,241.0,459,3321,0.001,"\{'nu':0.5,'kernel':'rbf','gamma':'auto'\}"
COMPLETED,0.8599999999999999,522.0,4040,1207,0.999,"\{'nu':0.5,'kernel':'rbf','gamma':'auto'\}"
COMPLETED,0.7299999999999999,311.0,257,4003,0.2812194008571988,"\{'nu':0.5,'kernel':'rbf','gamma':'auto'\}"
COMPLETED,0.69,261.0,197,3385,0.2995606551621549,"\{'nu':0.5,'kernel':'rbf','gamma':'auto'\}"
COMPLETED,0.8,256.0,2482,2406,0.001,"\{'nu':0.5,'kernel':'rbf','gamma':'auto'\}"
COMPLETED,0.79,284.0,2418,2635,0.5021066479146082,"\{'nu':0.5,'kernel':'rbf','gamma':'auto'\}"
COMPLETED,0.88,335.0,3302,2675,0.001,"\{'nu':0.5,'kernel':'rbf','gamma':'auto'\}"
COMPLETED,0.8699999999999999,276.0,1925,4202,0.001,"\{'nu':0.5,'kernel':'rbf','gamma':'auto'\}"
COMPLETED,0.79,232.0,801,3996,0.001,"\{'nu':0.5,'kernel':'rbf','gamma':'auto'\}"
COMPLETED,0.8299999999999998,332.0,1466,3877,0.3479382314682918,"\{'nu':0.5,'kernel':'rbf','gamma':'auto'\}"
COMPLETED,0.76,266.0,2670,4880,0.001,"\{'nu':0.5,'kernel':'rbf','gamma':'auto'\}"
COMPLETED,0.81,324.0,2767,3267,0.001,"\{'nu':0.5,'kernel':'rbf','gamma':'auto'\}"
COMPLETED,0.8,222.0,61,506,0.001,"\{'nu':0.5,'kernel':'rbf','gamma':'auto'\}"
COMPLETED,0.9,374.0,1906,2499,0.5290505731725604,"\{'nu':0.5,'kernel':'rbf','gamma':'auto'\}"
COMPLETED,0.77,307.0,2657,4224,0.4529787971556436,"\{'nu':0.5,'kernel':'rbf','gamma':'auto'\}"
COMPLETED,0.7099999999999999,259.0,175,3000,0.001,"\{'nu':0.5,'kernel':'rbf','gamma':'auto'\}"
COMPLETED,0.89,477.0,1902,3285,0.001,"\{'nu':0.5,'kernel':'rbf','gamma':'auto'\}"
COMPLETED,0.78,259.0,74,762,0.4024393591250599,"\{'nu':0.5,'kernel':'rbf','gamma':'auto'\}"
COMPLETED,0.8499999999999999,277.0,130,460,0.2055771836703483,"\{'nu':0.5,'kernel':'rbf','gamma':'auto'\}"
COMPLETED,0.77,298.0,2635,3744,0.08489666717147,"\{'nu':0.5,'kernel':'rbf','gamma':'auto'\}"
COMPLETED,0.9,353.0,1873,2809,0.001,"\{'nu':0.5,'kernel':'rbf','gamma':'auto'\}"
COMPLETED,0.88,411.0,1850,3352,0.5406761662884652,"\{'nu':0.5,'kernel':'rbf','gamma':'auto'\}"
COMPLETED,0.76,320.0,107,1223,0.384410398089155,"\{'nu':0.5,'kernel':'rbf','gamma':'auto'\}"
COMPLETED,0.8299999999999998,396.0,3512,5000,0.5877964019285654,"\{'nu':0.5,'kernel':'rbf','gamma':'auto'\}"
