Status,ACCURACY,RUNTIME,REQLABELS,recent_samples_size,n_samples,threshold,outlier_detector_kwargs
COMPLETED,0.8399999999999999,289.0,0.2899999999999999,890,3018,0.4357401742339134,"\{'nu':0.5,'kernel':'rbf','gamma':'auto'\}"
COMPLETED,0.91,1837.0,1.0,4153,232,0.6217775044236332,"\{'nu':0.5,'kernel':'rbf','gamma':'auto'\}"
COMPLETED,0.8499999999999999,276.0,0.9,3498,3838,0.1857313479017466,"\{'nu':0.5,'kernel':'rbf','gamma':'auto'\}"
COMPLETED,0.8699999999999999,475.0,0.5799999999999998,1446,1678,0.8736736995242536,"\{'nu':0.5,'kernel':'rbf','gamma':'auto'\}"
COMPLETED,0.7,314.0,0.4899999999999999,2240,4503,0.6349924764726311,"\{'nu':0.5,'kernel':'rbf','gamma':'auto'\}"
COMPLETED,0.8399999999999999,266.0,1.0,2730,2327,0.3210440010130405,"\{'nu':0.5,'kernel':'rbf','gamma':'auto'\}"
COMPLETED,0.83,631.0,0.77,4615,3604,0.8831196743808686,"\{'nu':0.5,'kernel':'rbf','gamma':'auto'\}"
COMPLETED,0.89,320.0,0.51,413,804,0.0750478242170065,"\{'nu':0.5,'kernel':'rbf','gamma':'auto'\}"
COMPLETED,0.65,1080.0,0.0299999999999999,297,4355,0.9628318281713872,"\{'nu':0.5,'kernel':'rbf','gamma':'auto'\}"
COMPLETED,0.92,418.0,1.0,4809,1550,0.0243921641856431,"\{'nu':0.5,'kernel':'rbf','gamma':'auto'\}"
COMPLETED,0.8399999999999999,352.0,0.95,2846,2520,0.7119473520629108,"\{'nu':0.5,'kernel':'rbf','gamma':'auto'\}"
COMPLETED,0.79,223.0,1.0,2045,339,0.2774076316636055,"\{'nu':0.5,'kernel':'rbf','gamma':'auto'\}"
COMPLETED,0.8699999999999999,325.0,0.4899999999999999,1565,3165,0.2333879809230565,"\{'nu':0.5,'kernel':'rbf','gamma':'auto'\}"
COMPLETED,0.89,464.0,0.99,3302,1009,0.7929422126058489,"\{'nu':0.5,'kernel':'rbf','gamma':'auto'\}"
COMPLETED,0.8399999999999999,396.0,0.81,4035,4923,0.4823755705934018,"\{'nu':0.5,'kernel':'rbf','gamma':'auto'\}"
COMPLETED,0.8699999999999999,363.0,0.5,1086,2142,0.5458419619612395,"\{'nu':0.5,'kernel':'rbf','gamma':'auto'\}"
COMPLETED,0.83,253.0,0.26,1246,4716,0.0518851046506315,"\{'nu':0.5,'kernel':'rbf','gamma':'auto'\}"
COMPLETED,0.83,607.0,0.7199999999999999,3884,1891,0.9900692359358072,"\{'nu':0.5,'kernel':'rbf','gamma':'auto'\}"
COMPLETED,0.8499999999999999,343.0,0.91,3151,3427,0.3047673154585063,"\{'nu':0.5,'kernel':'rbf','gamma':'auto'\}"
COMPLETED,0.91,562.0,0.93,1725,1227,0.7390743641536683,"\{'nu':0.5,'kernel':'rbf','gamma':'auto'\}"
COMPLETED,0.89,475.0,0.6099999999999999,1894,2765,0.7501376318186521,"\{'nu':0.5,'kernel':'rbf','gamma':'auto'\}"
COMPLETED,0.93,415.0,1.0,3007,551,0.1903355075959116,"\{'nu':0.5,'kernel':'rbf','gamma':'auto'\}"
COMPLETED,0.8399999999999999,334.0,1.0,4970,4132,0.503155409572646,"\{'nu':0.5,'kernel':'rbf','gamma':'auto'\}"
COMPLETED,0.78,225.0,0.11,146,1293,0.4394487212114036,"\{'nu':0.5,'kernel':'rbf','gamma':'auto'\}"
COMPLETED,0.77,290.0,0.16,576,3554,0.5787249883413313,"\{'nu':0.5,'kernel':'rbf','gamma':'auto'\}"
COMPLETED,0.92,548.0,1.0,4461,710,0.3929356362018734,"\{'nu':0.5,'kernel':'rbf','gamma':'auto'\}"
COMPLETED,0.7299999999999999,576.0,0.44,2576,4609,0.8307468259762972,"\{'nu':0.5,'kernel':'rbf','gamma':'auto'\}"
COMPLETED,0.78,226.0,1.0,2403,2390,0.1430448196791112,"\{'nu':0.5,'kernel':'rbf','gamma':'auto'\}"
COMPLETED,0.83,317.0,0.33,1296,3927,0.3482813920471817,"\{'nu':0.5,'kernel':'rbf','gamma':'auto'\}"
COMPLETED,0.91,395.0,1.0,3658,1732,0.6624854336678981,"\{'nu':0.5,'kernel':'rbf','gamma':'auto'\}"
COMPLETED,0.89,362.0,1.0,4312,2951,0.1021748009882867,"\{'nu':0.5,'kernel':'rbf','gamma':'auto'\}"
COMPLETED,0.92,941.0,1.0,740,131,0.9104793934952468,"\{'nu':0.5,'kernel':'rbf','gamma':'auto'\}"
COMPLETED,0.77,442.0,0.16,655,3801,0.700234034065157,"\{'nu':0.5,'kernel':'rbf','gamma':'auto'\}"
COMPLETED,0.91,449.0,1.0,4231,1626,0.2656694115754216,"\{'nu':0.5,'kernel':'rbf','gamma':'auto'\}"
COMPLETED,0.8,756.0,0.6199999999999999,3733,3059,0.9511565734166652,"\{'nu':0.5,'kernel':'rbf','gamma':'auto'\}"
COMPLETED,0.92,1387.0,1.0,1368,258,0.0127377070263028,"\{'nu':0.5,'kernel':'rbf','gamma':'auto'\}"
COMPLETED,0.75,321.0,0.66,2474,3720,0.4940376418884843,"\{'nu':0.5,'kernel':'rbf','gamma':'auto'\}"
COMPLETED,0.89,451.0,1.0,2652,934,0.5575096025802195,"\{'nu':0.5,'kernel':'rbf','gamma':'auto'\}"
COMPLETED,0.8499999999999999,354.0,0.99,4380,4384,0.2451185868754982,"\{'nu':0.5,'kernel':'rbf','gamma':'auto'\}"
COMPLETED,0.79,498.0,0.17,492,2223,0.8046631447393447,"\{'nu':0.5,'kernel':'rbf','gamma':'auto'\}"
COMPLETED,0.67,257.0,0.02,63,2619,0.1661964015271514,"\{'nu':0.5,'kernel':'rbf','gamma':'auto'\}"
COMPLETED,0.92,1011.0,1.0,4887,463,0.8541633578129113,"\{'nu':0.5,'kernel':'rbf','gamma':'auto'\}"
COMPLETED,0.83,376.0,0.7199999999999999,3080,4221,0.4162889907881617,"\{'nu':0.5,'kernel':'rbf','gamma':'auto'\}"
COMPLETED,0.91,535.0,0.99,1967,1440,0.6023052259553224,"\{'nu':0.5,'kernel':'rbf','gamma':'auto'\}"
COMPLETED,0.81,886.0,0.23,1799,4902,0.9025843387134372,"\{'nu':0.5,'kernel':'rbf','gamma':'auto'\}"
COMPLETED,0.89,306.0,1.0,3224,2096,0.0945066217985004,"\{'nu':0.5,'kernel':'rbf','gamma':'auto'\}"
COMPLETED,0.88,447.0,0.99,3800,3222,0.6545104323197156,"\{'nu':0.5,'kernel':'rbf','gamma':'auto'\}"
COMPLETED,0.91,497.0,1.0,1164,1042,0.3405713332518935,"\{'nu':0.5,'kernel':'rbf','gamma':'auto'\}"
COMPLETED,0.8,501.0,0.25,1012,3313,0.8190257674362509,"\{'nu':0.5,'kernel':'rbf','gamma':'auto'\}"
COMPLETED,0.92,464.0,1.0,3962,1099,0.1313143401332199,"\{'nu':0.5,'kernel':'rbf','gamma':'auto'\}"
COMPLETED,0.82,375.0,0.69,3386,4836,0.5670572361871599,"\{'nu':0.5,'kernel':'rbf','gamma':'auto'\}"
COMPLETED,0.89,414.0,0.82,1647,1997,0.3812736764419824,"\{'nu':0.5,'kernel':'rbf','gamma':'auto'\}"
COMPLETED,0.7,220.0,0.51,2128,4168,0.1138291466124355,"\{'nu':0.5,'kernel':'rbf','gamma':'auto'\}"
COMPLETED,0.8399999999999999,461.0,0.83,2929,1344,0.9221547597851604,"\{'nu':0.5,'kernel':'rbf','gamma':'auto'\}"
COMPLETED,0.89,424.0,1.0,4736,2723,0.3600194857288152,"\{'nu':0.5,'kernel':'rbf','gamma':'auto'\}"
COMPLETED,0.8699999999999999,313.0,0.41,224,523,0.6741988780722022,"\{'nu':0.5,'kernel':'rbf','gamma':'auto'\}"
COMPLETED,0.7399999999999999,288.0,0.07,342,4632,0.2852398716844618,"\{'nu':0.5,'kernel':'rbf','gamma':'auto'\}"
COMPLETED,0.9,475.0,0.99,4539,2437,0.7195565198417752,"\{'nu':0.5,'kernel':'rbf','gamma':'auto'\}"
COMPLETED,0.79,279.0,0.8,2811,3499,0.0324261806625872,"\{'nu':0.5,'kernel':'rbf','gamma':'auto'\}"
COMPLETED,0.8,400.0,0.8699999999999999,2325,679,0.9706046980097888,"\{'nu':0.5,'kernel':'rbf','gamma':'auto'\}"
COMPLETED,0.8699999999999999,330.0,0.53,1531,2850,0.5226275616344064,"\{'nu':0.5,'kernel':'rbf','gamma':'auto'\}"
RUNNING,,,,3580,6,0.4589000310637056,"\{'nu':0.5,'kernel':'rbf','gamma':'auto'\}"
COMPLETED,0.8499999999999999,483.0,0.8699999999999999,4078,4061,0.769647861994803,"\{'nu':0.5,'kernel':'rbf','gamma':'auto'\}"
COMPLETED,0.8699999999999999,277.0,0.44,818,1842,0.2098705655056983,"\{'nu':0.5,'kernel':'rbf','gamma':'auto'\}"
COMPLETED,0.78,636.0,0.16,853,4428,0.7883410541377962,"\{'nu':0.5,'kernel':'rbf','gamma':'auto'\}"
COMPLETED,0.9,344.0,1.0,4116,2247,0.224404569460079,"\{'nu':0.5,'kernel':'rbf','gamma':'auto'\}"
COMPLETED,0.8499999999999999,334.0,0.95,3540,3685,0.5353370022866873,"\{'nu':0.5,'kernel':'rbf','gamma':'auto'\}"
COMPLETED,0.92,481.0,1.0,1488,880,0.4752776001989841,"\{'nu':0.5,'kernel':'rbf','gamma':'auto'\}"
COMPLETED,0.75,207.0,0.7299999999999999,2276,3093,0.0197948220800608,"\{'nu':0.5,'kernel':'rbf','gamma':'auto'\}"
COMPLETED,0.91,528.0,1.0,2766,312,0.9538446003459394,"\{'nu':0.5,'kernel':'rbf','gamma':'auto'\}"
COMPLETED,0.8699999999999999,320.0,1.0,4573,3757,0.2668988556265831,"\{'nu':0.5,'kernel':'rbf','gamma':'auto'\}"
COMPLETED,0.8,301.0,0.2099999999999999,372,1601,0.7048531980309635,"\{'nu':0.5,'kernel':'rbf','gamma':'auto'\}"
COMPLETED,0.7099999999999999,228.0,0.05,178,3246,0.3159550712686032,"\{'nu':0.5,'kernel':'rbf','gamma':'auto'\}"
COMPLETED,0.92,477.0,1.0,4689,1086,0.6264968362860381,"\{'nu':0.5,'kernel':'rbf','gamma':'auto'\}"
COMPLETED,0.81,229.0,0.6,2960,4848,0.0640550746768712,"\{'nu':0.5,'kernel':'rbf','gamma':'auto'\}"
COMPLETED,0.7099999999999999,426.0,0.69,2160,2062,0.8765094938520342,"\{'nu':0.5,'kernel':'rbf','gamma':'auto'\}"
COMPLETED,0.8499999999999999,358.0,0.39,1684,4274,0.6166923724524676,"\{'nu':0.5,'kernel':'rbf','gamma':'auto'\}"
COMPLETED,0.91,343.0,1.0,3422,1474,0.4272407362740486,"\{'nu':0.5,'kernel':'rbf','gamma':'auto'\}"
COMPLETED,0.8599999999999999,575.0,0.8699999999999999,3920,2595,0.8626771522108465,"\{'nu':0.5,'kernel':'rbf','gamma':'auto'\}"
COMPLETED,0.93,551.0,1.0,971,419,0.1791249651461839,"\{'nu':0.5,'kernel':'rbf','gamma':'auto'\}"
COMPLETED,0.8599999999999999,345.0,0.41,1132,2689,0.6695792400818317,"\{'nu':0.5,'kernel':'rbf','gamma':'auto'\}"
COMPLETED,0.93,743.0,1.0,3769,470,0.3587905157022178,"\{'nu':0.5,'kernel':'rbf','gamma':'auto'\}"
COMPLETED,0.8,721.0,0.4899999999999999,3271,4212,0.9194662551134823,"\{'nu':0.5,'kernel':'rbf','gamma':'auto'\}"
COMPLETED,0.91,389.0,1.0,1845,1368,0.1067725093010813,"\{'nu':0.5,'kernel':'rbf','gamma':'auto'\}"
COMPLETED,0.54,244.0,0.4199999999999999,2008,4793,0.4000332403890788,"\{'nu':0.5,'kernel':'rbf','gamma':'auto'\}"
COMPLETED,0.8699999999999999,352.0,1.0,3122,1973,0.5892303142230957,"\{'nu':0.5,'kernel':'rbf','gamma':'auto'\}"
COMPLETED,0.89,342.0,1.0,4851,3347,0.1520278835240751,"\{'nu':0.5,'kernel':'rbf','gamma':'auto'\}"
COMPLETED,0.65,311.0,0.02,26,1152,0.8353483320623635,"\{'nu':0.5,'kernel':'rbf','gamma':'auto'\}"
COMPLETED,0.75,301.0,0.13,535,4007,0.1969424759112298,"\{'nu':0.5,'kernel':'rbf','gamma':'auto'\}"
COMPLETED,0.9,544.0,0.99,4420,1807,0.7611335935723037,"\{'nu':0.5,'kernel':'rbf','gamma':'auto'\}"
COMPLETED,0.92,451.0,1.0,850,480,0.3587785126566886,"\{'nu':0.5,'kernel':'rbf','gamma':'auto'\}"
COMPLETED,0.7299999999999999,663.0,0.4,2515,4041,0.9042548003476112,"\{'nu':0.5,'kernel':'rbf','gamma':'auto'\}"
COMPLETED,0.9,367.0,1.0,3832,2015,0.1027560889460146,"\{'nu':0.5,'kernel':'rbf','gamma':'auto'\}"
COMPLETED,0.6999999999999998,290.0,0.6099999999999999,2180,3467,0.649816001618281,"\{'nu':0.5,'kernel':'rbf','gamma':'auto'\}"
COMPLETED,0.8699999999999999,540.0,0.63,1479,1766,0.8192823076713829,"\{'nu':0.5,'kernel':'rbf','gamma':'auto'\}"
COMPLETED,0.89,405.0,1.0,4377,2736,0.4281588688753545,"\{'nu':0.5,'kernel':'rbf','gamma':'auto'\}"
COMPLETED,0.92,561.0,1.0,3221,742,0.563261728009209,"\{'nu':0.5,'kernel':'rbf','gamma':'auto'\}"
COMPLETED,0.6999999999999998,227.0,0.0599999999999999,301,4759,0.1737221335470676,"\{'nu':0.5,'kernel':'rbf','gamma':'auto'\}"
COMPLETED,0.8,272.0,0.2099999999999999,520,2453,0.5116842602919786,"\{'nu':0.5,'kernel':'rbf','gamma':'auto'\}"
COMPLETED,0.8599999999999999,285.0,0.99,3460,3355,0.2448245726749301,"\{'nu':0.5,'kernel':'rbf','gamma':'auto'\}"
COMPLETED,0.8699999999999999,9585.0,1.0,4801,44,0.7617297064159065,"\{'nu':0.5,'kernel':'rbf','gamma':'auto'\}"
COMPLETED,0.8599999999999999,335.0,0.44,1846,4150,0.4974282643087208,"\{'nu':0.5,'kernel':'rbf','gamma':'auto'\}"
COMPLETED,0.8399999999999999,287.0,1.0,2389,1236,0.0355901579968631,"\{'nu':0.5,'kernel':'rbf','gamma':'auto'\}"
FAILED,,,,4100,4553,0.7053299775142222,"\{'nu':0.5,'kernel':'rbf','gamma':'auto'\}"
COMPLETED,0.88,370.0,1.0,2911,1269,0.285633533284068,"\{'nu':0.5,'kernel':'rbf','gamma':'auto'\}"
COMPLETED,0.79,714.0,0.22,1226,2944,0.9579318065103144,"\{'nu':0.5,'kernel':'rbf','gamma':'auto'\}"
COMPLETED,0.9,368.0,0.64,946,1474,0.2163363646585494,"\{'nu':0.5,'kernel':'rbf','gamma':'auto'\}"
COMPLETED,0.8599999999999999,331.0,0.98,3045,3071,0.5439883957915008,"\{'nu':0.5,'kernel':'rbf','gamma':'auto'\}"
COMPLETED,0.93,575.0,1.0,4360,1031,0.4644382394310087,"\{'nu':0.5,'kernel':'rbf','gamma':'auto'\}"
COMPLETED,0.7199999999999999,502.0,0.4199999999999999,2277,4426,0.7907500785738228,"\{'nu':0.5,'kernel':'rbf','gamma':'auto'\}"
COMPLETED,0.92,1842.0,1.0,1576,191,0.7382410168871283,"\{'nu':0.5,'kernel':'rbf','gamma':'auto'\}"
COMPLETED,0.8499999999999999,272.0,0.99,4904,4374,0.0064925551544874,"\{'nu':0.5,'kernel':'rbf','gamma':'auto'\}"
COMPLETED,0.79,663.0,0.63,3750,2306,0.9863447542972862,"\{'nu':0.5,'kernel':'rbf','gamma':'auto'\}"
COMPLETED,0.77,245.0,0.13,396,3131,0.2532563087735325,"\{'nu':0.5,'kernel':'rbf','gamma':'auto'\}"
COMPLETED,0.65,368.0,0.02,30,908,0.928912484642118,"\{'nu':0.5,'kernel':'rbf','gamma':'auto'\}"
COMPLETED,0.8299999999999998,302.0,0.68,3325,4847,0.3224004799295216,"\{'nu':0.5,'kernel':'rbf','gamma':'auto'\}"
COMPLETED,0.91,466.0,1.0,4665,1600,0.6865441544651985,"\{'nu':0.5,'kernel':'rbf','gamma':'auto'\}"
COMPLETED,0.89,301.0,0.51,1356,2648,0.0777173483874648,"\{'nu':0.5,'kernel':'rbf','gamma':'auto'\}"
COMPLETED,0.9,425.0,0.89,1901,2122,0.391418473182246,"\{'nu':0.5,'kernel':'rbf','gamma':'auto'\}"
COMPLETED,0.8299999999999998,680.0,0.77,3965,3652,0.8443067531362176,"\{'nu':0.5,'kernel':'rbf','gamma':'auto'\}"
COMPLETED,0.93,515.0,1.0,2776,372,0.1490480796042829,"\{'nu':0.5,'kernel':'rbf','gamma':'auto'\}"
COMPLETED,0.78,320.0,0.19,736,3855,0.5996217663921415,"\{'nu':0.5,'kernel':'rbf','gamma':'auto'\}"
COMPLETED,0.82,397.0,0.2999999999999999,698,1935,0.767628115825355,"\{'nu':0.5,'kernel':'rbf','gamma':'auto'\}"
COMPLETED,0.81,298.0,0.75,2657,3541,0.4720164868663996,"\{'nu':0.5,'kernel':'rbf','gamma':'auto'\}"
COMPLETED,0.92,701.0,1.0,4003,562,0.5213536931164562,"\{'nu':0.5,'kernel':'rbf','gamma':'auto'\}"
COMPLETED,0.5799999999999998,223.0,0.51,2019,3964,0.223427233049646,"\{'nu':0.5,'kernel':'rbf','gamma':'auto'\}"
COMPLETED,0.93,584.0,1.0,1318,660,0.3071241516489535,"\{'nu':0.5,'kernel':'rbf','gamma':'auto'\}"
COMPLETED,0.78,1014.0,0.4899999999999999,4547,4836,0.9481119963638484,"\{'nu':0.5,'kernel':'rbf','gamma':'auto'\}"
COMPLETED,0.88,367.0,1.0,3363,1845,0.0608477473314851,"\{'nu':0.5,'kernel':'rbf','gamma':'auto'\}"
COMPLETED,0.7299999999999999,299.0,0.05,149,2661,0.6995210286229849,"\{'nu':0.5,'kernel':'rbf','gamma':'auto'\}"
COMPLETED,0.93,642.0,1.0,359,118,0.1164830214660614,"\{'nu':0.5,'kernel':'rbf','gamma':'auto'\}"
COMPLETED,0.8499999999999999,359.0,0.8699999999999999,3631,4070,0.6322346471026539,"\{'nu':0.5,'kernel':'rbf','gamma':'auto'\}"
COMPLETED,0.9,374.0,1.0,4943,2376,0.3606789226774126,"\{'nu':0.5,'kernel':'rbf','gamma':'auto'\}"
COMPLETED,0.82,643.0,0.34,1694,3437,0.8750903265811502,"\{'nu':0.5,'kernel':'rbf','gamma':'auto'\}"
COMPLETED,0.8,258.0,1.0,2238,1346,0.592576582815498,"\{'nu':0.5,'kernel':'rbf','gamma':'auto'\}"
COMPLETED,0.9,1176.0,0.99,4242,2863,0.1717284670937806,"\{'nu':0.5,'kernel':'rbf','gamma':'auto'\}"
COMPLETED,0.8699999999999999,464.0,0.95,3082,1162,0.8367741905152797,"\{'nu':0.5,'kernel':'rbf','gamma':'auto'\}"
COMPLETED,0.8299999999999998,291.0,0.23,1065,4632,0.4145861207451671,"\{'nu':0.5,'kernel':'rbf','gamma':'auto'\}"
COMPLETED,0.91,463.0,0.97,1107,957,0.6573480660486966,"\{'nu':0.5,'kernel':'rbf','gamma':'auto'\}"
COMPLETED,0.82,244.0,0.63,2874,4505,0.0795879729352891,"\{'nu':0.5,'kernel':'rbf','gamma':'auto'\}"
COMPLETED,0.88,545.0,0.91,4218,1551,0.9112995154764502,"\{'nu':0.5,'kernel':'rbf','gamma':'auto'\}"
COMPLETED,0.76,252.0,0.81,2428,2990,0.336097638130188,"\{'nu':0.5,'kernel':'rbf','gamma':'auto'\}"
COMPLETED,0.9,355.0,0.77,1727,2230,0.1354441889896988,"\{'nu':0.5,'kernel':'rbf','gamma':'auto'\}"
COMPLETED,0.89,368.0,1.0,4763,3213,0.6170843545179813,"\{'nu':0.5,'kernel':'rbf','gamma':'auto'\}"
FAILED,,,,3579,265,0.3893936642445623,"\{'nu':0.5,'kernel':'rbf','gamma':'auto'\}"
COMPLETED,0.7399999999999999,662.0,0.0899999999999999,557,4295,0.8735923132244497,"\{'nu':0.5,'kernel':'rbf','gamma':'auto'\}"
COMPLETED,0.77,243.0,0.11,181,1679,0.4430725739412009,"\{'nu':0.5,'kernel':'rbf','gamma':'auto'\}"
COMPLETED,0.8499999999999999,538.0,0.8699999999999999,3184,2573,0.8004492262322455,"\{'nu':0.5,'kernel':'rbf','gamma':'auto'\}"
COMPLETED,0.93,708.0,1.0,4494,826,0.1909562613517045,"\{'nu':0.5,'kernel':'rbf','gamma':'auto'\}"
COMPLETED,0.8299999999999998,405.0,0.2999999999999999,1517,4924,0.5499165200348943,"\{'nu':0.5,'kernel':'rbf','gamma':'auto'\}"
COMPLETED,0.7199999999999999,300.0,0.93,2062,454,0.980567007375881,"\{'nu':0.5,'kernel':'rbf','gamma':'auto'\}"
COMPLETED,0.8599999999999999,353.0,0.99,3794,3779,0.2785431333407759,"\{'nu':0.5,'kernel':'rbf','gamma':'auto'\}"
COMPLETED,0.81,362.0,0.95,2635,2043,0.7284524087104945,"\{'nu':0.5,'kernel':'rbf','gamma':'auto'\}"
COMPLETED,0.81,284.0,0.2399999999999999,887,3726,0.0280124087519943,"\{'nu':0.5,'kernel':'rbf','gamma':'auto'\}"
COMPLETED,0.88,367.0,0.4699999999999999,916,1821,0.7173377828076481,"\{'nu':0.5,'kernel':'rbf','gamma':'auto'\}"
COMPLETED,0.82,265.0,0.95,2605,2723,0.0469888640325516,"\{'nu':0.5,'kernel':'rbf','gamma':'auto'\}"
COMPLETED,0.9,524.0,0.98,3784,676,0.9615336691476404,"\{'nu':0.5,'kernel':'rbf','gamma':'auto'\}"
COMPLETED,0.63,248.0,0.4299999999999999,2072,4782,0.2898445583824068,"\{'nu':0.5,'kernel':'rbf','gamma':'auto'\}"
COMPLETED,0.92,674.0,1.0,1527,624,0.2412379717696458,"\{'nu':0.5,'kernel':'rbf','gamma':'auto'\}"
COMPLETED,0.8699999999999999,398.0,0.99,4484,3940,0.5074885564111173,"\{'nu':0.5,'kernel':'rbf','gamma':'auto'\}"
COMPLETED,0.88,388.0,1.0,3155,1881,0.4854355943407863,"\{'nu':0.5,'kernel':'rbf','gamma':'auto'\}"
COMPLETED,0.67,367.0,0.05,211,3557,0.7503461951911449,"\{'nu':0.5,'kernel':'rbf','gamma':'auto'\}"
COMPLETED,0.9,354.0,0.55,606,1097,0.4318823178838938,"\{'nu':0.5,'kernel':'rbf','gamma':'auto'\}"
COMPLETED,0.82,578.0,0.6099999999999999,3531,4658,0.8233712630793452,"\{'nu':0.5,'kernel':'rbf','gamma':'auto'\}"
COMPLETED,0.92,433.0,1.0,4695,1397,0.1856078803036362,"\{'nu':0.5,'kernel':'rbf','gamma':'auto'\}"
COMPLETED,0.89,366.0,0.63,1796,2849,0.5747820241339505,"\{'nu':0.5,'kernel':'rbf','gamma':'auto'\}"
COMPLETED,0.75,494.0,0.64,2496,2403,0.8923841963522136,"\{'nu':0.5,'kernel':'rbf','gamma':'auto'\}"
COMPLETED,0.8699999999999999,371.0,1.0,4150,3373,0.3472734299320727,"\{'nu':0.5,'kernel':'rbf','gamma':'auto'\}"
COMPLETED,0.91,2394.0,1.0,2825,105,0.6461078069061041,"\{'nu':0.5,'kernel':'rbf','gamma':'auto'\}"
COMPLETED,0.82,264.0,0.28,1156,4122,0.0986824473198503,"\{'nu':0.5,'kernel':'rbf','gamma':'auto'\}"
COMPLETED,0.93,613.0,0.98,1055,290,0.8558115477282554,"\{'nu':0.5,'kernel':'rbf','gamma':'auto'\}"
COMPLETED,0.81,309.0,0.7299999999999999,3092,4229,0.4032887741737067,"\{'nu':0.5,'kernel':'rbf','gamma':'auto'\}"
COMPLETED,0.9,417.0,1.0,4272,2217,0.6036952202674001,"\{'nu':0.5,'kernel':'rbf','gamma':'auto'\}"
COMPLETED,0.7199999999999999,221.0,0.67,2209,3266,0.1527560828477144,"\{'nu':0.5,'kernel':'rbf','gamma':'auto'\}"
COMPLETED,0.91,419.0,1.0,1665,1485,0.3183118238076567,"\{'nu':0.5,'kernel':'rbf','gamma':'auto'\}"
COMPLETED,0.8299999999999998,746.0,0.81,4972,3015,0.925189338637516,"\{'nu':0.5,'kernel':'rbf','gamma':'auto'\}"
COMPLETED,0.92,490.0,1.0,3641,1010,0.0661972400136291,"\{'nu':0.5,'kernel':'rbf','gamma':'auto'\}"
COMPLETED,0.7399999999999999,358.0,0.08,349,4492,0.6746585991773754,"\{'nu':0.5,'kernel':'rbf','gamma':'auto'\}"
COMPLETED,0.7199999999999999,198.0,0.04,81,2106,0.0106875991187989,"\{'nu':0.5,'kernel':'rbf','gamma':'auto'\}"
COMPLETED,0.82,520.0,0.8499999999999999,3431,3704,0.7418269615937024,"\{'nu':0.5,'kernel':'rbf','gamma':'auto'\}"
COMPLETED,0.92,1105.0,1.0,4596,399,0.2646390336751938,"\{'nu':0.5,'kernel':'rbf','gamma':'auto'\}"
COMPLETED,0.7299999999999999,990.0,0.11,1269,3793,0.99833664165996,"\{'nu':0.5,'kernel':'rbf','gamma':'auto'\}"
COMPLETED,0.92,562.0,1.0,1970,803,0.5325903496723621,"\{'nu':0.5,'kernel':'rbf','gamma':'auto'\}"
COMPLETED,0.8499999999999999,307.0,0.8,4052,4987,0.2043292155638337,"\{'nu':0.5,'kernel':'rbf','gamma':'auto'\}"
COMPLETED,0.8299999999999998,401.0,0.92,2725,1694,0.7865398397985846,"\{'nu':0.5,'kernel':'rbf','gamma':'auto'\}"
COMPLETED,0.82,292.0,0.25,630,2518,0.4608371593989432,"\{'nu':0.5,'kernel':'rbf','gamma':'auto'\}"
COMPLETED,0.91,424.0,0.98,745,756,0.1603456771299242,"\{'nu':0.5,'kernel':'rbf','gamma':'auto'\}"
COMPLETED,0.78,328.0,0.5799999999999998,2766,4707,0.5805846341084689,"\{'nu':0.5,'kernel':'rbf','gamma':'auto'\}"
COMPLETED,0.91,449.0,1.0,3935,1739,0.4103911381252109,"\{'nu':0.5,'kernel':'rbf','gamma':'auto'\}"
COMPLETED,0.8699999999999999,554.0,0.53,1930,2800,0.8331883108709007,"\{'nu':0.5,'kernel':'rbf','gamma':'auto'\}"
COMPLETED,0.89,401.0,0.69,1386,1963,0.6364449509400874,"\{'nu':0.5,'kernel':'rbf','gamma':'auto'\}"
COMPLETED,0.88,335.0,0.99,4636,3480,0.1200841628424823,"\{'nu':0.5,'kernel':'rbf','gamma':'auto'\}"
COMPLETED,0.9,563.0,1.0,3316,544,0.8864883113559335,"\{'nu':0.5,'kernel':'rbf','gamma':'auto'\}"
COMPLETED,0.6099999999999999,242.0,0.01,40,4014,0.3726860067099332,"\{'nu':0.5,'kernel':'rbf','gamma':'auto'\}"
COMPLETED,0.8,453.0,0.17,465,1323,0.9440386001151057,"\{'nu':0.5,'kernel':'rbf','gamma':'auto'\}"
COMPLETED,0.88,353.0,1.0,3682,2928,0.303416202314198,"\{'nu':0.5,'kernel':'rbf','gamma':'auto'\}"
COMPLETED,0.92,570.0,1.0,4856,1174,0.6880161801222711,"\{'nu':0.5,'kernel':'rbf','gamma':'auto'\}"
COMPLETED,0.8299999999999998,276.0,0.3499999999999999,1625,4577,0.0489773887135088,"\{'nu':0.5,'kernel':'rbf','gamma':'auto'\}"
COMPLETED,0.91,4361.0,1.0,2325,28,0.4835365376137196,"\{'nu':0.5,'kernel':'rbf','gamma':'auto'\}"
COMPLETED,0.8499999999999999,552.0,0.8599999999999999,4311,4204,0.7795136172045021,"\{'nu':0.5,'kernel':'rbf','gamma':'auto'\}"
COMPLETED,0.8699999999999999,269.0,0.99,2976,2477,0.2275159430801868,"\{'nu':0.5,'kernel':'rbf','gamma':'auto'\}"
COMPLETED,0.8399999999999999,320.0,0.3099999999999999,1014,3293,0.5250768967475741,"\{'nu':0.5,'kernel':'rbf','gamma':'auto'\}"
COMPLETED,0.8699999999999999,362.0,0.52,1197,2292,0.2666573326755314,"\{'nu':0.5,'kernel':'rbf','gamma':'auto'\}"
COMPLETED,0.77,732.0,0.45,2940,3186,0.969046653624624,"\{'nu':0.5,'kernel':'rbf','gamma':'auto'\}"
COMPLETED,0.91,2358.0,1.0,4110,213,0.0242890173699706,"\{'nu':0.5,'kernel':'rbf','gamma':'auto'\}"
COMPLETED,0.7399999999999999,435.0,0.51,2380,4311,0.7243635072112083,"\{'nu':0.5,'kernel':'rbf','gamma':'auto'\}"
COMPLETED,0.91,541.0,0.88,1836,1087,0.8041574748530984,"\{'nu':0.5,'kernel':'rbf','gamma':'auto'\}"
COMPLETED,0.8599999999999999,392.0,0.99,4811,4411,0.4471462731938808,"\{'nu':0.5,'kernel':'rbf','gamma':'auto'\}"
COMPLETED,0.91,428.0,1.0,3489,1410,0.5617870664037764,"\{'nu':0.5,'kernel':'rbf','gamma':'auto'\}"
COMPLETED,0.79,265.0,0.16,491,3094,0.2024613013211637,"\{'nu':0.5,'kernel':'rbf','gamma':'auto'\}"
COMPLETED,0.91,332.0,0.78,252,319,0.6134825532250106,"\{'nu':0.5,'kernel':'rbf','gamma':'auto'\}"
COMPLETED,0.82,336.0,0.8399999999999999,3270,3868,0.1312332289535552,"\{'nu':0.5,'kernel':'rbf','gamma':'auto'\}"
COMPLETED,0.8699999999999999,595.0,0.92,4444,2188,0.8615844428688287,"\{'nu':0.5,'kernel':'rbf','gamma':'auto'\}"
COMPLETED,0.88,314.0,0.39,1411,3627,0.3779948968645185,"\{'nu':0.5,'kernel':'rbf','gamma':'auto'\}"
COMPLETED,0.75,208.0,1.0,2112,1612,0.0915805815588682,"\{'nu':0.5,'kernel':'rbf','gamma':'auto'\}"
COMPLETED,0.89,416.0,0.99,3901,2595,0.6687315122112631,"\{'nu':0.5,'kernel':'rbf','gamma':'auto'\}"
COMPLETED,0.9,321.0,1.0,2564,883,0.3396843040976673,"\{'nu':0.5,'kernel':'rbf','gamma':'auto'\}"
COMPLETED,0.7199999999999999,880.0,0.1,801,4912,0.915495280701667,"\{'nu':0.5,'kernel':'rbf','gamma':'auto'\}"
COMPLETED,0.8599999999999999,265.0,0.34,811,2353,0.070752854945138,"\{'nu':0.5,'kernel':'rbf','gamma':'auto'\}"
COMPLETED,0.76,358.0,0.7199999999999999,2544,3403,0.6776293715350329,"\{'nu':0.5,'kernel':'rbf','gamma':'auto'\}"
COMPLETED,0.91,2772.0,1.0,3884,152,0.3137302973922341,"\{'nu':0.5,'kernel':'rbf','gamma':'auto'\}"
COMPLETED,0.63,689.0,0.33,2138,4094,0.922190688058734,"\{'nu':0.5,'kernel':'rbf','gamma':'auto'\}"
COMPLETED,0.92,512.0,0.99,1432,1148,0.608247093193233,"\{'nu':0.5,'kernel':'rbf','gamma':'auto'\}"
COMPLETED,0.8699999999999999,266.0,0.95,4433,4628,0.1557233548592776,"\{'nu':0.5,'kernel':'rbf','gamma':'auto'\}"
COMPLETED,0.8599999999999999,503.0,0.93,3245,1349,0.8512266362197696,"\{'nu':0.5,'kernel':'rbf','gamma':'auto'\}"
COMPLETED,0.7299999999999999,261.0,0.0899999999999999,267,2877,0.4002865042779594,"\{'nu':0.5,'kernel':'rbf','gamma':'auto'\}"
COMPLETED,0.89,372.0,0.67,477,576,0.784058742251247,"\{'nu':0.5,'kernel':'rbf','gamma':'auto'\}"
COMPLETED,0.8399999999999999,397.0,0.88,3513,3968,0.4557985171545296,"\{'nu':0.5,'kernel':'rbf','gamma':'auto'\}"
COMPLETED,0.9,417.0,1.0,4829,1932,0.5351040656864642,"\{'nu':0.5,'kernel':'rbf','gamma':'auto'\}"
COMPLETED,0.8499999999999999,299.0,0.51,1808,3527,0.2094023240413516,"\{'nu':0.5,'kernel':'rbf','gamma':'auto'\}"
COMPLETED,0.8,246.0,1.0,2357,1868,0.2621547926943749,"\{'nu':0.5,'kernel':'rbf','gamma':'auto'\}"
COMPLETED,0.81,804.0,0.54,4123,2695,0.9932950902059674,"\{'nu':0.5,'kernel':'rbf','gamma':'auto'\}"
COMPLETED,0.92,467.0,1.0,2969,626,0.0131982906702905,"\{'nu':0.5,'kernel':'rbf','gamma':'auto'\}"
COMPLETED,0.81,493.0,0.22,1178,4812,0.7468968039490282,"\{'nu':0.5,'kernel':'rbf','gamma':'auto'\}"
COMPLETED,0.92,422.0,1.0,989,851,0.4887724772468209,"\{'nu':0.5,'kernel':'rbf','gamma':'auto'\}"
COMPLETED,0.8,565.0,0.52,2991,4959,0.7550239709001034,"\{'nu':0.5,'kernel':'rbf','gamma':'auto'\}"
COMPLETED,0.91,526.0,1.0,4332,1644,0.2378742367662489,"\{'nu':0.5,'kernel':'rbf','gamma':'auto'\}"
COMPLETED,0.78,262.0,0.9,2314,2549,0.5027857763711363,"\{'nu':0.5,'kernel':'rbf','gamma':'auto'\}"
COMPLETED,0.8299999999999998,722.0,0.3699999999999999,1609,2058,0.964865847127512,"\{'nu':0.5,'kernel':'rbf','gamma':'auto'\}"
COMPLETED,0.8699999999999999,325.0,0.99,4882,3732,0.2945178633891046,"\{'nu':0.5,'kernel':'rbf','gamma':'auto'\}"
COMPLETED,0.92,665.0,1.0,3692,449,0.7139696997907012,"\{'nu':0.5,'kernel':'rbf','gamma':'auto'\}"
COMPLETED,0.77,213.0,0.1199999999999999,445,3763,0.0422814943194389,"\{'nu':0.5,'kernel':'rbf','gamma':'auto'\}"
COMPLETED,0.7199999999999999,266.0,0.04,69,1535,0.6409479705225675,"\{'nu':0.5,'kernel':'rbf','gamma':'auto'\}"
COMPLETED,0.8699999999999999,320.0,1.0,3297,2984,0.0958362058624625,"\{'nu':0.5,'kernel':'rbf','gamma':'auto'\}"
COMPLETED,0.89,536.0,0.99,4613,962,0.8975795250926166,"\{'nu':0.5,'kernel':'rbf','gamma':'auto'\}"
COMPLETED,0.8399999999999999,299.0,0.3099999999999999,1399,4521,0.3501531970091164,"\{'nu':0.5,'kernel':'rbf','gamma':'auto'\}"
COMPLETED,0.92,1410.0,1.0,1948,240,0.1804439301304519,"\{'nu':0.5,'kernel':'rbf','gamma':'auto'\}"
COMPLETED,0.8499999999999999,356.0,0.91,3908,4260,0.5719319105464965,"\{'nu':0.5,'kernel':'rbf','gamma':'auto'\}"
COMPLETED,0.8499999999999999,269.0,1.0,2752,2265,0.43707365180552,"\{'nu':0.5,'kernel':'rbf','gamma':'auto'\}"
COMPLETED,0.79,483.0,0.1799999999999999,769,3237,0.8262468011137099,"\{'nu':0.5,'kernel':'rbf','gamma':'auto'\}"
COMPLETED,0.91,2017.0,1.0,650,78,0.5565927507746964,"\{'nu':0.5,'kernel':'rbf','gamma':'auto'\}"
COMPLETED,0.81,234.0,0.65,2715,4173,0.1995806401036679,"\{'nu':0.5,'kernel':'rbf','gamma':'auto'\}"
COMPLETED,0.88,491.0,0.92,4026,2430,0.8093182053770869,"\{'nu':0.5,'kernel':'rbf','gamma':'auto'\}"
COMPLETED,0.89,327.0,0.5999999999999999,1986,3322,0.4499915015399456,"\{'nu':0.5,'kernel':'rbf','gamma':'auto'\}"
COMPLETED,0.91,359.0,1.0,1281,1273,0.0190985738709568,"\{'nu':0.5,'kernel':'rbf','gamma':'auto'\}"
COMPLETED,0.89,398.0,0.99,4575,2959,0.7214869597833604,"\{'nu':0.5,'kernel':'rbf','gamma':'auto'\}"
COMPLETED,0.91,433.0,1.0,3416,1222,0.2718222922421991,"\{'nu':0.5,'kernel':'rbf','gamma':'auto'\}"
COMPLETED,0.63,954.0,0.01,106,4549,0.9718958767894657,"\{'nu':0.5,'kernel':'rbf','gamma':'auto'\}"
COMPLETED,0.81,236.0,0.16,325,2011,0.343047025989741,"\{'nu':0.5,'kernel':'rbf','gamma':'auto'\}"
COMPLETED,0.81,708.0,0.66,3655,3452,0.9201989548821002,"\{'nu':0.5,'kernel':'rbf','gamma':'auto'\}"
COMPLETED,0.93,800.0,1.0,4999,494,0.0882428045123815,"\{'nu':0.5,'kernel':'rbf','gamma':'auto'\}"
COMPLETED,0.8499999999999999,387.0,0.4,1647,4045,0.6640547496136276,"\{'nu':0.5,'kernel':'rbf','gamma':'auto'\}"
COMPLETED,0.77,312.0,0.94,2196,708,0.8649516354631632,"\{'nu':0.5,'kernel':'rbf','gamma':'auto'\}"
COMPLETED,0.8399999999999999,379.0,0.9,4294,4736,0.3827032759711146,"\{'nu':0.5,'kernel':'rbf','gamma':'auto'\}"
COMPLETED,0.88,355.0,1.0,3111,1789,0.6101493658516555,"\{'nu':0.5,'kernel':'rbf','gamma':'auto'\}"
COMPLETED,0.8699999999999999,262.0,0.3699999999999999,1026,2769,0.1265608143694698,"\{'nu':0.5,'kernel':'rbf','gamma':'auto'\}"
COMPLETED,0.8499999999999999,439.0,0.4799999999999999,1140,1564,0.8839737012013793,"\{'nu':0.5,'kernel':'rbf','gamma':'auto'\}"
COMPLETED,0.8499999999999999,268.0,1.0,2850,2623,0.3676139113437384,"\{'nu':0.5,'kernel':'rbf','gamma':'auto'\}"
COMPLETED,0.92,506.0,1.0,4161,933,0.6389250353761016,"\{'nu':0.5,'kernel':'rbf','gamma':'auto'\}"
COMPLETED,0.75,226.0,0.5,2475,4882,0.1251236992273479,"\{'nu':0.5,'kernel':'rbf','gamma':'auto'\}"
COMPLETED,0.92,1024.0,1.0,1770,367,0.407879437180236,"\{'nu':0.5,'kernel':'rbf','gamma':'auto'\}"
COMPLETED,0.8399999999999999,633.0,0.8299999999999998,4711,3840,0.8281193589381873,"\{'nu':0.5,'kernel':'rbf','gamma':'auto'\}"
COMPLETED,0.9,441.0,1.0,3551,2138,0.1628290276881307,"\{'nu':0.5,'kernel':'rbf','gamma':'auto'\}"
COMPLETED,0.77,359.0,0.16,596,3657,0.585627194955945,"\{'nu':0.5,'kernel':'rbf','gamma':'auto'\}"
COMPLETED,0.8299999999999998,281.0,0.22,230,1036,0.2320983636360615,"\{'nu':0.5,'kernel':'rbf','gamma':'auto'\}"
COMPLETED,0.8299999999999998,322.0,0.6999999999999998,3126,4441,0.528074534215033,"\{'nu':0.5,'kernel':'rbf','gamma':'auto'\}"
COMPLETED,0.92,484.0,1.0,4472,1458,0.4789819357935339,"\{'nu':0.5,'kernel':'rbf','gamma':'auto'\}"
COMPLETED,0.8699999999999999,482.0,0.44,1550,3066,0.7765419507063925,"\{'nu':0.5,'kernel':'rbf','gamma':'auto'\}"
COMPLETED,0.66,307.0,0.8399999999999999,2099,2342,0.6926021010242402,"\{'nu':0.5,'kernel':'rbf','gamma':'auto'\}"
COMPLETED,0.89,296.0,1.0,3766,3156,0.0519787681866437,"\{'nu':0.5,'kernel':'rbf','gamma':'auto'\}"
COMPLETED,0.93,497.0,1.0,2581,166,0.939487617611885,"\{'nu':0.5,'kernel':'rbf','gamma':'auto'\}"
COMPLETED,0.8,279.0,0.2099999999999999,930,4339,0.3004479209091514,"\{'nu':0.5,'kernel':'rbf','gamma':'auto'\}"
COMPLETED,0.77,496.0,0.28,862,1208,0.9897084595579652,"\{'nu':0.5,'kernel':'rbf','gamma':'auto'\}"
COMPLETED,0.78,243.0,0.57,2650,4600,0.2579589995853602,"\{'nu':0.5,'kernel':'rbf','gamma':'auto'\}"
COMPLETED,0.91,449.0,1.0,3815,1299,0.7349042232092469,"\{'nu':0.5,'kernel':'rbf','gamma':'auto'\}"
COMPLETED,0.6199999999999999,189.0,0.6999999999999998,2051,2894,0.0018148091882467,"\{'nu':0.5,'kernel':'rbf','gamma':'auto'\}"
COMPLETED,0.8699999999999999,339.0,0.5999999999999999,1501,2481,0.4678064116761088,"\{'nu':0.5,'kernel':'rbf','gamma':'auto'\}"
COMPLETED,0.89,451.0,0.94,4520,3308,0.7954574780296533,"\{'nu':0.5,'kernel':'rbf','gamma':'auto'\}"
FAILED,,,,3194,13,0.21300415693596,"\{'nu':0.5,'kernel':'rbf','gamma':'auto'\}"
COMPLETED,0.69,273.0,0.04,161,4200,0.5393150015566497,"\{'nu':0.5,'kernel':'rbf','gamma':'auto'\}"
COMPLETED,0.8499999999999999,323.0,0.34,586,1735,0.1438528400920331,"\{'nu':0.5,'kernel':'rbf','gamma':'auto'\}"
COMPLETED,0.88,361.0,0.99,3560,2786,0.5967420290578157,"\{'nu':0.5,'kernel':'rbf','gamma':'auto'\}"
COMPLETED,0.93,566.0,1.0,4740,770,0.3965782798230648,"\{'nu':0.5,'kernel':'rbf','gamma':'auto'\}"
COMPLETED,0.81,681.0,0.26,1740,4711,0.8471529053654521,"\{'nu':0.5,'kernel':'rbf','gamma':'auto'\}"
COMPLETED,0.9,385.0,1.0,2446,510,0.6813527908008545,"\{'nu':0.5,'kernel':'rbf','gamma':'auto'\}"
COMPLETED,0.8499999999999999,287.0,0.99,4191,3991,0.074841721124947,"\{'nu':0.5,'kernel':'rbf','gamma':'auto'\}"
COMPLETED,0.79,552.0,0.69,2860,1987,0.9340765240434556,"\{'nu':0.5,'kernel':'rbf','gamma':'auto'\}"
COMPLETED,0.8399999999999999,579.0,0.32,1131,3514,0.3252506232596933,"\{'nu':0.5,'kernel':'rbf','gamma':'auto'\}"
COMPLETED,0.8599999999999999,362.0,0.5,1075,2153,0.5678432246819138,"\{'nu':0.5,'kernel':'rbf','gamma':'auto'\}"
COMPLETED,0.8399999999999999,261.0,0.8399999999999999,3062,3602,0.1767206948976963,"\{'nu':0.5,'kernel':'rbf','gamma':'auto'\}"
COMPLETED,0.92,889.0,1.0,4225,344,0.8147267819680273,"\{'nu':0.5,'kernel':'rbf','gamma':'auto'\}"
COMPLETED,0.6999999999999998,263.0,0.57,2264,3903,0.4251881262604147,"\{'nu':0.5,'kernel':'rbf','gamma':'auto'\}"
COMPLETED,0.92,481.0,1.0,1715,878,0.1073410896826535,"\{'nu':0.5,'kernel':'rbf','gamma':'auto'\}"
COMPLETED,0.8399999999999999,393.0,0.97,4931,4897,0.652818301256746,"\{'nu':0.5,'kernel':'rbf','gamma':'auto'\}"
COMPLETED,0.91,360.0,1.0,3606,1627,0.3542266211416572,"\{'nu':0.5,'kernel':'rbf','gamma':'auto'\}"
COMPLETED,0.7099999999999999,511.0,0.0899999999999999,374,2600,0.9012874391078948,"\{'nu':0.5,'kernel':'rbf','gamma':'auto'\}"
COMPLETED,0.91,305.0,0.6199999999999999,135,218,0.2831199064981192,"\{'nu':0.5,'kernel':'rbf','gamma':'auto'\}"
COMPLETED,0.78,875.0,0.38,3387,4326,0.952858727775514,"\{'nu':0.5,'kernel':'rbf','gamma':'auto'\}"
COMPLETED,0.9,369.0,1.0,4565,2276,0.0380712258014827,"\{'nu':0.5,'kernel':'rbf','gamma':'auto'\}"
COMPLETED,0.88,361.0,0.38,1291,3181,0.7103685305304825,"\{'nu':0.5,'kernel':'rbf','gamma':'auto'\}"
COMPLETED,0.9,498.0,0.93,1996,1446,0.759218985121697,"\{'nu':0.5,'kernel':'rbf','gamma':'auto'\}"
COMPLETED,0.89,351.0,0.99,4016,3119,0.4923583327252417,"\{'nu':0.5,'kernel':'rbf','gamma':'auto'\}"
COMPLETED,0.9,312.0,1.0,2686,1062,0.5141685905009507,"\{'nu':0.5,'kernel':'rbf','gamma':'auto'\}"
COMPLETED,0.78,313.0,0.1499999999999999,679,4376,0.2498661538716405,"\{'nu':0.5,'kernel':'rbf','gamma':'auto'\}"
COMPLETED,0.8699999999999999,304.0,0.52,720,1374,0.3869134905803948,"\{'nu':0.5,'kernel':'rbf','gamma':'auto'\}"
COMPLETED,0.8,487.0,0.7199999999999999,2801,2815,0.8685527470968663,"\{'nu':0.5,'kernel':'rbf','gamma':'auto'\}"
COMPLETED,0.92,482.0,1.0,3976,1131,0.1379588288869708,"\{'nu':0.5,'kernel':'rbf','gamma':'auto'\}"
COMPLETED,0.8499999999999999,385.0,0.39,1880,4682,0.6221565391123294,"\{'nu':0.5,'kernel':'rbf','gamma':'auto'\}"
COMPLETED,0.9,2319.0,1.0,1330,90,0.9088161946609616,"\{'nu':0.5,'kernel':'rbf','gamma':'auto'\}"
COMPLETED,0.8599999999999999,379.0,0.99,4681,4118,0.331055166510865,"\{'nu':0.5,'kernel':'rbf','gamma':'auto'\}"
COMPLETED,0.88,373.0,0.99,3345,2407,0.6598596777655183,"\{'nu':0.5,'kernel':'rbf','gamma':'auto'\}"
COMPLETED,0.5799999999999998,209.0,0.01,20,3387,0.0846568951252847,"\{'nu':0.5,'kernel':'rbf','gamma':'auto'\}"
COMPLETED,0.88,323.0,0.53,415,691,0.7330070402733981,"\{'nu':0.5,'kernel':'rbf','gamma':'auto'\}"
COMPLETED,0.8299999999999998,250.0,0.77,3721,4786,0.0309841644782572,"\{'nu':0.5,'kernel':'rbf','gamma':'auto'\}"
COMPLETED,0.8399999999999999,584.0,0.8299999999999998,4891,1817,0.9759844975918532,"\{'nu':0.5,'kernel':'rbf','gamma':'auto'\}"
COMPLETED,0.89,318.0,0.5899999999999999,1599,2709,0.2755454661305993,"\{'nu':0.5,'kernel':'rbf','gamma':'auto'\}"
COMPLETED,0.79,236.0,1.0,2304,1905,0.1955071546267718,"\{'nu':0.5,'kernel':'rbf','gamma':'auto'\}"
COMPLETED,0.8699999999999999,377.0,0.99,4342,3591,0.552884771697223,"\{'nu':0.5,'kernel':'rbf','gamma':'auto'\}"
COMPLETED,0.92,471.0,1.0,3021,590,0.4384866827819496,"\{'nu':0.5,'kernel':'rbf','gamma':'auto'\}"
COMPLETED,0.8,573.0,0.2,960,3916,0.7974479359872639,"\{'nu':0.5,'kernel':'rbf','gamma':'auto'\}"
COMPLETED,0.92,739.0,1.0,1246,424,0.0556869275793433,"\{'nu':0.5,'kernel':'rbf','gamma':'auto'\}"
COMPLETED,0.8,417.0,0.7199999999999999,2901,3828,0.6966757705342024,"\{'nu':0.5,'kernel':'rbf','gamma':'auto'\}"
COMPLETED,0.9,636.0,1.0,4074,2071,0.3123184970207512,"\{'nu':0.5,'kernel':'rbf','gamma':'auto'\}"
COMPLETED,0.6999999999999998,695.0,0.38,2406,3679,0.9509927468094976,"\{'nu':0.5,'kernel':'rbf','gamma':'auto'\}"
COMPLETED,0.91,505.0,1.0,1857,1709,0.5161887632925062,"\{'nu':0.5,'kernel':'rbf','gamma':'auto'\}"
COMPLETED,0.9,380.0,1.0,4780,2523,0.2205780991129577,"\{'nu':0.5,'kernel':'rbf','gamma':'auto'\}"
COMPLETED,0.91,499.0,1.0,3445,798,0.7728184700962156,"\{'nu':0.5,'kernel':'rbf','gamma':'auto'\}"
COMPLETED,0.77,278.0,0.11,545,4971,0.4748930045515298,"\{'nu':0.5,'kernel':'rbf','gamma':'auto'\}"
COMPLETED,0.75,492.0,0.0899999999999999,277,2202,0.8401119973044842,"\{'nu':0.5,'kernel':'rbf','gamma':'auto'\}"
COMPLETED,0.8599999999999999,330.0,0.99,3235,3260,0.4192629725709557,"\{'nu':0.5,'kernel':'rbf','gamma':'auto'\}"
COMPLETED,0.92,1284.0,1.0,4404,296,0.5892137716952711,"\{'nu':0.5,'kernel':'rbf','gamma':'auto'\}"
COMPLETED,0.8299999999999998,322.0,0.34,1461,4245,0.1670247631706297,"\{'nu':0.5,'kernel':'rbf','gamma':'auto'\}"
COMPLETED,0.81,238.0,1.0,2167,985,0.3640120208226144,"\{'nu':0.5,'kernel':'rbf','gamma':'auto'\}"
COMPLETED,0.81,741.0,0.5899999999999999,3854,4458,0.8797627114225179,"\{'nu':0.5,'kernel':'rbf','gamma':'auto'\}"
COMPLETED,0.8399999999999999,286.0,1.0,2534,1520,0.1131158586144447,"\{'nu':0.5,'kernel':'rbf','gamma':'auto'\}"
COMPLETED,0.8399999999999999,304.0,0.26,821,3039,0.6275263572242111,"\{'nu':0.5,'kernel':'rbf','gamma':'auto'\}"
COMPLETED,0.8299999999999998,409.0,0.3699999999999999,839,1507,0.8682782552726566,"\{'nu':0.5,'kernel':'rbf','gamma':'auto'\}"
COMPLETED,0.78,272.0,0.8299999999999998,2526,3037,0.3831049690339714,"\{'nu':0.5,'kernel':'rbf','gamma':'auto'\}"
COMPLETED,0.92,445.0,1.0,3862,988,0.6234637055322528,"\{'nu':0.5,'kernel':'rbf','gamma':'auto'\}"
COMPLETED,0.66,230.0,0.4799999999999999,2149,4471,0.1408489027451723,"\{'nu':0.5,'kernel':'rbf','gamma':'auto'\}"
COMPLETED,0.92,915.0,1.0,1449,312,0.329807782953605,"\{'nu':0.5,'kernel':'rbf','gamma':'auto'\}"
COMPLETED,0.82,713.0,0.65,4407,4251,0.9059842380732298,"\{'nu':0.5,'kernel':'rbf','gamma':'auto'\}"
COMPLETED,0.8699999999999999,295.0,1.0,3232,2195,0.0849953337926417,"\{'nu':0.5,'kernel':'rbf','gamma':'auto'\}"
COMPLETED,0.7199999999999999,291.0,0.0899999999999999,290,3243,0.6637300046794116,"\{'nu':0.5,'kernel':'rbf','gamma':'auto'\}"
COMPLETED,0.89,371.0,0.67,529,786,0.0294884961489588,"\{'nu':0.5,'kernel':'rbf','gamma':'auto'\}"
COMPLETED,0.82,452.0,0.63,3452,4970,0.7309030738808214,"\{'nu':0.5,'kernel':'rbf','gamma':'auto'\}"
COMPLETED,0.91,393.0,1.0,4773,1711,0.2761226867716759,"\{'nu':0.5,'kernel':'rbf','gamma':'auto'\}"
COMPLETED,0.81,1006.0,0.34,1873,2535,0.9791211385801434,"\{'nu':0.5,'kernel':'rbf','gamma':'auto'\}"
COMPLETED,0.82,264.0,1.0,2418,2089,0.5523693564236163,"\{'nu':0.5,'kernel':'rbf','gamma':'auto'\}"
COMPLETED,0.8699999999999999,311.0,0.99,4072,3687,0.1924344604816287,"\{'nu':0.5,'kernel':'rbf','gamma':'auto'\}"
COMPLETED,0.93,456.0,1.0,2902,416,0.799001721587032,"\{'nu':0.5,'kernel':'rbf','gamma':'auto'\}"
COMPLETED,0.8299999999999998,324.0,0.32,1234,3810,0.4406504320371896,"\{'nu':0.5,'kernel':'rbf','gamma':'auto'\}"
COMPLETED,0.92,441.0,0.98,976,601,0.697070363452658,"\{'nu':0.5,'kernel':'rbf','gamma':'auto'\}"
COMPLETED,0.82,266.0,0.77,3014,3918,0.0593716599345207,"\{'nu':0.5,'kernel':'rbf','gamma':'auto'\}"
COMPLETED,0.8599999999999999,569.0,0.8399999999999999,4349,1904,0.949557865159586,"\{'nu':0.5,'kernel':'rbf','gamma':'auto'\}"
COMPLETED,0.7399999999999999,291.0,0.64,2288,3579,0.3095445982180535,"\{'nu':0.5,'kernel':'rbf','gamma':'auto'\}"
COMPLETED,0.9,349.0,0.88,1587,1799,0.2219490339197218,"\{'nu':0.5,'kernel':'rbf','gamma':'auto'\}"
COMPLETED,0.89,370.0,1.0,4893,2701,0.5189008567277342,"\{'nu':0.5,'kernel':'rbf','gamma':'auto'\}"
COMPLETED,0.92,495.0,1.0,3720,698,0.474438628770411,"\{'nu':0.5,'kernel':'rbf','gamma':'auto'\}"
COMPLETED,0.7399999999999999,488.0,0.08,427,4804,0.7690756204705685,"\{'nu':0.5,'kernel':'rbf','gamma':'auto'\}"
COMPLETED,0.4199999999999999,220.0,0.0,2,2420,0.420874815955758,"\{'nu':0.5,'kernel':'rbf','gamma':'auto'\}"
COMPLETED,0.82,557.0,0.75,3353,3390,0.8420882484670728,"\{'nu':0.5,'kernel':'rbf','gamma':'auto'\}"
COMPLETED,0.88,7179.0,1.0,4674,88,0.1663237533383071,"\{'nu':0.5,'kernel':'rbf','gamma':'auto'\}"
COMPLETED,0.8299999999999998,358.0,0.32,1348,4105,0.5861972318012267,"\{'nu':0.5,'kernel':'rbf','gamma':'auto'\}"
COMPLETED,0.9,537.0,0.82,1892,1115,0.8804056039843708,"\{'nu':0.5,'kernel':'rbf','gamma':'auto'\}"
COMPLETED,0.8499999999999999,321.0,0.8399999999999999,3973,4676,0.3669687778539955,"\{'nu':0.5,'kernel':'rbf','gamma':'auto'\}"
COMPLETED,0.8699999999999999,333.0,1.0,2804,1380,0.6258527084719389,"\{'nu':0.5,'kernel':'rbf','gamma':'auto'\}"
COMPLETED,0.81,242.0,0.25,708,2832,0.1110756606087088,"\{'nu':0.5,'kernel':'rbf','gamma':'auto'\}"
COMPLETED,0.9,281.0,0.6199999999999999,668,1069,0.2547625831700861,"\{'nu':0.5,'kernel':'rbf','gamma':'auto'\}"
COMPLETED,0.69,1080.0,0.2399999999999999,2688,4394,0.9888256696704774,"\{'nu':0.5,'kernel':'rbf','gamma':'auto'\}"
COMPLETED,0.91,439.0,1.0,4014,1428,0.0041022955849766,"\{'nu':0.5,'kernel':'rbf','gamma':'auto'\}"
COMPLETED,0.54,401.0,0.5799999999999998,2007,3111,0.736825398294255,"\{'nu':0.5,'kernel':'rbf','gamma':'auto'\}"
COMPLETED,0.8599999999999999,462.0,0.46,1307,2275,0.7932335815634578,"\{'nu':0.5,'kernel':'rbf','gamma':'auto'\}"
COMPLETED,0.88,420.0,0.99,4559,3169,0.4659471609294414,"\{'nu':0.5,'kernel':'rbf','gamma':'auto'\}"
COMPLETED,0.92,1034.0,1.0,3393,230,0.5425715577472001,"\{'nu':0.5,'kernel':'rbf','gamma':'auto'\}"
COMPLETED,0.67,258.0,0.0299999999999999,119,4328,0.2139449451230466,"\{'nu':0.5,'kernel':'rbf','gamma':'auto'\}"
COMPLETED,0.8299999999999998,272.0,0.23,387,1634,0.5942774619553238,"\{'nu':0.5,'kernel':'rbf','gamma':'auto'\}"
COMPLETED,0.9,302.0,1.0,3603,2617,0.1427291936762631,"\{'nu':0.5,'kernel':'rbf','gamma':'auto'\}"
COMPLETED,0.91,505.0,1.0,4934,861,0.8506558576654643,"\{'nu':0.5,'kernel':'rbf','gamma':'auto'\}"
COMPLETED,0.8299999999999998,327.0,0.3499999999999999,1703,4891,0.3967929962202906,"\{'nu':0.5,'kernel':'rbf','gamma':'auto'\}"
COMPLETED,0.9,342.0,1.0,2247,342,0.0713967671245336,"\{'nu':0.5,'kernel':'rbf','gamma':'auto'\}"
COMPLETED,0.8599999999999999,406.0,0.98,4233,3890,0.6811982141789049,"\{'nu':0.5,'kernel':'rbf','gamma':'auto'\}"
COMPLETED,0.8699999999999999,356.0,1.0,3054,2166,0.327777114700526,"\{'nu':0.5,'kernel':'rbf','gamma':'auto'\}"
COMPLETED,0.78,700.0,0.1799999999999999,1092,3605,0.93526376038976,"\{'nu':0.5,'kernel':'rbf','gamma':'auto'\}"
COMPLETED,0.88,299.0,0.56,1118,1980,0.1800410194750875,"\{'nu':0.5,'kernel':'rbf','gamma':'auto'\}"
COMPLETED,0.81,309.0,0.81,2863,3497,0.5686060324460268,"\{'nu':0.5,'kernel':'rbf','gamma':'auto'\}"
COMPLETED,0.92,845.0,1.0,4188,527,0.4227843458373099,"\{'nu':0.5,'kernel':'rbf','gamma':'auto'\}"
COMPLETED,0.7399999999999999,518.0,0.4899999999999999,2459,3997,0.8129332031421364,"\{'nu':0.5,'kernel':'rbf','gamma':'auto'\}"
COMPLETED,0.93,512.0,1.0,1758,773,0.6551619419045746,"\{'nu':0.5,'kernel':'rbf','gamma':'auto'\}"
COMPLETED,0.8399999999999999,287.0,0.99,4732,4725,0.1090766702089458,"\{'nu':0.5,'kernel':'rbf','gamma':'auto'\}"
COMPLETED,0.8599999999999999,519.0,0.89,3568,1722,0.8979035245999692,"\{'nu':0.5,'kernel':'rbf','gamma':'auto'\}"
COMPLETED,0.81,251.0,0.2,568,2783,0.3534018890392034,"\{'nu':0.5,'kernel':'rbf','gamma':'auto'\}"
COMPLETED,0.8699999999999999,7129.0,1.0,173,6,0.9554508911371232,"\{'nu':0.5,'kernel':'rbf','gamma':'auto'\}"
COMPLETED,0.8299999999999998,267.0,0.76,3192,4181,0.2841272588875144,"\{'nu':0.5,'kernel':'rbf','gamma':'auto'\}"
COMPLETED,0.89,432.0,0.99,4522,2499,0.7067455961070955,"\{'nu':0.5,'kernel':'rbf','gamma':'auto'\}"
COMPLETED,0.88,274.0,0.45,1489,3316,0.0379804175663739,"\{'nu':0.5,'kernel':'rbf','gamma':'auto'\}"
COMPLETED,0.7099999999999999,430.0,1.0,2034,1301,0.495919342810288,"\{'nu':0.5,'kernel':'rbf','gamma':'auto'\}"
COMPLETED,0.88,455.0,0.92,3822,2906,0.7592462034262716,"\{'nu':0.5,'kernel':'rbf','gamma':'auto'\}"
COMPLETED,0.88,326.0,1.0,2643,1196,0.2472159922104328,"\{'nu':0.5,'kernel':'rbf','gamma':'auto'\}"
COMPLETED,0.77,325.0,0.19,879,4599,0.5131010983362793,"\{'nu':0.5,'kernel':'rbf','gamma':'auto'\}"
COMPLETED,0.92,1264.0,1.0,927,168,0.1961424153931438,"\{'nu':0.5,'kernel':'rbf','gamma':'auto'\}"
COMPLETED,0.77,323.0,0.5899999999999999,2594,4352,0.5564427619669586,"\{'nu':0.5,'kernel':'rbf','gamma':'auto'\}"
COMPLETED,0.89,357.0,1.0,3753,2329,0.4525207962319254,"\{'nu':0.5,'kernel':'rbf','gamma':'auto'\}"
COMPLETED,0.65,426.0,0.54,2102,3153,0.810506579382345,"\{'nu':0.5,'kernel':'rbf','gamma':'auto'\}"
COMPLETED,0.91,453.0,0.91,1558,1452,0.7190175669249146,"\{'nu':0.5,'kernel':'rbf','gamma':'auto'\}"
COMPLETED,0.9,316.0,1.0,4454,3049,0.0179684361070394,"\{'nu':0.5,'kernel':'rbf','gamma':'auto'\}"
COMPLETED,0.8399999999999999,536.0,0.81,3144,1053,0.9753979293722658,"\{'nu':0.5,'kernel':'rbf','gamma':'auto'\}"
COMPLETED,0.69,304.0,0.05,222,4448,0.2720339674465358,"\{'nu':0.5,'kernel':'rbf','gamma':'auto'\}"
COMPLETED,0.76,507.0,0.16,598,2139,0.9179761960748583,"\{'nu':0.5,'kernel':'rbf','gamma':'auto'\}"
COMPLETED,0.8599999999999999,323.0,0.96,3539,3669,0.3411905784942209,"\{'nu':0.5,'kernel':'rbf','gamma':'auto'\}"
COMPLETED,0.92,1061.0,1.0,4723,355,0.6673158936183899,"\{'nu':0.5,'kernel':'rbf','gamma':'auto'\}"
COMPLETED,0.8599999999999999,298.0,0.46,1768,3838,0.0891903219893574,"\{'nu':0.5,'kernel':'rbf','gamma':'auto'\}"
COMPLETED,0.88,309.0,1.0,2468,925,0.3795038183629512,"\{'nu':0.5,'kernel':'rbf','gamma':'auto'\}"
COMPLETED,0.82,745.0,0.63,4178,4864,0.8640679458584636,"\{'nu':0.5,'kernel':'rbf','gamma':'auto'\}"
COMPLETED,0.89,292.0,1.0,2833,1582,0.1288418094180524,"\{'nu':0.5,'kernel':'rbf','gamma':'auto'\}"
COMPLETED,0.8699999999999999,341.0,0.4299999999999999,1147,2631,0.6120657151807098,"\{'nu':0.5,'kernel':'rbf','gamma':'auto'\}"
COMPLETED,0.8699999999999999,306.0,0.57,1024,1787,0.3711797323133796,"\{'nu':0.5,'kernel':'rbf','gamma':'auto'\}"
COMPLETED,0.8299999999999998,574.0,0.7399999999999999,3122,2758,0.8840073959827423,"\{'nu':0.5,'kernel':'rbf','gamma':'auto'\}"
COMPLETED,0.92,724.0,1.0,4283,720,0.1224744224119931,"\{'nu':0.5,'kernel':'rbf','gamma':'auto'\}"
COMPLETED,0.6999999999999998,365.0,0.45,2198,4737,0.6378605695329606,"\{'nu':0.5,'kernel':'rbf','gamma':'auto'\}"
COMPLETED,0.92,751.0,0.98,1653,502,0.8307048078812658,"\{'nu':0.5,'kernel':'rbf','gamma':'auto'\}"
COMPLETED,0.8499999999999999,353.0,0.99,4983,4063,0.4088822166267782,"\{'nu':0.5,'kernel':'rbf','gamma':'auto'\}"
COMPLETED,0.9,508.0,1.0,3671,1993,0.5820014721527695,"\{'nu':0.5,'kernel':'rbf','gamma':'auto'\}"
COMPLETED,0.7199999999999999,223.0,0.0899999999999999,319,3444,0.1627370966654271,"\{'nu':0.5,'kernel':'rbf','gamma':'auto'\}"
COMPLETED,0.76,236.0,0.0899999999999999,109,1219,0.530421201184392,"\{'nu':0.5,'kernel':'rbf','gamma':'auto'\}"
COMPLETED,0.8399999999999999,263.0,0.7399999999999999,3403,4535,0.2338348290082067,"\{'nu':0.5,'kernel':'rbf','gamma':'auto'\}"
COMPLETED,0.91,522.0,0.99,4587,1286,0.7731645126752555,"\{'nu':0.5,'kernel':'rbf','gamma':'auto'\}"
COMPLETED,0.8699999999999999,319.0,0.4299999999999999,1278,2962,0.4781620145756751,"\{'nu':0.5,'kernel':'rbf','gamma':'auto'\}"
COMPLETED,0.89,411.0,0.81,1978,2436,0.05529796997644,"\{'nu':0.5,'kernel':'rbf','gamma':'auto'\}"
COMPLETED,0.88,388.0,0.98,4043,3338,0.6933621204085648,"\{'nu':0.5,'kernel':'rbf','gamma':'auto'\}"
COMPLETED,0.9,2955.0,1.0,2698,61,0.2980395675431937,"\{'nu':0.5,'kernel':'rbf','gamma':'auto'\}"
COMPLETED,0.77,907.0,0.0899999999999999,658,4167,0.9376873243674636,"\{'nu':0.5,'kernel':'rbf','gamma':'auto'\}"
COMPLETED,0.8499999999999999,324.0,0.33,776,2247,0.6771092643477022,"\{'nu':0.5,'kernel':'rbf','gamma':'auto'\}"
COMPLETED,0.8299999999999998,301.0,0.8399999999999999,2736,3230,0.0676733274105936,"\{'nu':0.5,'kernel':'rbf','gamma':'auto'\}"
COMPLETED,0.93,1064.0,1.0,3924,248,0.9237434698417782,"\{'nu':0.5,'kernel':'rbf','gamma':'auto'\}"
COMPLETED,0.8599999999999999,360.0,0.45,1941,4278,0.3158913772385567,"\{'nu':0.5,'kernel':'rbf','gamma':'auto'\}"
COMPLETED,0.92,438.0,1.0,1397,974,0.1542342819776386,"\{'nu':0.5,'kernel':'rbf','gamma':'auto'\}"
COMPLETED,0.8599999999999999,410.0,0.98,4625,4522,0.6061480566561221,"\{'nu':0.5,'kernel':'rbf','gamma':'auto'\}"
COMPLETED,0.9,362.0,1.0,3285,1533,0.4008666322696953,"\{'nu':0.5,'kernel':'rbf','gamma':'auto'\}"
COMPLETED,0.6199999999999999,559.0,0.02,70,2972,0.8543640430830419,"\{'nu':0.5,'kernel':'rbf','gamma':'auto'\}"
COMPLETED,0.92,377.0,1.0,437,432,0.4545484641883522,"\{'nu':0.5,'kernel':'rbf','gamma':'auto'\}"
COMPLETED,0.8399999999999999,491.0,0.8499999999999999,3710,3756,0.7812257818467914,"\{'nu':0.5,'kernel':'rbf','gamma':'auto'\}"
COMPLETED,0.9,376.0,1.0,4864,2065,0.2097339293193072,"\{'nu':0.5,'kernel':'rbf','gamma':'auto'\}"
COMPLETED,0.8599999999999999,367.0,0.4299999999999999,1617,3749,0.5389697006866336,"\{'nu':0.5,'kernel':'rbf','gamma':'auto'\}"
COMPLETED,0.69,518.0,0.51,2317,1657,0.9930213642567396,"\{'nu':0.5,'kernel':'rbf','gamma':'auto'\}"
COMPLETED,0.89,332.0,1.0,4320,2551,0.2583491784986108,"\{'nu':0.5,'kernel':'rbf','gamma':'auto'\}"
COMPLETED,0.9,519.0,1.0,3004,848,0.7482089002244174,"\{'nu':0.5,'kernel':'rbf','gamma':'auto'\}"
COMPLETED,0.79,231.0,0.2,986,4946,0.0160949599761515,"\{'nu':0.5,'kernel':'rbf','gamma':'auto'\}"
COMPLETED,0.92,560.0,0.96,1186,643,0.755660253142938,"\{'nu':0.5,'kernel':'rbf','gamma':'auto'\}"
COMPLETED,0.79,294.0,0.6099999999999999,2951,4819,0.4917242895513773,"\{'nu':0.5,'kernel':'rbf','gamma':'auto'\}"
COMPLETED,0.9,433.0,1.0,4141,1862,0.5011092053968458,"\{'nu':0.5,'kernel':'rbf','gamma':'auto'\}"
COMPLETED,0.78,243.0,0.8699999999999999,2350,2678,0.2358332580141723,"\{'nu':0.5,'kernel':'rbf','gamma':'auto'\}"
COMPLETED,0.9,366.0,0.94,1805,1918,0.2961344135589897,"\{'nu':0.5,'kernel':'rbf','gamma':'auto'\}"
COMPLETED,0.8,936.0,0.63,4841,3524,0.9668489465508608,"\{'nu':0.5,'kernel':'rbf','gamma':'auto'\}"
COMPLETED,0.93,594.0,1.0,3501,579,0.041581503175199,"\{'nu':0.5,'kernel':'rbf','gamma':'auto'\}"
COMPLETED,0.7399999999999999,439.0,0.11,480,3981,0.7109558441769331,"\{'nu':0.5,'kernel':'rbf','gamma':'auto'\}"
COMPLETED,0.82,245.0,0.19,260,1367,0.0972063599228858,"\{'nu':0.5,'kernel':'rbf','gamma':'auto'\}"
COMPLETED,0.8699999999999999,345.0,0.99,3261,2885,0.6436571417357771,"\{'nu':0.5,'kernel':'rbf','gamma':'auto'\}"
COMPLETED,0.92,635.0,1.0,4417,1140,0.3496938765011727,"\{'nu':0.5,'kernel':'rbf','gamma':'auto'\}"
COMPLETED,0.81,754.0,0.2099999999999999,1439,4610,0.8938300651479512,"\{'nu':0.5,'kernel':'rbf','gamma':'auto'\}"
COMPLETED,0.91,555.0,1.0,2140,141,0.5723291877452285,"\{'nu':0.5,'kernel':'rbf','gamma':'auto'\}"
COMPLETED,0.8499999999999999,292.0,0.94,3872,4092,0.184129681173712,"\{'nu':0.5,'kernel':'rbf','gamma':'auto'\}"
COMPLETED,0.77,493.0,0.78,2556,2354,0.8248187677245588,"\{'nu':0.5,'kernel':'rbf','gamma':'auto'\}"
COMPLETED,0.81,286.0,0.2399999999999999,810,3415,0.4343044597879052,"\{'nu':0.5,'kernel':'rbf','gamma':'auto'\}"
COMPLETED,0.91,365.0,0.8699999999999999,784,894,0.5792783004846424,"\{'nu':0.5,'kernel':'rbf','gamma':'auto'\}"
COMPLETED,0.7399999999999999,276.0,0.52,2572,4914,0.157454770475626,"\{'nu':0.5,'kernel':'rbf','gamma':'auto'\}"
COMPLETED,0.89,502.0,0.95,3893,1611,0.8334638734329491,"\{'nu':0.5,'kernel':'rbf','gamma':'auto'\}"
COMPLETED,0.7299999999999999,226.0,0.82,2129,2583,0.4141985889337956,"\{'nu':0.5,'kernel':'rbf','gamma':'auto'\}"
COMPLETED,0.89,302.0,0.65,1424,2170,0.1197467949129641,"\{'nu':0.5,'kernel':'rbf','gamma':'auto'\}"
COMPLETED,0.8699999999999999,392.0,0.99,4442,3619,0.6325735532883555,"\{'nu':0.5,'kernel':'rbf','gamma':'auto'\}"
COMPLETED,0.93,874.0,1.0,3273,327,0.3739342230632901,"\{'nu':0.5,'kernel':'rbf','gamma':'auto'\}"
COMPLETED,0.6999999999999998,723.0,0.04,239,3886,0.8893194351475686,"\{'nu':0.5,'kernel':'rbf','gamma':'auto'\}"
COMPLETED,0.8699999999999999,263.0,0.3499999999999999,507,1424,0.3028379109352827,"\{'nu':0.5,'kernel':'rbf','gamma':'auto'\}"
COMPLETED,0.8,709.0,0.6199999999999999,3483,3097,0.940903029864654,"\{'nu':0.5,'kernel':'rbf','gamma':'auto'\}"
COMPLETED,0.92,471.0,1.0,4817,1084,0.0504722242467105,"\{'nu':0.5,'kernel':'rbf','gamma':'auto'\}"
COMPLETED,0.8599999999999999,415.0,0.4,1819,4398,0.6901209793109446,"\{'nu':0.5,'kernel':'rbf','gamma':'auto'\}"
COMPLETED,0.93,543.0,1.0,2369,197,0.7779589988086372,"\{'nu':0.5,'kernel':'rbf','gamma':'auto'\}"
COMPLETED,0.8499999999999999,328.0,0.95,4112,4305,0.4813736211545765,"\{'nu':0.5,'kernel':'rbf','gamma':'auto'\}"
COMPLETED,0.8699999999999999,430.0,1.0,2938,2298,0.5255912412833422,"\{'nu':0.5,'kernel':'rbf','gamma':'auto'\}"
COMPLETED,0.8499999999999999,273.0,0.38,1208,3203,0.2305897079631686,"\{'nu':0.5,'kernel':'rbf','gamma':'auto'\}"
COMPLETED,0.76,629.0,0.2,997,2464,0.9704804645366966,"\{'nu':0.5,'kernel':'rbf','gamma':'auto'\}"
COMPLETED,0.8299999999999998,271.0,0.9,2983,3291,0.2694323022160678,"\{'nu':0.5,'kernel':'rbf','gamma':'auto'\}"
RUNNING,,,,4304,31,0.7239680814966559,"\{'nu':0.5,'kernel':'rbf','gamma':'auto'\}"
COMPLETED,0.7299999999999999,216.0,0.55,2342,4217,0.02060511781089,"\{'nu':0.5,'kernel':'rbf','gamma':'auto'\}"
COMPLETED,0.91,586.0,1.0,1637,1191,0.4475998161789029,"\{'nu':0.5,'kernel':'rbf','gamma':'auto'\}"
COMPLETED,0.82,657.0,0.8399999999999999,4854,4583,0.8079011572748422,"\{'nu':0.5,'kernel':'rbf','gamma':'auto'\}"
COMPLETED,0.91,435.0,1.0,3684,1316,0.2010892957765609,"\{'nu':0.5,'kernel':'rbf','gamma':'auto'\}"
COMPLETED,0.78,286.0,0.1499999999999999,453,2911,0.5590760437063873,"\{'nu':0.5,'kernel':'rbf','gamma':'auto'\}"
COMPLETED,0.82,221.0,0.11,58,532,0.1319350715819746,"\{'nu':0.5,'kernel':'rbf','gamma':'auto'\}"
COMPLETED,0.81,417.0,0.81,3308,4013,0.6164982603229581,"\{'nu':0.5,'kernel':'rbf','gamma':'auto'\}"
COMPLETED,0.9,369.0,1.0,4644,1965,0.3763841242175549,"\{'nu':0.5,'kernel':'rbf','gamma':'auto'\}"
COMPLETED,0.81,815.0,0.28,1368,3492,0.8596071209684014,"\{'nu':0.5,'kernel':'rbf','gamma':'auto'\}"
COMPLETED,0.89,445.0,0.97,1917,1757,0.670406231701374,"\{'nu':0.5,'kernel':'rbf','gamma':'auto'\}"
COMPLETED,0.9,329.0,1.0,3938,2808,0.0936197088267654,"\{'nu':0.5,'kernel':'rbf','gamma':'auto'\}"
COMPLETED,0.8599999999999999,490.0,0.95,2763,748,0.9148532209359108,"\{'nu':0.5,'kernel':'rbf','gamma':'auto'\}"
COMPLETED,0.8,288.0,0.16,758,4689,0.3367267142701894,"\{'nu':0.5,'kernel':'rbf','gamma':'auto'\}"
COMPLETED,0.8599999999999999,274.0,0.38,642,1687,0.0447022104319185,"\{'nu':0.5,'kernel':'rbf','gamma':'auto'\}"
COMPLETED,0.82,355.0,0.94,2724,2501,0.7154157749265432,"\{'nu':0.5,'kernel':'rbf','gamma':'auto'\}"
COMPLETED,0.93,651.0,1.0,4054,820,0.2930420455355197,"\{'nu':0.5,'kernel':'rbf','gamma':'auto'\}"
COMPLETED,0.79,1122.0,0.19,1958,4993,0.9624153882972896,"\{'nu':0.5,'kernel':'rbf','gamma':'auto'\}"
