Status,ACCURACY,RUNTIME,REQLABELS,recent_samples_size,n_samples,feature_proportion,n_clusters,confidence
COMPLETED,0.7299999999999999,194.0,0.7399999999999999,2250,3020,0.1600339251160621,34,0.05
COMPLETED,0.91,474.0,1.0,4523,1305,0.7995878102052956,2,0.001
COMPLETED,0.81,215.0,0.82,3290,3980,0.5993560728356241,14,0.1
COMPLETED,0.92,671.0,1.0,1188,383,0.4899801133796572,46,0.25
COMPLETED,0.9,325.0,1.0,2786,1123,0.0874954778328537,42,0.1
COMPLETED,0.8699999999999999,314.0,0.99,3777,3447,0.2643080966789275,32,0.01
COMPLETED,0.9,312.0,0.82,1675,2035,0.6543657860476523,12,0.025
COMPLETED,0.82,209.0,0.3099999999999999,1274,4093,0.414362183175981,9,0.001
COMPLETED,0.8499999999999999,254.0,1.0,3016,2517,0.8576704452801495,39,0.01
COMPLETED,0.8,191.0,0.17,289,1730,0.2492391643691808,20,0.025
COMPLETED,0.82,207.0,0.23,786,3325,0.6910032078046351,48,0.025
COMPLETED,0.9,341.0,1.0,3684,2235,0.3320757339615375,17,0.25
COMPLETED,0.8399999999999999,294.0,0.95,4754,4910,0.0060184701755642,6,0.05
COMPLETED,0.7399999999999999,189.0,1.0,2027,688,0.8951429022029042,38,0.1
COMPLETED,0.69,179.0,0.46,2175,4700,0.1141745060384273,35,0.05
COMPLETED,0.92,586.0,1.0,4922,801,0.9720408288538456,4,0.005
COMPLETED,0.8699999999999999,243.0,0.99,3516,3164,0.6742262441609054,19,0.005
COMPLETED,0.82,217.0,0.27,638,2377,0.284162963161245,50,0.1
COMPLETED,0.7199999999999999,173.0,0.05,124,2717,0.7804601011220365,21,0.05
COMPLETED,0.88,336.0,1.0,2871,1627,0.1409082413259893,40,0.025
COMPLETED,0.8699999999999999,234.0,0.99,4318,4263,0.4620848385244608,26,0.25
COMPLETED,0.8699999999999999,11838.0,1.0,1439,41,0.5714549684077501,8,0.01
COMPLETED,0.8699999999999999,350.0,0.4899999999999999,1824,3667,0.3743505421075969,10,0.001
COMPLETED,0.9,319.0,1.0,3945,1952,0.7332757555041463,29,0.1
COMPLETED,0.77,186.0,0.57,2618,4588,0.9305912733078004,44,0.025
COMPLETED,0.8599999999999999,3660.0,0.26,364,991,0.0414729087948799,25,0.01
COMPLETED,0.82,251.0,0.27,1022,3751,0.5202555120438336,47,0.1
COMPLETED,0.93,1004.0,1.0,3144,476,0.3796409545987844,15,0.005
COMPLETED,0.89,336.0,1.0,4669,2839,0.205744555318728,2,0.025
COMPLETED,0.8599999999999999,228.0,1.0,2416,1427,0.8141811899188905,33,0.25
COMPLETED,0.7399999999999999,1836.0,0.5899999999999999,2456,3999,0.1494853012729436,42,0.001
COMPLETED,0.8699999999999999,243.0,1.0,3260,3085,0.5921237294897436,12,0.25
COMPLETED,0.9,288.0,0.7199999999999999,982,1362,0.4520606020316481,30,0.1
COMPLETED,0.75,198.0,0.11,405,3575,0.9868238778784872,3,0.005
COMPLETED,0.82,3889.0,0.89,2502,2175,0.0982493292167782,34,0.01
COMPLETED,0.8599999999999999,263.0,0.89,4061,4500,0.3025089741367846,44,0.001
COMPLETED,0.91,371.0,1.0,1784,1212,0.6608903716821223,14,0.25
COMPLETED,0.89,293.0,0.5799999999999998,1558,2650,0.3940961347743868,17,0.005
COMPLETED,0.91,364.0,1.0,4280,1875,0.5030440370365977,49,0.01
COMPLETED,0.8,224.0,0.69,2908,4199,0.8328702682722359,37,0.025
COMPLETED,0.69,435.0,0.02,5,287,0.1937406360972672,6,0.01
COMPLETED,0.78,191.0,0.1499999999999999,756,4925,0.742241597386077,28,0.001
COMPLETED,0.93,576.0,1.0,3478,709,0.3526081581432372,9,0.005
COMPLETED,0.8699999999999999,324.0,1.0,4960,3385,0.0617376894131302,20,0.1
COMPLETED,0.66,191.0,0.9,2057,2287,0.9191741704717278,38,0.01
COMPLETED,0.89,254.0,0.5799999999999998,1911,3253,0.0783925443291664,41,0.25
COMPLETED,0.9,367.0,1.0,4794,2478,0.9669653084278106,22,0.05
COMPLETED,0.8399999999999999,208.0,0.7399999999999999,3644,4842,0.6342076405081897,7,0.01
COMPLETED,0.91,361.0,0.97,902,929,0.2758318345937877,26,0.05
COMPLETED,0.69,166.0,0.04,173,4322,0.7852697216514498,5,0.01
COMPLETED,0.89,373.0,1.0,4131,2743,0.471184399947524,50,0.005
COMPLETED,0.9,381.0,0.8399999999999999,1390,1645,0.6112533569782971,18,0.025
COMPLETED,0.8499999999999999,209.0,0.35,1638,4641,0.3171556081864982,16,0.01
COMPLETED,0.8,203.0,0.7199999999999999,2667,3688,0.8769035114347935,32,0.05
COMPLETED,0.82,233.0,0.28,551,1965,0.0194609628617763,1,0.25
COMPLETED,0.8499999999999999,232.0,0.39,1150,2933,0.5465352108031512,29,0.025
COMPLETED,0.91,309.0,1.0,3408,1533,0.4375888551622629,11,0.05
COMPLETED,0.8699999999999999,244.0,0.99,4405,3897,0.2284637830797582,24,0.25
COMPLETED,0.8699999999999999,250.0,1.0,2288,609,0.8675880615655333,43,0.1
COMPLETED,0.7199999999999999,166.0,0.51,2317,4489,0.1960284682530909,20,0.25
COMPLETED,0.92,488.0,1.0,4419,1203,0.8355783055443315,39,0.1
COMPLETED,0.8399999999999999,268.0,0.96,3395,3526,0.514403606303036,28,0.25
COMPLETED,0.8699999999999999,284.0,0.52,1122,2127,0.4050316918566823,9,0.001
COMPLETED,0.8,201.0,0.2,617,3094,0.9090951739177108,38,0.025
COMPLETED,0.8499999999999999,1192.0,0.96,2719,1372,0.0512270665392279,6,0.005
COMPLETED,0.8599999999999999,229.0,0.94,3844,4048,0.3490435603428632,16,0.05
COMPLETED,0.8399999999999999,230.0,0.39,1341,3414,0.4406372792497277,45,0.05
COMPLETED,0.9,397.0,1.0,4068,2317,0.5812538591995835,14,0.005
COMPLETED,0.81,209.0,0.6199999999999999,3121,4992,0.7551483605224639,3,0.001
COMPLETED,0.8499999999999999,441.0,0.28,223,778,0.1467135104853659,33,0.025
COMPLETED,0.78,239.0,0.2099999999999999,891,4170,0.6645111088622361,13,0.1
COMPLETED,0.92,1628.0,1.0,3618,258,0.3055876800287514,31,0.01
COMPLETED,0.89,300.0,1.0,4821,2581,0.1082702531144022,41,0.25
COMPLETED,0.91,520.0,1.0,1923,1807,0.9973906401321292,23,0.001
COMPLETED,0.67,3447.0,0.65,2090,2811,0.0313720810860395,25,0.01
COMPLETED,0.83,238.0,0.79,3471,4350,0.71242412503995,29,0.05
COMPLETED,0.92,3058.0,0.97,724,136,0.3223644131664186,10,0.001
COMPLETED,0.64,206.0,0.02,78,4773,0.8634795289430767,33,0.005
COMPLETED,0.92,342.0,1.0,2957,861,0.2239236241374164,2,0.05
COMPLETED,0.89,281.0,0.99,4232,3223,0.4241572594642639,15,0.025
COMPLETED,0.88,272.0,0.6,1485,2449,0.5335314343571663,46,0.1
COMPLETED,0.8599999999999999,520.0,0.45,1738,3847,0.2701333603803068,50,0.005
COMPLETED,0.92,587.0,1.0,3992,561,0.629062618786469,19,0.25
COMPLETED,0.79,201.0,0.8699999999999999,2572,2923,0.9551179734617472,4,0.001
COMPLETED,0.8399999999999999,6827.0,0.2,451,1524,0.0659955639392137,35,0.005
COMPLETED,0.82,213.0,0.26,977,3736,0.6247429955899715,8,0.01
COMPLETED,0.8699999999999999,273.0,1.0,3230,2014,0.4841320072710514,27,0.025
COMPLETED,0.8599999999999999,297.0,0.98,4583,4651,0.1814348580334335,40,0.01
COMPLETED,0.88,231.0,1.0,2462,1061,0.7898679235074669,21,0.1
COMPLETED,0.7399999999999999,182.0,0.66,2346,3516,0.2382417275626212,6,0.1
COMPLETED,0.9,312.0,1.0,4624,2103,0.846130977185443,37,0.05
COMPLETED,0.83,223.0,0.7099999999999999,3190,4428,0.5523271626606583,49,0.005
COMPLETED,0.91,307.0,0.95,1093,1152,0.4122599901929497,17,0.25
COMPLETED,0.7199999999999999,196.0,0.0899999999999999,335,3913,0.898337753407657,38,0.25
COMPLETED,0.92,1413.0,1.0,2613,314,0.0097667738720774,20,0.025
COMPLETED,0.88,291.0,1.0,3951,2991,0.3425225438345223,10,0.05
COMPLETED,0.8399999999999999,245.0,0.3,1448,4862,0.4925720053389668,31,0.05
COMPLETED,0.93,580.0,1.0,4350,639,0.6015163384750485,12,0.025
COMPLETED,0.82,232.0,0.8499999999999999,2839,3316,0.8106433196682483,23,0.25
COMPLETED,0.69,2860.0,0.05,116,2225,0.1715172566194087,43,0.001
COMPLETED,0.82,230.0,0.27,686,2566,0.6439827296901494,13,0.01
COMPLETED,0.9,325.0,1.0,3589,1778,0.2543452454376965,45,0.025
COMPLETED,0.8499999999999999,3141.0,0.95,4850,4103,0.0842349398359656,35,0.01
COMPLETED,0.91,303.0,1.0,2128,202,0.9416754659041762,3,0.05
COMPLETED,0.8599999999999999,249.0,0.46,1963,4254,0.0364440323859453,1,0.025
COMPLETED,0.9,242.0,0.54,851,1578,0.3623794476930052,16,0.25
COMPLETED,0.7399999999999999,190.0,0.08,264,3174,0.8270012307260184,43,0.025
COMPLETED,0.8699999999999999,223.0,1.0,3005,2386,0.2191180486176163,24,0.05
COMPLETED,0.8499999999999999,225.0,0.88,4184,4750,0.3843629159033298,11,0.1
COMPLETED,0.92,468.0,1.0,1300,849,0.5244278279244899,30,0.001
COMPLETED,0.89,348.0,0.5899999999999999,1690,2869,0.2966218530181795,26,0.25
COMPLETED,0.91,472.0,1.0,3806,1456,0.6862535076979547,7,0.01
COMPLETED,0.78,197.0,0.7199999999999999,2757,3820,0.9771258743852376,22,0.005
COMPLETED,0.91,721.0,0.9,499,544,0.1196873708218336,41,0.025
COMPLETED,0.82,246.0,0.27,1240,4559,0.5667986641526221,18,0.005
COMPLETED,0.92,451.0,1.0,3357,961,0.4578487393856048,49,0.25
COMPLETED,0.8699999999999999,1179.0,0.99,4457,3599,0.1280244172606617,36,0.001
COMPLETED,0.76,192.0,1.0,2199,1883,0.7671522648725658,5,0.01
COMPLETED,0.7,188.0,0.52,2210,4202,0.559424959246069,7,0.1
COMPLETED,0.92,1480.0,1.0,4487,299,0.4188057619370519,26,0.25
COMPLETED,0.89,251.0,1.0,3326,2623,0.2447951097246259,41,0.025
COMPLETED,0.8699999999999999,297.0,0.67,1229,1838,0.8532211559172719,22,0.005
COMPLETED,0.79,524.0,0.14,471,3372,0.3354209401812404,49,0.001
COMPLETED,0.8399999999999999,218.0,1.0,2749,2285,0.6943584075774997,18,0.1
COMPLETED,0.8399999999999999,246.0,0.76,3815,4961,0.8917881783135235,5,0.025
COMPLETED,0.92,3888.0,0.93,1718,736,0.0026727880723774,36,0.01
COMPLETED,0.8599999999999999,241.0,0.4299999999999999,1311,3048,0.8040394752677529,32,0.001
COMPLETED,0.91,410.0,1.0,4214,1335,0.1644755994137376,1,0.005
COMPLETED,0.81,226.0,0.7399999999999999,2974,4011,0.4855379659868777,16,0.25
COMPLETED,0.81,471.0,0.1799999999999999,822,4526,0.090842591304332,25,0.05
COMPLETED,0.92,426.0,1.0,3725,1249,0.948713316041976,43,0.025
COMPLETED,0.8699999999999999,257.0,0.99,4713,3573,0.6510129619743675,30,0.001
COMPLETED,0.9,365.0,0.92,1991,2163,0.2609605073239654,11,0.25
COMPLETED,0.67,185.0,0.57,2138,3695,0.7298067861180751,12,0.025
COMPLETED,0.9,447.0,1.0,4880,1982,0.3708753862362355,30,0.05
COMPLETED,0.83,2042.0,0.7399999999999999,3558,4619,0.0449475887827575,42,0.01
COMPLETED,0.9,322.0,0.66,675,1020,0.9340607185773552,24,0.1
COMPLETED,0.64,184.0,0.02,88,3879,0.3753111454509198,44,0.01
COMPLETED,0.92,525.0,1.0,2830,602,0.5159356964491307,14,0.05
COMPLETED,0.89,273.0,0.99,4358,2965,0.8185014813970773,4,0.25
COMPLETED,0.91,601.0,0.94,1475,1555,0.2100738885831087,34,0.005
COMPLETED,0.8399999999999999,237.0,0.39,1865,4809,0.9685737667195498,37,0.05
COMPLETED,0.92,589.0,1.0,3981,907,0.11069745035097,5,0.1
COMPLETED,0.79,197.0,0.78,2582,3270,0.2876395429652184,17,0.25
COMPLETED,0.78,201.0,0.13,324,2485,0.677693782178685,49,0.005
COMPLETED,0.8499999999999999,251.0,0.38,1065,2764,0.1365803319942206,19,0.025
COMPLETED,0.8499999999999999,267.0,0.99,4632,4314,0.5757771671377122,28,0.1
COMPLETED,0.93,970.0,1.0,2374,89,0.4664122719727456,9,0.025
COMPLETED,0.8,205.0,0.98,2492,2525,0.5073657598830759,19,0.001
COMPLETED,0.91,607.0,1.0,4594,1747,0.3984240441061556,50,0.005
COMPLETED,0.82,336.0,0.78,3219,4071,0.1894132026489823,35,0.005
COMPLETED,0.92,1155.0,1.0,946,161,0.8285480695422738,4,0.1
COMPLETED,0.7199999999999999,179.0,0.0899999999999999,442,4894,0.3560852138306945,27,0.025
COMPLETED,0.91,306.0,1.0,2544,681,0.7457086595203727,8,0.05
COMPLETED,0.88,338.0,1.0,4019,3357,0.9157066324539482,21,0.01
COMPLETED,0.9,326.0,0.77,1746,2257,0.0582611096091568,40,0.25
COMPLETED,0.8399999999999999,248.0,0.38,1516,3949,0.7616903214808552,44,0.005
COMPLETED,0.92,941.0,1.0,4243,361,0.1538151104208081,25,0.1
COMPLETED,0.8499999999999999,207.0,0.97,2946,3037,0.4477312687672674,10,0.01
COMPLETED,0.7199999999999999,174.0,0.04,48,1312,0.5878034380115568,29,0.25
COMPLETED,0.81,204.0,0.2,715,3469,0.1017244850881397,1,0.001
COMPLETED,0.83,252.0,0.99,4996,4391,0.6574209264125674,46,0.005
COMPLETED,0.75,181.0,1.0,2098,1106,0.299034294148907,15,0.025
COMPLETED,0.8499999999999999,246.0,0.4199999999999999,1953,4591,0.7034380079191178,14,0.005
COMPLETED,0.92,457.0,1.0,4832,1003,0.31380849471502,46,0.05
COMPLETED,0.8599999999999999,262.0,0.99,3607,3640,0.0228085522167384,34,0.1
COMPLETED,0.8599999999999999,250.0,0.45,860,1915,0.8802563355080782,2,0.001
COMPLETED,0.75,188.0,0.08,214,2827,0.4331471836529672,32,0.05
COMPLETED,0.9,286.0,1.0,3093,1424,0.5420835457406938,12,0.001
COMPLETED,0.8699999999999999,256.0,0.99,4096,3788,0.8720392507445067,22,0.05
COMPLETED,0.92,1545.0,1.0,1349,502,0.2329059304725378,42,0.01
COMPLETED,0.88,269.0,0.51,1602,3128,0.963610108654946,39,0.1
COMPLETED,0.89,1446.0,0.99,3855,2350,0.0750473381094634,21,0.025
COMPLETED,0.78,191.0,0.57,2708,4713,0.2791775166969746,9,0.005
COMPLETED,0.78,215.0,0.26,1113,4291,0.1729389157723635,7,0.25
COMPLETED,0.89,5814.0,1.0,3366,78,0.7808199564050882,37,0.01
COMPLETED,0.89,290.0,1.0,4447,2715,0.6157026463411748,48,0.25
COMPLETED,0.81,194.0,1.0,2325,1615,0.4756284545920789,17,0.05
COMPLETED,0.7199999999999999,180.0,0.69,2280,3288,0.5855817685313522,47,0.25
COMPLETED,0.78,189.0,0.14,581,4139,0.3090547421630471,11,0.05
COMPLETED,0.88,315.0,1.0,3885,2553,0.9939140603281555,43,0.1
COMPLETED,0.9,383.0,0.9,1607,1777,0.1048027150966227,24,0.25
COMPLETED,0.8399999999999999,229.0,0.3099999999999999,1382,4439,0.8399081146921962,22,0.01
COMPLETED,0.91,994.0,1.0,4104,1155,0.2003482838477939,41,0.005
COMPLETED,0.8499999999999999,219.0,0.88,3085,3479,0.4007114003784954,26,0.025
COMPLETED,0.76,181.0,0.0899999999999999,182,2077,0.5100742730386554,7,0.1
COMPLETED,0.8399999999999999,219.0,0.3099999999999999,933,2988,0.0546960359252989,36,0.25
COMPLETED,0.91,391.0,1.0,3655,1264,0.9125703297890722,5,0.05
COMPLETED,0.8599999999999999,240.0,1.0,4784,3939,0.7356301388498395,18,0.025
COMPLETED,0.64,167.0,0.54,2049,3797,0.6257155053149908,48,0.1
COMPLETED,0.92,1268.0,1.0,4932,513,0.266780060423538,18,0.005
COMPLETED,0.8699999999999999,465.0,0.98,3507,2876,0.0693483880124986,6,0.005
COMPLETED,0.88,277.0,0.52,765,1474,0.9584655628167092,37,0.025
COMPLETED,0.5899999999999999,161.0,0.01,36,3630,0.479680342208594,10,0.05
COMPLETED,0.8699999999999999,272.0,1.0,2920,1906,0.6203013240806758,28,0.25
COMPLETED,0.8699999999999999,227.0,0.93,4269,4542,0.7943100709002465,38,0.001
COMPLETED,0.92,451.0,1.0,1528,955,0.185886047212407,20,0.05
COMPLETED,0.89,290.0,0.66,1775,2685,0.8858896285556256,23,0.025
COMPLETED,0.91,3597.0,0.99,4033,1586,0.0280168813131749,42,0.01
COMPLETED,0.76,280.0,0.5899999999999999,2530,4222,0.3257191370557993,31,0.001
COMPLETED,0.82,1085.0,0.2099999999999999,1013,4742,0.219473858891055,35,0.001
COMPLETED,0.92,416.0,1.0,3271,833,0.8590359501820057,3,0.1
COMPLETED,0.89,272.0,0.99,4543,3195,0.537975489001721,13,0.05
COMPLETED,0.79,209.0,0.99,2426,2419,0.4286065488271414,45,0.01
COMPLETED,0.7399999999999999,179.0,0.4799999999999999,2388,4971,0.6059599172361195,29,0.1
COMPLETED,0.93,643.0,1.0,4661,745,0.4970217705853283,11,0.01
COMPLETED,0.8399999999999999,454.0,0.91,3153,3422,0.1670679672565311,25,0.005
COMPLETED,0.88,242.0,0.45,1051,2333,0.8061992650236934,44,0.05
COMPLETED,0.8,221.0,0.14,376,2614,0.2577004452105611,15,0.005
COMPLETED,0.8399999999999999,282.0,1.0,2649,1828,0.6473279359098523,46,0.01
COMPLETED,0.8499999999999999,268.0,0.94,3915,4153,0.9383297838009894,33,0.25
COMPLETED,0.92,9721.0,1.0,1813,250,0.0808802159465849,2,0.001
COMPLETED,0.8599999999999999,264.0,0.4,1411,3544,0.8505726486947386,4,0.005
COMPLETED,0.91,402.0,1.0,4309,2133,0.2426933926250785,35,0.05
COMPLETED,0.79,223.0,0.64,2879,4458,0.4078088010139763,50,0.1
COMPLETED,0.78,237.0,0.13,152,1180,0.5478850152678788,19,0.001
COMPLETED,0.75,1485.0,0.16,649,4041,0.0131200738288462,40,0.025
COMPLETED,0.88,288.0,1.0,4892,3117,0.6975527828987687,8,0.005
COMPLETED,0.78,253.0,1.0,2165,1403,0.3391697197612374,27,0.01
COMPLETED,0.9,277.0,0.69,1999,2897,0.6827783518265932,28,0.05
COMPLETED,0.92,418.0,1.0,4746,1486,0.2931528836321085,8,0.25
COMPLETED,0.8599999999999999,318.0,0.95,3693,3851,0.1231568160913884,20,0.001
COMPLETED,0.7,198.0,0.0599999999999999,301,4688,0.4535289237909018,16,0.001
COMPLETED,0.91,336.0,1.0,3047,1087,0.5624688550047576,48,0.025
COMPLETED,0.8699999999999999,711.0,1.0,4141,3724,0.7714815981369466,38,0.005
COMPLETED,0.88,268.0,0.63,1263,2011,0.1323447087388485,6,0.05
COMPLETED,0.8499999999999999,269.0,0.3699999999999999,1648,4363,0.9215433099232612,3,0.001
COMPLETED,0.9,4106.0,1.0,3769,138,0.0329769702516496,34,0.05
COMPLETED,0.83,360.0,0.99,2795,2775,0.3658469857107847,45,0.005
COMPLETED,0.8599999999999999,296.0,0.32,541,1686,0.7242354025375098,15,0.1
COMPLETED,0.8399999999999999,223.0,0.3699999999999999,1199,3222,0.214796325771138,41,0.1
COMPLETED,0.89,245.0,1.0,3321,2436,0.8226733213942496,23,0.025
COMPLETED,0.8499999999999999,231.0,0.93,4493,4800,0.5287552613727748,13,0.001
COMPLETED,0.8399999999999999,243.0,1.0,2240,897,0.3886851146332919,31,0.25
COMPLETED,0.7099999999999999,399.0,0.46,2235,4794,0.2819528756812214,39,0.005
COMPLETED,0.8599999999999999,260.0,0.99,3306,3208,0.9742432575840502,9,0.25
COMPLETED,0.88,289.0,0.4899999999999999,1204,2430,0.1167994598168879,29,0.025
COMPLETED,0.79,261.0,0.19,536,2791,0.573699260013178,5,0.01
COMPLETED,0.8699999999999999,264.0,1.0,2809,1690,0.4647592693138867,37,0.05
COMPLETED,0.83,6604.0,0.8499999999999999,3754,4367,0.1386714894995093,49,0.005
COMPLETED,0.82,1655.0,0.3099999999999999,1258,3721,0.0431877948958426,14,0.01
COMPLETED,0.9,358.0,1.0,4156,1996,0.9317545509655027,44,0.25
COMPLETED,0.79,227.0,0.65,3032,4672,0.7315532106533646,34,0.1
COMPLETED,0.8599999999999999,451.0,0.28,305,1083,0.3731644963994621,3,0.001
COMPLETED,0.8,205.0,0.2099999999999999,809,3864,0.8124319807216523,30,0.025
COMPLETED,0.92,541.0,1.0,3707,578,0.2045546876713633,12,0.1
COMPLETED,0.9,262.0,1.0,4731,2903,0.3813977035749703,24,0.01
COMPLETED,0.7,179.0,0.69,2150,3113,0.4916838757041841,43,0.25
COMPLETED,0.92,404.0,1.0,4896,1388,0.6006218438986689,24,0.025
COMPLETED,0.8499999999999999,219.0,0.8699999999999999,3542,4025,0.7979069646447897,11,0.001
COMPLETED,0.91,1891.0,0.95,663,436,0.1587757263630628,30,0.01
COMPLETED,0.65,181.0,0.0299999999999999,137,4472,0.6526963468194008,1,0.005
COMPLETED,0.89,446.0,1.0,2884,1186,0.263068915605545,32,0.01
COMPLETED,0.88,434.0,0.99,4304,3550,0.0891421192679554,47,0.05
COMPLETED,0.89,277.0,0.66,1426,2147,0.9465915086660533,16,0.01
COMPLETED,0.8599999999999999,403.0,0.4299999999999999,1798,4147,0.2470712520629167,18,0.001
COMPLETED,0.81,398.0,1.0,2644,2601,0.5571660230699926,36,0.025
COMPLETED,0.82,197.0,0.2099999999999999,390,1822,0.4170901062432676,5,0.1
COMPLETED,0.8399999999999999,218.0,0.3,1036,3438,0.8972766103837639,26,0.1
COMPLETED,0.8699999999999999,901.0,0.96,3157,2337,0.0087121147606521,7,0.005
COMPLETED,0.8499999999999999,229.0,0.93,4656,4975,0.3299192279875278,22,0.005
COMPLETED,0.88,258.0,1.0,2402,761,0.6883018747270107,41,0.05
COMPLETED,0.79,704.0,0.76,2440,3189,0.277006408907473,37,0.001
COMPLETED,0.9,307.0,1.0,4537,2405,0.6359416753426194,7,0.025
COMPLETED,0.8399999999999999,226.0,0.69,3276,4729,0.965798422606662,17,0.05
COMPLETED,0.7299999999999999,228.0,0.1,428,4238,0.6100445785392075,21,0.005
COMPLETED,0.89,302.0,1.0,4038,2689,0.1785837034508585,27,0.1
COMPLETED,0.91,484.0,1.0,1760,1602,0.7870075486823916,9,0.005
COMPLETED,0.8599999999999999,267.0,0.34,1542,4538,0.0168324009198695,12,0.25
COMPLETED,0.82,219.0,0.8,2924,3614,0.7094275583103298,42,0.025
COMPLETED,0.63,186.0,0.01,21,1902,0.3193771856501698,23,0.01
COMPLETED,0.8399999999999999,222.0,0.27,780,2889,0.8702509466037153,46,0.1
COMPLETED,0.91,386.0,1.0,3502,1480,0.230689152739942,14,0.25
COMPLETED,0.8699999999999999,279.0,0.99,4937,3803,0.4349184006024152,2,0.025
COMPLETED,0.8699999999999999,263.0,0.4799999999999999,1885,3935,0.4493213376943022,33,0.1
COMPLETED,0.92,980.0,1.0,4769,336,0.589944282585755,2,0.05
COMPLETED,0.88,301.0,1.0,3670,2972,0.7600868832021951,15,0.05
COMPLETED,0.9,422.0,0.7299999999999999,928,1260,0.1516572083979844,46,0.025
COMPLETED,0.67,173.0,0.05,187,3492,0.6635953129231928,25,0.25
COMPLETED,0.8699999999999999,388.0,1.0,3070,2083,0.3046618310511112,44,0.005
COMPLETED,0.8499999999999999,3476.0,0.8699999999999999,4118,4445,0.0955671560261398,29,0.01
COMPLETED,0.91,394.0,1.0,1377,1169,0.9846786797139792,10,0.025
COMPLETED,0.89,324.0,0.63,1612,2547,0.1949948614090681,8,0.05
COMPLETED,0.78,188.0,0.65,2693,4126,0.5017669247034937,40,0.25
COMPLETED,0.93,642.0,1.0,576,224,0.3924037546161562,21,0.05
COMPLETED,0.81,216.0,0.2399999999999999,1163,4880,0.9179541492853311,50,0.025
COMPLETED,0.93,733.0,1.0,3422,656,0.0600795579943805,19,0.1
COMPLETED,0.88,342.0,1.0,4391,3292,0.3538509473800658,4,0.01
COMPLETED,0.79,203.0,1.0,2275,2205,0.7439073875546455,35,0.005
COMPLETED,0.77,185.0,0.8599999999999999,2340,2699,0.3240339509174227,3,0.001
COMPLETED,0.91,353.0,1.0,4442,1611,0.713663166694343,35,0.25
COMPLETED,0.83,234.0,0.78,3371,4287,0.8875880650747567,45,0.01
COMPLETED,0.92,3401.0,0.8499999999999999,1098,62,0.0301406981814652,13,0.01
COMPLETED,0.7399999999999999,213.0,0.13,602,4720,0.5318275735098869,43,0.25
COMPLETED,0.91,516.0,1.0,2704,816,0.4228916278202086,23,0.01
COMPLETED,0.89,310.0,0.99,3860,3141,0.2256045979633927,12,0.005
COMPLETED,0.8499999999999999,757.0,0.35,1364,3775,0.0638617274928837,28,0.025
COMPLETED,0.8599999999999999,234.0,1.0,3098,2821,0.6312192232832312,20,0.005
COMPLETED,0.81,201.0,0.14,200,1411,0.2728345540389418,38,0.025
COMPLETED,0.81,212.0,0.2399999999999999,875,3644,0.7920359640792011,17,0.001
COMPLETED,0.9,354.0,1.0,3602,1931,0.1841551019027829,48,0.05
COMPLETED,0.8599999999999999,229.0,0.99,4837,4607,0.4819410796780139,37,0.1
COMPLETED,0.92,508.0,1.0,1939,1007,0.6220152119416743,6,0.01
COMPLETED,0.68,171.0,0.4799999999999999,2103,4378,0.4027872719857841,5,0.05
COMPLETED,0.92,459.0,1.0,4981,1100,0.5117292851898819,36,0.25
COMPLETED,0.8499999999999999,248.0,0.99,3458,3463,0.8378151558935641,49,0.01
COMPLETED,0.8399999999999999,240.0,0.34,711,2053,0.1986798726022243,18,0.25
COMPLETED,0.65,172.0,0.02,53,3041,0.7413150345832109,40,0.005
COMPLETED,0.9,416.0,1.0,2931,1328,0.3516911724954843,22,0.1
COMPLETED,0.8699999999999999,399.0,0.98,4258,3965,0.0490245392862707,7,0.025
COMPLETED,0.92,939.0,1.0,1511,365,0.9064703595582396,26,0.05
COMPLETED,0.88,562.0,0.52,1751,3341,0.1484628182053565,30,0.005
COMPLETED,0.9,422.0,1.0,4005,2253,0.7563380887508391,11,0.001
COMPLETED,0.7399999999999999,191.0,0.52,2559,4890,0.5794969819579273,24,0.05
COMPLETED,0.9,1239.0,0.65,437,665,0.4394246342573314,43,0.005
COMPLETED,0.81,211.0,0.23,951,4077,0.9956756555084137,16,0.01
COMPLETED,0.92,2659.0,1.0,3205,174,0.1071071148756891,47,0.025
COMPLETED,0.9,326.0,1.0,4609,2538,0.3073103531450033,32,0.01
COMPLETED,0.8399999999999999,214.0,1.0,2487,1752,0.6656970448940991,1,0.1
COMPLETED,0.7299999999999999,196.0,0.55,2369,4298,0.3596743670329451,23,0.01
COMPLETED,0.88,5522.0,1.0,4647,85,0.7186060643419623,41,0.005
COMPLETED,0.8599999999999999,259.0,1.0,3167,2761,0.9277026484776288,31,0.1
COMPLETED,0.88,1306.0,0.6099999999999999,1070,1662,0.0385891022849828,13,0.05
COMPLETED,0.7299999999999999,178.0,0.1,319,3276,0.5271672316808254,33,0.05
COMPLETED,0.83,205.0,1.0,2597,2499,0.386542264284566,3,0.25
COMPLETED,0.8499999999999999,231.0,0.82,3967,4822,0.2164015616253018,14,0.025
COMPLETED,0.8699999999999999,4888.0,0.47,1471,2951,0.1209075016845017,48,0.001
COMPLETED,0.92,412.0,1.0,4374,1549,0.9787838775385173,16,0.025
COMPLETED,0.8,212.0,0.7199999999999999,2815,3873,0.6850105790421366,6,0.01
COMPLETED,0.79,1970.0,0.1499999999999999,93,588,0.2949561613723635,38,0.005
COMPLETED,0.78,180.0,0.14,670,4622,0.7658979298844933,9,0.01
COMPLETED,0.88,294.0,0.99,4865,3711,0.4591259911376983,39,0.25
COMPLETED,0.76,194.0,1.0,2143,1986,0.5684909457881003,20,0.1
COMPLETED,0.88,292.0,0.55,1977,3559,0.413468878308311,21,0.025
COMPLETED,0.9,359.0,1.0,4718,2157,0.5540877781901508,40,0.001
COMPLETED,0.8499999999999999,230.0,0.82,3720,4520,0.8449296288490294,27,0.25
COMPLETED,0.88,390.0,0.67,837,1235,0.2365039990544319,8,0.005
COMPLETED,0.7,178.0,0.0599999999999999,238,4014,0.6997256882637739,36,0.1
COMPLETED,0.93,506.0,1.0,2979,427,0.340788637265563,4,0.005
COMPLETED,0.89,391.0,1.0,4209,3064,0.0109337991122156,19,0.1
COMPLETED,0.91,608.0,0.99,1326,1339,0.9000488919261843,50,0.25
COMPLETED,0.8399999999999999,1624.0,0.34,1703,4945,0.1688542321622371,46,0.001
COMPLETED,0.93,600.0,1.0,3820,732,0.808418048530817,15,0.1
COMPLETED,0.79,195.0,0.81,2744,3369,0.6041869027111679,2,0.005
COMPLETED,0.82,200.0,0.2099999999999999,486,2270,0.4948201634977013,33,0.025
COMPLETED,0.8699999999999999,241.0,0.46,1214,2629,0.9443041672650724,10,0.25
COMPLETED,0.88,3587.0,0.96,3331,1852,0.0864336209837347,29,0.01
COMPLETED,0.8399999999999999,261.0,0.99,4483,4215,0.2517088853269815,44,0.05
COMPLETED,0.7299999999999999,174.0,0.6,2194,3612,0.93620621602796,15,0.05
COMPLETED,0.81,210.0,0.7299999999999999,3342,4566,0.3687223490066826,33,0.025
COMPLETED,0.91,387.0,1.0,1244,975,0.7271020214743911,1,0.05
COMPLETED,0.76,194.0,0.13,494,3816,0.2079018011428415,29,0.05
COMPLETED,0.92,614.0,1.0,2772,528,0.8157852806784212,10,0.25
COMPLETED,0.89,317.0,0.99,3792,2853,0.5181154426392168,25,0.005
COMPLETED,0.91,2450.0,0.97,1694,1452,0.3780501142200082,44,0.001
COMPLETED,0.81,203.0,0.27,1295,4766,0.6760282875783741,40,0.001
COMPLETED,0.93,555.0,1.0,4198,853,0.2863964544422924,22,0.025
COMPLETED,0.82,4835.0,0.93,2990,3178,0.1123554051723331,8,0.005
COMPLETED,0.7299999999999999,192.0,0.11,268,2402,0.9697939682211726,27,0.01
COMPLETED,0.8499999999999999,249.0,0.32,845,2662,0.4681044755335897,4,0.005
COMPLETED,0.91,424.0,1.0,3748,1564,0.5770544597860425,35,0.1
COMPLETED,0.8599999999999999,237.0,1.0,4690,4241,0.7744538334645331,50,0.25
COMPLETED,0.91,339.0,1.0,1435,1367,0.2831703231930732,9,0.025
COMPLETED,0.82,240.0,0.83,3416,4055,0.5368446141760796,44,0.01
COMPLETED,0.8599999999999999,257.0,0.4,1031,2540,0.1506135568805039,18,0.05
COMPLETED,0.89,293.0,1.0,4937,3275,0.4957641230020671,22,0.25
COMPLETED,0.82,1295.0,0.9,2528,1882,0.0669109286088496,6,0.001
COMPLETED,0.52,168.0,0.4299999999999999,2009,4575,0.8195816170051694,46,0.01
COMPLETED,0.88,4427.0,1.0,2239,420,0.2374189036414027,48,0.005
COMPLETED,0.83,208.0,0.93,2912,3108,0.9900893522370606,2,0.001
COMPLETED,0.91,419.0,1.0,4546,1737,0.5768605502787977,23,0.05
COMPLETED,0.7199999999999999,196.0,0.07,302,4112,0.3231860492378473,26,0.01
COMPLETED,0.81,228.0,0.26,641,2447,0.7933319825567305,13,0.001
COMPLETED,0.8399999999999999,232.0,0.8,3896,4828,0.0406614986415952,36,0.1
COMPLETED,0.92,431.0,1.0,3646,955,0.3915376894306391,39,0.25
COMPLETED,0.8599999999999999,272.0,0.4899999999999999,1819,3647,0.645212210919708,10,0.001
COMPLETED,0.91,375.0,1.0,1660,1163,0.4645775097068399,11,0.05
COMPLETED,0.8599999999999999,230.0,1.0,3502,3475,0.7182480828501284,41,0.1
COMPLETED,0.9,362.0,1.0,4035,2307,0.8507701263986527,38,0.025
COMPLETED,0.7399999999999999,7475.0,0.1199999999999999,804,4931,0.0980955156814306,15,0.001
COMPLETED,0.7199999999999999,270.0,0.08,129,1635,0.5056543165016919,28,0.1
COMPLETED,0.8599999999999999,238.0,0.99,4398,4256,0.2519837191924452,25,0.005
COMPLETED,0.92,554.0,1.0,3066,590,0.1817981365174055,3,0.001
COMPLETED,0.76,191.0,0.83,2408,2896,0.9344727862719446,50,0.25
COMPLETED,0.75,4008.0,0.89,2173,2091,0.009471089432016,45,0.01
COMPLETED,0.79,181.0,0.6,2667,4404,0.762145488232374,5,0.25
COMPLETED,0.93,552.0,1.0,4792,755,0.67639691696316,20,0.005
COMPLETED,0.7399999999999999,184.0,0.11,370,3379,0.4227260798532515,29,0.1
COMPLETED,0.89,297.0,1.0,4276,2683,0.206228486996144,33,0.025
COMPLETED,0.9,295.0,1.0,3267,1537,0.3543744470961391,43,0.05
COMPLETED,0.82,236.0,0.33,1261,3844,0.6080452488865702,7,0.001
COMPLETED,0.92,3292.0,1.0,1406,254,0.2744732783343643,21,0.005
COMPLETED,0.8599999999999999,333.0,1.0,3131,2630,0.5280867454595863,31,0.1
COMPLETED,0.81,260.0,0.28,1136,3966,0.1575411777179688,6,0.005
COMPLETED,0.8,226.0,0.2099999999999999,422,1969,0.6939002377409487,43,0.25
COMPLETED,0.8499999999999999,234.0,0.99,4730,4662,0.4402867464497685,10,0.005
COMPLETED,0.91,466.0,1.0,2812,808,0.1206207196116447,19,0.025
COMPLETED,0.6099999999999999,166.0,0.64,2037,3188,0.8732306492123753,34,0.001
COMPLETED,0.81,462.0,1.0,2427,1806,0.1993921800199896,35,0.01
COMPLETED,0.82,196.0,0.7199999999999999,3038,4182,0.9520018586665392,14,0.005
COMPLETED,0.92,1166.0,1.0,4499,350,0.6167118111774325,11,0.25
COMPLETED,0.64,345.0,0.01,38,3038,0.3630980800855904,38,0.001
COMPLETED,0.9,303.0,0.89,906,1021,0.7708391628693789,1,0.1
COMPLETED,0.8599999999999999,452.0,0.99,3944,3714,0.0182295046709477,48,0.05
COMPLETED,0.88,328.0,1.0,3521,2380,0.4158569499291479,27,0.01
COMPLETED,0.82,239.0,0.34,1632,4760,0.6694706457015127,23,0.005
COMPLETED,0.9,307.0,0.79,1767,2237,0.4714771593771874,25,0.025
COMPLETED,0.8399999999999999,215.0,0.76,3709,4862,0.7250867283474653,28,0.005
COMPLETED,0.81,201.0,0.22,777,3545,0.089432332906872,2,0.25
COMPLETED,0.91,293.0,1.0,4683,2830,0.3056636986974626,13,0.01
COMPLETED,0.8699999999999999,238.0,1.0,2860,1703,0.1263527835775166,16,0.25
COMPLETED,0.69,184.0,0.53,2302,4322,0.87896636595577,36,0.05
COMPLETED,0.8,209.0,0.79,2619,3290,0.8020294568259267,18,0.01
COMPLETED,0.9,346.0,1.0,4918,2180,0.638282140025869,8,0.1
COMPLETED,0.76,190.0,0.1199999999999999,556,4492,0.3846723591387272,41,0.025
COMPLETED,0.89,332.0,0.7,1012,1450,0.9831921600587666,4,0.025
COMPLETED,0.8699999999999999,324.0,1.0,4150,3757,0.2305787821616977,45,0.005
COMPLETED,0.88,282.0,0.55,1526,2769,0.5855232980661093,20,0.025
COMPLETED,0.92,527.0,1.0,1522,854,0.3732044650353491,26,0.01
COMPLETED,0.8599999999999999,260.0,0.99,3327,3162,0.6185910871382801,24,0.1
COMPLETED,0.9,320.0,1.0,4210,1996,0.9382454548310488,2,0.005
COMPLETED,0.8,202.0,0.2,942,4615,0.1938552561663091,48,0.25
COMPLETED,0.8699999999999999,281.0,0.47,616,1319,0.6593947526142001,10,0.001
COMPLETED,0.8699999999999999,252.0,0.99,4848,3944,0.4140080951917916,39,0.05
COMPLETED,0.91,3879.0,1.0,2616,276,0.0319554315153509,36,0.01
COMPLETED,0.89,294.0,0.7399999999999999,1921,2588,0.7763456506282091,14,0.025
COMPLETED,0.77,402.0,0.95,2309,2407,0.171496471107006,18,0.001
COMPLETED,0.81,193.0,0.6,2845,4714,0.9158869411740452,34,0.1
COMPLETED,0.92,414.0,1.0,4616,1068,0.5182706791777164,44,0.01
COMPLETED,0.7199999999999999,169.0,0.0599999999999999,235,3687,0.2728842615559697,9,0.05
COMPLETED,0.89,254.0,1.0,3828,2997,0.1148544292133301,6,0.25
COMPLETED,0.9,363.0,1.0,3714,1848,0.4501332934405654,22,0.005
COMPLETED,0.8499999999999999,233.0,0.4199999999999999,1750,4160,0.6955196868963539,30,0.05
COMPLETED,0.9,422.0,0.93,1572,1676,0.3828197047691792,29,0.005
COMPLETED,0.83,227.0,0.82,3590,4369,0.628210046570748,21,0.025
COMPLETED,0.93,636.0,1.0,3948,476,0.8075321449525654,5,0.1
COMPLETED,0.7099999999999999,159.0,0.0299999999999999,42,1211,0.5874063885305076,7,0.25
COMPLETED,0.8699999999999999,260.0,0.99,4487,3587,0.3420160671770572,42,0.1
COMPLETED,0.8499999999999999,250.0,1.0,2979,2197,0.2250456728115677,33,0.05
COMPLETED,0.75,190.0,0.51,2497,4884,0.9694319417197256,17,0.001
COMPLETED,0.92,463.0,1.0,2104,103,0.0836698421407491,15,0.1
COMPLETED,0.83,222.0,0.97,2735,2797,0.8280563508495687,37,0.025
COMPLETED,0.91,402.0,1.0,4724,1423,0.7267099771350622,40,0.25
COMPLETED,0.7399999999999999,180.0,0.11,438,3803,0.4813199067357927,12,0.001
COMPLETED,0.8699999999999999,219.0,0.96,4344,4514,0.1403118914701044,3,0.001
COMPLETED,0.92,557.0,1.0,3198,643,0.3040708674155175,25,0.025
COMPLETED,0.8399999999999999,230.0,0.4,1329,3331,0.549460976852104,27,0.05
COMPLETED,0.89,1116.0,0.67,1319,1928,0.317728161079809,39,0.001
COMPLETED,0.83,193.0,0.7,3219,4548,0.5630537827275693,11,0.025
COMPLETED,0.92,488.0,1.0,4241,922,0.9918953179754316,14,0.05
COMPLETED,0.8399999999999999,313.0,0.38,1224,3228,0.2475661197658628,35,0.01
COMPLETED,0.82,286.0,0.2999999999999999,805,2618,0.0354743231236934,3,0.005
COMPLETED,0.8,257.0,0.75,3044,3997,0.6014103939849883,38,0.01
COMPLETED,0.92,388.0,0.8399999999999999,1407,1674,0.4091932771224528,25,0.005
COMPLETED,0.8399999999999999,226.0,0.39,1904,4888,0.8399036254007369,50,0.01
COMPLETED,0.9,363.0,1.0,3491,1942,0.147301806570962,14,0.025
COMPLETED,0.88,402.0,0.99,4133,3454,0.2734660932477563,10,0.001
COMPLETED,0.6199999999999999,170.0,0.01,6,821,0.7156884793993085,29,0.25
COMPLETED,0.77,193.0,0.11,484,4183,0.4638908293582498,30,0.01
COMPLETED,0.91,375.0,1.0,3967,1545,0.5157670812644064,8,0.05
COMPLETED,0.8699999999999999,230.0,1.0,3325,3061,0.8914313828125596,19,0.001
COMPLETED,0.92,939.0,1.0,2382,110,0.0901756982281804,45,0.1
COMPLETED,0.88,255.0,0.4699999999999999,1573,3329,0.6612298262491823,21,0.1
COMPLETED,0.88,297.0,1.0,2565,1002,0.3593540156558155,43,0.05
COMPLETED,0.8399999999999999,281.0,0.99,4424,4395,0.2331859070397913,34,0.01
COMPLETED,0.8699999999999999,239.0,0.4099999999999999,971,2380,0.7854487644471227,4,0.001
COMPLETED,0.82,221.0,0.26,1250,4674,0.1786786384880542,6,0.1
COMPLETED,0.9,309.0,1.0,4613,2313,0.8708998695015907,33,0.005
COMPLETED,0.8299999999999998,203.0,0.8499999999999999,2754,3240,0.7466847420893609,41,0.005
COMPLETED,0.91,1122.0,1.0,1853,1191,0.3048429437540471,22,0.001
COMPLETED,0.76,197.0,0.81,2339,2872,0.9462021644078193,47,0.005
COMPLETED,0.92,1115.0,1.0,3212,199,0.0039737605713307,17,0.25
COMPLETED,0.8499999999999999,244.0,0.9,3853,4250,0.3776926950514316,7,0.001
COMPLETED,0.8399999999999999,235.0,0.3499999999999999,441,1265,0.5705340520739555,32,0.1
COMPLETED,0.7399999999999999,184.0,0.07,276,3739,0.3283577566836029,27,0.025
COMPLETED,0.92,588.0,1.0,4332,748,0.6298529794607312,12,0.01
COMPLETED,0.8399999999999999,228.0,0.76,3690,4805,0.7540719288121908,15,0.05
COMPLETED,0.7399999999999999,186.0,1.0,2173,2127,0.2021896592210978,48,0.25
COMPLETED,0.8399999999999999,225.0,0.3599999999999999,1374,3813,0.5472676596175879,24,0.025
COMPLETED,0.88,276.0,1.0,2921,1758,0.4947671675514429,40,0.05
COMPLETED,0.89,666.0,1.0,4779,2691,0.1210520252678543,37,0.005
COMPLETED,0.93,524.0,1.0,772,324,0.922931950012222,1,0.001
COMPLETED,0.77,248.0,0.16,643,3963,0.0223468188308179,14,0.1
COMPLETED,0.92,364.0,1.0,4751,1637,0.9670571929775176,50,0.01
COMPLETED,0.8399999999999999,286.0,1.0,2854,2510,0.5923027174472809,27,0.001
COMPLETED,0.92,618.0,1.0,1285,496,0.3951519975364208,11,0.025
COMPLETED,0.92,471.0,1.0,3662,928,0.1575637775361538,3,0.1
COMPLETED,0.8399999999999999,225.0,0.8599999999999999,4265,4927,0.2828144459985196,24,0.25
COMPLETED,0.75,186.0,0.0899999999999999,186,1975,0.7299725766740738,40,0.005
COMPLETED,0.76,185.0,0.11,333,3024,0.4807943659257143,44,0.25
COMPLETED,0.89,5177.0,1.0,3806,76,0.537606124414131,19,0.05
COMPLETED,0.82,230.0,0.78,3203,4070,0.912356778005138,5,0.1
COMPLETED,0.79,1122.0,0.99,2191,1435,0.1079929794166237,34,0.005
COMPLETED,0.8599999999999999,229.0,0.38,1744,4503,0.6440837099347264,10,0.025
COMPLETED,0.8299999999999998,222.0,1.0,2707,2494,0.3372740583512932,29,0.1
COMPLETED,0.88,314.0,1.0,4605,3361,0.2120195976924151,45,0.05
COMPLETED,0.91,328.0,1.0,1103,1040,0.767388903511688,18,0.25
COMPLETED,0.8299999999999998,231.0,0.33,1060,3197,0.1266894785780459,17,0.01
COMPLETED,0.92,529.0,1.0,4491,1144,0.8217751712519675,47,0.25
COMPLETED,0.77,248.0,0.56,2593,4555,0.6984737810250372,31,0.001
COMPLETED,0.9,292.0,0.77,1701,2190,0.2519401284512132,8,0.005
COMPLETED,0.76,176.0,0.56,2471,4374,0.9984360492583364,32,0.05
COMPLETED,0.89,1397.0,0.99,3393,1383,0.0533448493536561,6,0.005
COMPLETED,0.9,288.0,1.0,3995,2920,0.4261500466484576,21,0.1
COMPLETED,0.67,179.0,0.0299999999999999,153,4757,0.3687728502824902,41,0.01
COMPLETED,0.9,356.0,1.0,4141,2083,0.674958023764193,23,0.005
COMPLETED,0.8599999999999999,254.0,0.97,3539,3616,0.7982632061876356,1,0.025
COMPLETED,0.68,6185.0,0.95,2012,629,0.2435183784700929,37,0.001
COMPLETED,0.88,269.0,0.55,1554,2808,0.5066080790199339,13,0.01
COMPLETED,0.93,536.0,1.0,3053,448,0.4494154947735369,26,0.05
COMPLETED,0.8699999999999999,1075.0,0.99,4950,3854,0.0766141194179654,48,0.025
COMPLETED,0.8599999999999999,291.0,0.5,913,1807,0.8813587437644601,15,0.25
COMPLETED,0.79,403.0,0.17,879,4996,0.1009551859758794,45,0.005
COMPLETED,0.8399999999999999,204.0,0.8699999999999999,3087,3542,0.5446991110444069,9,0.1
COMPLETED,0.92,557.0,1.0,1521,869,0.4756487298309802,30,0.01
COMPLETED,0.89,297.0,0.76,1967,2570,0.7739345051646233,4,0.25
COMPLETED,0.92,1142.0,1.0,3582,521,0.2074213465750217,35,0.01
COMPLETED,0.8699999999999999,242.0,0.99,4186,3928,0.3306618237160146,43,0.025
COMPLETED,0.77,212.0,0.07,110,1567,0.6487447683773934,20,0.001
COMPLETED,0.79,189.0,0.16,569,3436,0.4055972505640238,25,0.05
COMPLETED,0.92,432.0,1.0,4039,1070,0.583808670355007,38,0.01
COMPLETED,0.8399999999999999,225.0,0.76,3436,4482,0.956549132624641,36,0.005
COMPLETED,0.75,223.0,0.99,2427,2429,0.0309074989054352,2,0.001
COMPLETED,0.8399999999999999,233.0,0.4,1668,4134,0.7190370539817958,28,0.005
COMPLETED,0.88,225.0,1.0,2628,1457,0.2918025884125381,10,0.025
COMPLETED,0.89,302.0,1.0,4525,2993,0.168558319075033,14,0.025
COMPLETED,0.8599999999999999,254.0,0.38,1136,2941,0.2384346239585429,48,0.025
COMPLETED,0.92,1346.0,1.0,4570,306,0.805298151763156,16,0.25
COMPLETED,0.78,186.0,0.6199999999999999,2674,4299,0.6801083963867277,12,0.001
COMPLETED,0.92,533.0,1.0,1779,1353,0.3616750825103372,26,0.25
COMPLETED,0.68,167.0,0.4799999999999999,2235,4587,0.8859598278757184,1,0.005
COMPLETED,0.88,790.0,0.99,3158,2264,0.0700656401570886,38,0.05
COMPLETED,0.89,245.0,1.0,3762,3133,0.444759202601388,40,0.25
COMPLETED,0.8699999999999999,208.0,0.34,378,1123,0.5132155622560531,23,0.005
COMPLETED,0.7299999999999999,387.0,0.0599999999999999,231,3881,0.2604389566853642,22,0.001
COMPLETED,0.9,466.0,1.0,4221,1866,0.6880237914696335,42,0.1
COMPLETED,0.89,276.0,0.99,3618,2740,0.8132173390425742,33,0.01
COMPLETED,0.8399999999999999,279.0,1.0,2088,412,0.13719467619434,5,0.025
COMPLETED,0.8499999999999999,270.0,0.3599999999999999,1320,3651,0.614698201302439,31,0.05
COMPLETED,0.91,363.0,1.0,2820,699,0.4370808030702173,7,0.25
COMPLETED,0.8599999999999999,281.0,0.99,4716,4697,0.0623910625651478,17,0.1
COMPLETED,0.8399999999999999,294.0,0.33,677,2058,0.987438674725592,46,0.025
COMPLETED,0.82,1236.0,0.2,727,3500,0.0791794334705919,34,0.025
COMPLETED,0.93,545.0,1.0,4823,821,0.9004803713914006,5,0.005
COMPLETED,0.79,200.0,0.5999999999999999,2965,4878,0.5267005238253623,20,0.01
COMPLETED,0.9,377.0,0.6999999999999998,1331,1887,0.4549084588903933,44,0.1
COMPLETED,0.67,169.0,0.52,2138,4051,0.7959549826104194,18,0.025
COMPLETED,0.91,397.0,1.0,3724,1686,0.2246307609695941,46,0.25
COMPLETED,0.89,385.0,1.0,4367,2617,0.3489068014677613,29,0.01
COMPLETED,0.88,290.0,0.4299999999999999,242,564,0.6697297642584888,9,0.005
COMPLETED,0.76,173.0,0.0899999999999999,408,4435,0.4157998587824404,11,0.05
COMPLETED,0.88,358.0,1.0,3888,2387,0.5967510587610304,27,0.001
COMPLETED,0.8499999999999999,295.0,0.97,3245,3313,0.9705271141305564,50,0.01
COMPLETED,0.8399999999999999,1858.0,0.98,2304,952,0.0400746553018689,13,0.025
COMPLETED,0.88,294.0,0.5799999999999998,1809,3112,0.7085899587646127,39,0.01
COMPLETED,0.92,6966.0,0.99,2800,125,0.2786135715320706,24,0.005
COMPLETED,0.8599999999999999,289.0,0.99,4657,4178,0.1543337090946733,3,0.1
COMPLETED,0.91,373.0,0.8,1205,1503,0.8348189693130553,35,0.05
COMPLETED,0.8,2032.0,0.23,1014,4266,0.1931454071700572,37,0.001
COMPLETED,0.91,410.0,1.0,4380,1314,0.7650634124279022,2,0.01
COMPLETED,0.81,205.0,0.89,2522,2832,0.6388382126651703,23,0.05
COMPLETED,0.92,8283.0,1.0,1617,193,0.3174214662574231,41,0.005
COMPLETED,0.78,286.0,0.7399999999999999,2415,3245,0.9314918623529373,15,0.001
COMPLETED,0.91,373.0,1.0,3291,1232,0.1105410557053983,49,0.1
COMPLETED,0.8499999999999999,229.0,0.8399999999999999,3933,4623,0.4862700625360011,26,0.025
COMPLETED,0.82,210.0,0.22,519,2298,0.5577119961977005,13,0.01
COMPLETED,0.64,180.0,0.01,40,2701,0.3095051268432289,8,0.1
COMPLETED,0.9,416.0,1.0,1937,1758,0.1852252755593508,16,0.05
COMPLETED,0.82,217.0,0.2999999999999999,1452,4806,0.5653894513975828,42,0.25
COMPLETED,0.8599999999999999,287.0,1.0,3001,2171,0.3847883826922625,21,0.025
COMPLETED,0.88,294.0,0.99,4858,3684,0.0090631680581718,6,0.025
COMPLETED,0.8,203.0,0.2,823,4101,0.5220415427256375,30,0.25
COMPLETED,0.92,452.0,1.0,4883,1421,0.4651695849765092,8,0.01
COMPLETED,0.8499999999999999,558.0,0.96,2986,3037,0.0924290632214397,17,0.05
COMPLETED,0.88,267.0,0.56,1922,3392,0.3528367290701717,21,0.025
COMPLETED,0.92,355.0,1.0,3471,1027,0.6597065799143165,42,0.05
COMPLETED,0.8599999999999999,229.0,0.9,4075,4516,0.7829509087372571,32,0.1
COMPLETED,0.69,166.0,0.0299999999999999,65,2463,0.2276432298291474,6,0.01
COMPLETED,0.82,201.0,0.2099999999999999,543,2535,0.9826210459694266,2,0.05
COMPLETED,0.92,3693.0,1.0,3909,487,0.03797229873389,37,0.01
COMPLETED,0.81,241.0,0.8299999999999998,3305,3972,0.4107166424281895,41,0.005
COMPLETED,0.82,226.0,1.0,2401,1611,0.6079275615997612,23,0.1
COMPLETED,0.8299999999999998,225.0,0.33,1632,4953,0.1420018355138599,48,0.05
COMPLETED,0.81,237.0,1.0,2507,1966,0.8376503793783486,15,0.01
COMPLETED,0.88,258.0,1.0,4404,3577,0.7144098427519202,13,0.25
COMPLETED,0.92,381.0,1.0,990,903,0.2671915128156542,26,0.025
COMPLETED,0.8399999999999999,222.0,0.33,1191,3607,0.6282077861241995,27,0.1
COMPLETED,0.92,593.0,1.0,4671,655,0.3219624133817851,11,0.05
COMPLETED,0.78,192.0,0.5799999999999998,2775,4731,0.19676892529428,13,0.025
COMPLETED,0.7099999999999999,179.0,0.5899999999999999,2280,3846,0.4961676285117864,24,0.005
COMPLETED,0.88,380.0,1.0,3270,1832,0.5534204120188951,39,0.001
COMPLETED,0.9,306.0,1.0,3874,2783,0.9281100930385292,35,0.05
COMPLETED,0.91,358.0,0.92,422,457,0.1234270956031978,3,0.25
COMPLETED,0.7099999999999999,197.0,0.0599999999999999,257,4542,0.8685246801953763,5,0.005
COMPLETED,0.91,372.0,1.0,4352,2221,0.173500614432618,34,0.25
COMPLETED,0.8699999999999999,274.0,1.0,3748,3166,0.2986903103236108,44,0.1
COMPLETED,0.8699999999999999,4050.0,0.4199999999999999,1355,2907,0.0065934443119913,45,0.01
COMPLETED,0.8599999999999999,247.0,0.99,4837,4343,0.5769295143466443,10,0.005
COMPLETED,0.88,1172.0,0.4899999999999999,712,1396,0.3793377694170921,29,0.001
COMPLETED,0.81,208.0,0.23,701,3067,0.5313316555172205,41,0.1
COMPLETED,0.89,5627.0,1.0,4692,82,0.4795156028717756,22,0.005
COMPLETED,0.8,202.0,0.67,2835,4211,0.1057396069876849,6,0.025
COMPLETED,0.9,338.0,0.8499999999999999,1305,1538,0.9070569184832274,33,0.25
COMPLETED,0.66,168.0,0.4699999999999999,2103,4401,0.3437913375012576,7,0.25
COMPLETED,0.88,309.0,1.0,3603,2352,0.6456069488339125,31,0.05
COMPLETED,0.88,264.0,1.0,4246,3357,0.7698867517858744,46,0.025
COMPLETED,0.8299999999999998,205.0,0.2099999999999999,207,996,0.2175622674673795,17,0.1
COMPLETED,0.7099999999999999,186.0,0.0899999999999999,353,4008,0.9615146421734244,16,0.001
COMPLETED,0.91,1169.0,1.0,3787,1641,0.0198488515857607,48,0.025
COMPLETED,0.88,273.0,1.0,3144,2651,0.3936286396663635,27,0.25
COMPLETED,0.8699999999999999,255.0,1.0,2249,598,0.5857855572681873,12,0.05
COMPLETED,0.8699999999999999,266.0,0.51,1764,3465,0.1628637560289353,37,0.05
COMPLETED,0.91,354.0,1.0,2688,788,0.8555272017698735,1,0.005
COMPLETED,0.8399999999999999,235.0,0.92,4545,4921,0.7312512207571416,24,0.01
COMPLETED,0.88,318.0,0.5999999999999999,1161,1931,0.2890890338663011,40,0.25
COMPLETED,0.8,198.0,0.22,1040,4772,0.6766032096650451,38,0.025
COMPLETED,0.9,361.0,1.0,4510,2138,0.3751681861486285,25,0.1
COMPLETED,0.76,188.0,0.7099999999999999,2653,3728,0.2489391049612313,2,0.001
COMPLETED,0.92,495.0,1.0,1643,781,0.8008830014634877,36,0.25
COMPLETED,0.81,194.0,0.92,2451,2658,0.448015026377514,10,0.025
COMPLETED,0.8699999999999999,255.0,0.99,4054,3802,0.8761805933024734,49,0.25
COMPLETED,0.7299999999999999,6726.0,0.1199999999999999,554,1791,0.0742390416469424,14,0.001
COMPLETED,0.69,178.0,0.0299999999999999,96,3212,0.8241503679938614,19,0.05
COMPLETED,0.91,1684.0,1.0,4200,1197,0.1318675100691616,45,0.005
COMPLETED,0.82,230.0,0.76,3558,4668,0.2580927693173289,30,0.25
COMPLETED,0.9,308.0,0.8499999999999999,1992,2341,0.699874368391931,9,0.001
COMPLETED,0.8299999999999998,244.0,0.3499999999999999,1497,4222,0.050725173048675,34,0.1
COMPLETED,0.9,341.0,1.0,3112,1271,0.9930152037963272,4,0.25
COMPLETED,0.9,367.0,1.0,4969,2866,0.6172861374802887,21,0.001
COMPLETED,0.93,821.0,1.0,893,227,0.4245049797184765,43,0.025
COMPLETED,0.8399999999999999,223.0,0.28,938,3285,0.5811888676434755,23,0.005
COMPLETED,0.92,2039.0,1.0,4926,958,0.4001765166372061,40,0.001
COMPLETED,0.8299999999999998,214.0,0.69,3067,4429,0.0245121556036174,37,0.1
COMPLETED,0.88,301.0,0.63,1540,2415,0.9549039392881096,2,0.25
COMPLETED,0.5899999999999999,162.0,0.4799999999999999,2026,4150,0.2941776587478816,26,0.05
COMPLETED,0.91,345.0,1.0,3525,1509,0.7242151970081031,12,0.1
COMPLETED,0.89,302.0,1.0,4166,3106,0.8503833651095629,15,0.01
COMPLETED,0.77,179.0,0.1199999999999999,588,4845,0.9160428153220564,47,0.1
COMPLETED,0.9,907.0,1.0,4019,1897,0.0948025525454431,17,0.05
COMPLETED,0.8499999999999999,245.0,0.96,3378,3489,0.470470705775544,8,0.01
COMPLETED,0.9,377.0,1.0,2486,854,0.5423239217381924,31,0.001
COMPLETED,0.89,307.0,0.65,1686,2584,0.2090664209406822,7,0.005
COMPLETED,0.8699999999999999,247.0,0.99,4467,4040,0.6541656212750822,42,0.01
COMPLETED,0.89,299.0,0.63,1084,1719,0.3332815074566751,22,0.1
COMPLETED,0.8299999999999998,209.0,0.2899999999999999,1117,3778,0.6933236435558647,20,0.05
COMPLETED,0.91,489.0,1.0,4590,1725,0.2626923216786235,44,0.01
COMPLETED,0.82,382.0,0.99,2732,2734,0.1384734318125993,33,0.005
COMPLETED,0.92,903.0,1.0,1719,369,0.8194918005038053,5,0.1
COMPLETED,0.7099999999999999,171.0,0.5899999999999999,2216,3695,0.4315381258595734,29,0.25
COMPLETED,0.92,464.0,1.0,3179,704,0.6122003455925733,9,0.025
COMPLETED,0.8499999999999999,213.0,0.78,3820,4839,0.9859154283907264,18,0.025
COMPLETED,0.76,4948.0,0.13,318,2160,0.0558737759795039,46,0.01
COMPLETED,0.68,183.0,0.0599999999999999,171,2838,0.811815319377929,50,0.001
COMPLETED,0.9,2537.0,1.0,4280,164,0.2399579892642796,13,0.05
COMPLETED,0.8299999999999998,270.0,0.8399999999999999,3638,4294,0.3641730571910739,11,0.25
COMPLETED,0.7399999999999999,169.0,1.0,2069,1308,0.6856509546265006,28,0.01
COMPLETED,0.82,229.0,0.27,1261,4630,0.0637910597249865,4,0.1
COMPLETED,0.8699999999999999,224.0,1.0,2878,2270,0.8846811912283301,35,0.01
COMPLETED,0.89,261.0,0.99,4736,3273,0.5109623162336647,39,0.005
COMPLETED,0.8699999999999999,249.0,0.54,658,1226,0.439459231544286,25,0.25
COMPLETED,0.79,194.0,0.17,748,4469,0.5993708540368825,12,0.25
COMPLETED,0.89,329.0,1.0,4803,2459,0.4212205852735787,26,0.025
COMPLETED,0.8299999999999998,217.0,0.8499999999999999,2906,3406,0.0464699911680072,47,0.25
COMPLETED,0.69,186.0,0.7199999999999999,2158,2979,0.2762384937610476,40,0.05
COMPLETED,0.8699999999999999,240.0,0.99,4308,4103,0.8286662094760686,1,0.025
COMPLETED,0.8299999999999998,190.0,0.2,300,1470,0.1529332406986504,38,0.25
COMPLETED,0.75,188.0,0.13,466,3533,0.9018809587582944,33,0.005
COMPLETED,0.93,615.0,1.0,3829,895,0.0853320743367075,5,0.1
COMPLETED,0.8299999999999998,206.0,0.64,3226,4970,0.460086490381509,22,0.025
COMPLETED,0.81,206.0,1.0,2325,2019,0.529075720567256,42,0.005
COMPLETED,0.8699999999999999,229.0,0.4699999999999999,1867,3920,0.222985694039613,18,0.25
COMPLETED,0.8699999999999999,275.0,1.0,2740,1593,0.78955952777341,46,0.05
COMPLETED,0.89,328.0,1.0,4638,2544,0.6643089187964796,31,0.025
COMPLETED,0.93,763.0,1.0,1226,530,0.3462871251627802,7,0.001
COMPLETED,0.8499999999999999,227.0,0.34,956,2765,0.73477543817088,9,0.001
COMPLETED,0.92,1088.0,1.0,4439,403,0.3072517544142902,30,0.1
COMPLETED,0.77,186.0,0.65,2541,3889,0.1839465125054121,44,0.1
COMPLETED,0.9,400.0,0.8599999999999999,1597,1840,0.8600298504978418,19,0.025
COMPLETED,0.7199999999999999,178.0,0.5,2358,4723,0.3903310524672269,43,0.01
COMPLETED,0.88,283.0,1.0,3350,2049,0.567887299671769,20,0.005
COMPLETED,0.8699999999999999,244.0,1.0,3952,3659,0.940688734512776,4,0.001
COMPLETED,0.91,520.0,0.7299999999999999,499,674,0.0155804472081363,35,0.05
COMPLETED,0.57,164.0,0.0,20,4330,0.7585462522488087,36,0.01
COMPLETED,0.92,413.0,1.0,4118,1339,0.1916220493,2,0.005
COMPLETED,0.88,374.0,1.0,3516,2954,0.3149234990123659,25,0.001
COMPLETED,0.8599999999999999,431.0,0.45,1432,3163,0.1168156435731798,15,0.001
COMPLETED,0.91,343.0,1.0,3019,1109,0.9327705064360052,49,0.05
COMPLETED,0.8599999999999999,234.0,0.99,4917,4600,0.5599652496557683,28,0.25
COMPLETED,0.8699999999999999,228.0,0.3499999999999999,790,2233,0.4915700410287827,10,0.1
COMPLETED,0.78,184.0,0.17,801,4606,0.301481728516519,18,0.01
COMPLETED,0.9,315.0,1.0,4906,2247,0.7481063045784832,45,0.025
COMPLETED,0.8299999999999998,263.0,0.95,3009,3150,0.8733873700983821,29,0.05
COMPLETED,0.91,663.0,0.99,1442,1103,0.178149840850383,10,0.005
COMPLETED,0.89,300.0,0.64,1890,2961,0.5738963454850017,34,0.1
COMPLETED,0.92,1086.0,1.0,3505,288,0.3762738763280212,4,0.001
COMPLETED,0.8499999999999999,250.0,0.94,4107,4318,0.001489003740251,19,0.25
COMPLETED,0.6999999999999998,185.0,0.02,31,1332,0.9467320402190088,44,0.25
COMPLETED,0.77,182.0,0.13,490,3672,0.2016599172521382,39,0.25
COMPLETED,0.82,237.0,0.7099999999999999,3359,4716,0.6312716643419116,3,0.025
COMPLETED,0.79,216.0,1.0,2349,2037,0.3249956268575042,36,0.05
COMPLETED,0.8399999999999999,223.0,0.4099999999999999,1589,3901,0.9234608517494052,11,0.01
COMPLETED,0.8299999999999998,228.0,1.0,2550,1848,0.1185644503142684,27,0.25
COMPLETED,0.9,340.0,1.0,4447,2757,0.4933455009628087,50,0.1
COMPLETED,0.89,272.0,0.4699999999999999,1215,2551,0.4077726552467793,15,0.001
COMPLETED,0.8,234.0,0.6999999999999998,2751,3907,0.9776063596252352,26,0.1
COMPLETED,0.9,1661.0,0.89,1856,1586,0.0329878012482076,13,0.025
COMPLETED,0.6999999999999998,175.0,0.46,2313,4978,0.7171082759145647,37,0.25
COMPLETED,0.8699999999999999,265.0,1.0,3238,2031,0.2701028740946203,1,0.1
COMPLETED,0.8699999999999999,373.0,0.99,3840,3522,0.1467709678392857,22,0.001
COMPLETED,0.7199999999999999,208.0,0.07,308,4116,0.0876901346258819,43,0.1
COMPLETED,0.91,386.0,1.0,4299,1476,0.8919620579592884,21,0.01
COMPLETED,0.88,276.0,1.0,3696,2973,0.5191301665753126,6,0.25
COMPLETED,0.8399999999999999,242.0,0.4099999999999999,1397,3418,0.7879353913515806,8,0.025
COMPLETED,0.91,504.0,1.0,2898,1091,0.2326579607874155,30,0.01
COMPLETED,0.8599999999999999,228.0,0.99,4795,4461,0.3559936592392623,47,0.005
COMPLETED,0.8299999999999998,229.0,0.3099999999999999,756,2448,0.6626505224816501,17,0.25
COMPLETED,0.8,210.0,0.2,650,3267,0.2533901733104139,4,0.1
COMPLETED,0.79,246.0,0.6199999999999999,2887,4643,0.8212749972622841,43,0.25
COMPLETED,0.8699999999999999,316.0,0.55,1252,2276,0.1291446302514523,21,0.01
COMPLETED,0.5999999999999999,164.0,0.4799999999999999,2061,4287,0.622230484155938,45,0.005
COMPLETED,0.92,365.0,1.0,3646,1296,0.4295409042220562,19,0.05
COMPLETED,0.9,352.0,0.99,4288,2850,0.0538422944489866,8,0.05
COMPLETED,0.7199999999999999,195.0,0.07,329,4826,0.2459745190888643,29,0.005
COMPLETED,0.9,321.0,1.0,3809,2153,0.7977658651918172,10,0.25
COMPLETED,0.8399999999999999,253.0,0.8499999999999999,3168,3702,0.6715672405473888,14,0.1
COMPLETED,0.8499999999999999,224.0,1.0,2227,717,0.3702238543443381,50,0.05
COMPLETED,0.89,267.0,0.63,1731,2723,0.8789034285061061,25,0.05
COMPLETED,0.77,9448.0,0.2899999999999999,2720,361,0.0771144272498786,38,0.001
COMPLETED,0.8699999999999999,263.0,0.99,4579,3786,0.452809244826436,36,0.005
COMPLETED,0.89,302.0,0.65,1128,1737,0.5051579003185033,3,0.01
COMPLETED,0.8,237.0,0.27,1093,4033,0.3985446582622826,1,0.25
COMPLETED,0.91,374.0,1.0,4458,1706,0.5908536503799259,37,0.025
COMPLETED,0.8299999999999998,202.0,0.99,2600,2596,0.96460298191756,40,0.01
COMPLETED,0.92,730.0,1.0,1695,582,0.0228460299000144,24,0.1
COMPLETED,0.75,220.0,0.7099999999999999,2494,3481,0.7265807561799884,48,0.001
COMPLETED,0.92,376.0,1.0,3369,843,0.2842664947733283,16,0.25
COMPLETED,0.8599999999999999,261.0,0.82,4011,4857,0.1600209703035652,11,0.005
COMPLETED,0.8299999999999998,278.0,0.3099999999999999,596,1906,0.8527755774743854,27,0.25
COMPLETED,0.6999999999999998,1038.0,0.04,118,3093,0.1084912758972495,32,0.001
COMPLETED,0.8299999999999998,287.0,0.8499999999999999,3535,4156,0.5361541499961167,17,0.005
COMPLETED,0.64,162.0,1.0,2016,1523,0.4841860823202878,46,0.25
COMPLETED,0.8399999999999999,242.0,0.34,1529,4417,0.766889528857544,22,0.005
COMPLETED,0.8699999999999999,1003.0,0.99,3078,2407,0.2144739425946027,41,0.001
COMPLETED,0.88,283.0,1.0,4937,3292,0.3387232890035957,33,0.01
COMPLETED,0.91,326.0,0.95,927,970,0.6406909153666346,6,0.05
COMPLETED,0.8399999999999999,218.0,0.3099999999999999,882,2854,0.3612367622200399,35,0.1
COMPLETED,0.91,1859.0,1.0,4980,219,0.682501731539145,3,0.01
COMPLETED,0.82,203.0,0.7299999999999999,3123,4230,0.8068081690948457,24,0.001
COMPLETED,0.92,882.0,0.99,1486,1283,0.2349810278397053,39,0.005
COMPLETED,0.8599999999999999,228.0,0.4199999999999999,1980,4655,0.513653057185933,13,0.05
COMPLETED,0.88,288.0,1.0,3569,2334,0.4423629006128758,50,0.005
COMPLETED,0.88,1329.0,0.98,4212,3218,0.0685526559893041,28,0.025
COMPLETED,0.7299999999999999,194.0,0.07,84,1210,0.8894125986341386,11,0.01
COMPLETED,0.77,222.0,0.1499999999999999,563,3793,0.1337420690208673,9,0.001
COMPLETED,0.88,301.0,0.99,3403,2669,0.6904199298731982,46,0.1
COMPLETED,0.91,1140.0,1.0,2459,343,0.2600015955977141,18,0.01
COMPLETED,0.8599999999999999,236.0,0.44,1652,3721,0.990892345201224,44,0.25
COMPLETED,0.91,816.0,1.0,2645,769,0.0608809411339461,20,0.05
COMPLETED,0.8399999999999999,218.0,0.93,4502,4784,0.4346873935610056,5,0.001
COMPLETED,0.8599999999999999,257.0,0.4899999999999999,1048,2145,0.6151366256922483,34,0.005
COMPLETED,0.78,206.0,0.2399999999999999,1171,4910,0.4732544689364731,32,0.025
COMPLETED,0.91,342.0,1.0,4535,1923,0.5451384091265499,6,0.005
COMPLETED,0.8,207.0,0.77,2677,3473,0.920897931985557,21,0.25
COMPLETED,0.93,1398.0,1.0,1775,799,0.0994442057237029,42,0.025
COMPLETED,0.76,197.0,0.8499999999999999,2260,2639,0.6511401074454188,16,0.025
COMPLETED,0.92,509.0,1.0,3133,591,0.3302252693995833,47,0.25
COMPLETED,0.8499999999999999,234.0,0.94,3776,4015,0.2039695536084473,31,0.1
COMPLETED,0.82,205.0,0.22,364,1654,0.7754465635903179,8,0.05
COMPLETED,0.6999999999999998,897.0,0.0599999999999999,198,3349,0.029395604064688,13,0.025
COMPLETED,0.92,476.0,1.0,4255,984,0.9600007917489856,26,0.05
COMPLETED,0.8499999999999999,224.0,0.81,3612,4413,0.5842450610864907,49,0.01
COMPLETED,0.6999999999999998,174.0,0.88,2094,2360,0.4032020453382283,15,0.025
COMPLETED,0.82,209.0,0.3099999999999999,1297,4204,0.8457416673172266,41,0.25
COMPLETED,0.89,1104.0,0.99,2843,1525,0.1651036782432347,23,0.001
COMPLETED,0.9,264.0,1.0,4700,3080,0.2913632159736007,2,0.05
COMPLETED,0.91,1799.0,1.0,693,89,0.7214314189758151,37,0.025
COMPLETED,0.79,195.0,0.16,721,4355,0.319847053669393,49,0.025
COMPLETED,0.92,406.0,1.0,4828,1404,0.6383712910339236,14,0.1
COMPLETED,0.8299999999999998,230.0,1.0,2932,2899,0.7616422842033206,10,0.005
COMPLETED,0.92,1351.0,1.0,1364,260,0.19462691982463,28,0.05
COMPLETED,0.6999999999999998,177.0,0.66,2122,3179,0.5552872490175068,2,0.01
COMPLETED,0.92,1289.0,1.0,3740,1164,0.4867399658747017,36,0.001
COMPLETED,0.8599999999999999,1302.0,0.93,4344,4535,0.1139651656374335,39,0.001
COMPLETED,0.78,214.0,0.1499999999999999,412,2791,0.1867058438826352,20,0.01
COMPLETED,0.82,224.0,0.8499999999999999,3281,3834,0.7396054984536022,35,0.05
COMPLETED,0.77,192.0,1.0,2269,1824,0.3119297996666282,4,0.025
COMPLETED,0.8599999999999999,275.0,0.38,1823,4738,0.9376838491167871,30,0.1
COMPLETED,0.8599999999999999,552.0,0.99,2786,2105,0.0124844598677009,9,0.05
COMPLETED,0.8699999999999999,259.0,1.0,4682,3595,0.3852554381657392,19,0.005
COMPLETED,0.92,448.0,1.0,1180,648,0.5629637004006653,45,0.25
COMPLETED,0.82,245.0,0.27,981,3588,0.4553763211350888,46,0.05
COMPLETED,0.92,453.0,1.0,4412,911,0.5242739734929054,17,0.25
COMPLETED,0.75,182.0,0.5,2516,4945,0.8989979329947381,7,0.025
COMPLETED,0.7399999999999999,187.0,0.5999999999999999,2392,3984,0.6692608387116343,5,0.05
COMPLETED,0.9,328.0,1.0,3314,1619,0.3513306229058653,33,0.01
COMPLETED,0.89,311.0,1.0,3917,2528,0.2261104704719036,42,0.025
COMPLETED,0.92,344.0,1.0,535,475,0.7925318132918328,22,0.1
COMPLETED,0.64,166.0,0.02,76,4524,0.0434977205209434,24,0.25
COMPLETED,0.9,302.0,1.0,4064,2475,0.9690474789850412,40,0.01
COMPLETED,0.8499999999999999,228.0,0.99,3460,3380,0.5943273414224385,38,0.1
COMPLETED,0.92,440.0,1.0,1933,1019,0.4162687099725008,1,0.01
COMPLETED,0.89,236.0,0.4799999999999999,1477,3044,0.8313967294543981,27,0.005
COMPLETED,0.9,4219.0,1.0,2975,59,0.1558163110762834,12,0.025
COMPLETED,0.8599999999999999,248.0,0.99,4871,4087,0.2810402557067572,16,0.05
COMPLETED,0.81,202.0,0.23,859,3677,0.7510139693953097,40,0.05
COMPLETED,0.93,579.0,1.0,4847,725,0.1991619481481611,24,0.25
COMPLETED,0.78,195.0,0.6099999999999999,2990,4818,0.3234722671285271,1,0.05
COMPLETED,0.89,297.0,0.67,1462,2179,0.6247545023038982,38,0.01
COMPLETED,0.88,241.0,0.52,1948,3760,0.1238644269481301,12,0.25
