Status,ACCURACY,RUNTIME,recent_samples_size,n_samples,feature_proportion,n_clusters,confidence
COMPLETED,0.16,840.0,1083,2611,0.0705424744784832,11,0.05
COMPLETED,0.19,824.0,3129,1989,0.680266904624179,26,0.25
COMPLETED,0.1499999999999999,775.0,4730,4890,0.889683827124536,50,0.001
COMPLETED,0.41,1734.0,1982,511,0.3601198199987411,15,0.01
COMPLETED,0.14,808.0,1436,3869,0.530711051404476,43,0.25
COMPLETED,0.3599999999999999,1194.0,4353,750,0.2194909600242972,22,0.01
COMPLETED,0.11,900.0,2750,3631,0.4600925402361899,4,0.025
COMPLETED,0.1499999999999999,776.0,540,1750,0.789099973971024,33,0.1
COMPLETED,0.04,1041.0,160,4393,0.2872025202009826,35,0.001
FAILED,,,3115,11,0.9619823649991304,2,0.01
COMPLETED,0.2,794.0,4013,3107,0.7311345075443387,24,0.1
COMPLETED,0.2099999999999999,820.0,1763,2489,0.0190751328915357,41,0.01
COMPLETED,0.07,953.0,2320,3190,0.8717557533830405,19,0.005
COMPLETED,0.3,929.0,4407,1312,0.3780402944758534,46,0.1
COMPLETED,0.14,1177.0,3507,4310,0.1783770649898797,30,0.001
COMPLETED,0.23,813.0,721,1188,0.5724399124477058,7,0.25
COMPLETED,0.11,780.0,914,4113,0.1972748851720243,10,0.025
COMPLETED,0.3099999999999999,920.0,3625,995,0.5534183774311096,31,0.001
COMPLETED,0.2,787.0,4601,3387,0.7513738841637969,45,0.005
COMPLETED,0.14,812.0,2438,1506,0.4982946120500564,16,0.05
COMPLETED,0.1799999999999999,811.0,1566,2836,0.6420305487513542,38,0.01
COMPLETED,0.23,874.0,3897,2214,0.1082951923832297,23,0.1
COMPLETED,0.1,800.0,2918,4665,0.3374391638953238,3,0.1
COMPLETED,0.1,1000.0,44,287,0.9118656588140877,38,0.001
COMPLETED,0.07,913.0,343,3591,0.4177117810938507,34,0.25
COMPLETED,0.16,777.0,2634,1712,0.831600640879944,7,0.05
COMPLETED,0.17,1106.0,4157,3910,0.5966014138534665,19,0.05
COMPLETED,0.34,998.0,1320,788,0.1537167280167341,42,0.025
COMPLETED,0.04,1114.0,2176,4774,0.9866084476560352,14,0.1
COMPLETED,0.4299999999999999,2731.0,4849,393,0.263067677564919,48,0.25
COMPLETED,0.4299999999999999,1849.0,2622,220,0.128243726299036,37,0.01
FAILED,,,3763,65,0.2546774644876914,16,0.25
RUNNING,,,4034,114,0.850435623834162,13,0.025
FAILED,,,3336,9,0.001,22,0.25
FAILED,,,3525,21,0.0270345294843174,50,0.01
RUNNING,,,4983,259,0.9741626004909208,15,0.25
RUNNING,,,3942,197,0.0117254942292828,36,0.025
FAILED,,,3516,56,0.999,50,0.025
RUNNING,,,3406,203,0.2468786258059592,35,0.005
COMPLETED,0.1499999999999999,864.0,4210,4664,0.0564859620291978,50,0.25
RUNNING,,,4559,371,0.001,16,0.25
RUNNING,,,3729,78,0.001,1,0.25
RUNNING,,,2946,132,0.999,37,0.01
FAILED,,,2580,11,0.2491061563541187,50,0.01
COMPLETED,0.28,1023.0,3678,1476,0.4055020174893026,35,0.01
COMPLETED,0.32,1159.0,4211,1135,0.999,16,0.25
RUNNING,,,4927,138,0.3334756498769992,13,0.025
FAILED,,,3198,1,0.999,9,0.25
RUNNING,,,2817,123,0.001,38,0.005
RUNNING,,,1689,269,0.001,35,0.01
COMPLETED,0.16,838.0,5000,4350,0.001,50,0.01
FAILED,,,4212,57,0.001,34,0.005
COMPLETED,0.28,1012.0,5000,1657,0.999,17,0.001
COMPLETED,0.22,987.0,5000,2538,0.999,34,0.1
FAILED,,,1973,1,0.001,17,0.025
RUNNING,,,4999,155,0.999,6,0.025
RUNNING,,,4620,298,0.001,1,0.005
COMPLETED,0.3599999999999999,1096.0,968,537,0.001,38,0.01
FAILED,,,3108,1,0.999,2,0.005
RUNNING,,,4997,92,0.0324950813653612,35,0.01
FAILED,,,3227,1,0.2311255538480256,27,0.1
FAILED,,,1,1,0.001,50,0.25
FAILED,,,3327,1,0.3238311165435705,28,0.1
COMPLETED,0.0599999999999999,1173.0,2681,1,0.177366002263627,1,0.1
FAILED,,,3416,1,0.6588203519953059,40,0.1
FAILED,,,3970,1,0.0446472502814963,30,0.1
COMPLETED,0.04,1347.0,1,438,0.037115012918426,50,0.01
FAILED,,,3243,1,0.2047732886862302,39,0.1
COMPLETED,0.13,2284.0,4910,53,0.1334364399222945,1,0.001
FAILED,,,3246,1,0.4552777744254586,38,0.1
COMPLETED,0.19,1351.0,3812,3016,0.001,50,0.01
FAILED,,,3256,1,0.5140567266303155,37,0.1
COMPLETED,0.04,1305.0,1,435,0.001,36,0.25
COMPLETED,0.13,960.0,307,1306,0.001,42,0.01
COMPLETED,0.35,1631.0,4363,841,0.001,7,0.025
COMPLETED,0.3599999999999999,1843.0,5000,735,0.001,50,0.001
FAILED,,,1822,1,0.999,50,0.001
FAILED,,,1810,1,0.999,50,0.01
FAILED,,,1837,1,0.999,50,0.001
FAILED,,,1841,1,0.999,50,0.01
COMPLETED,0.34,1729.0,1711,879,0.001,44,0.01
FAILED,,,1885,1,0.999,43,0.001
FAILED,,,1831,1,0.999,43,0.005
FAILED,,,1862,1,0.999,42,0.001
COMPLETED,0.2899999999999999,1117.0,1479,1150,0.3804533360110469,49,0.001
FAILED,,,1855,1,0.999,42,0.001
COMPLETED,0.33,1177.0,4823,1074,0.5831400663085575,50,0.025
FAILED,,,1860,1,0.999,43,0.001
COMPLETED,0.32,1082.0,1559,1018,0.5304499962390506,45,0.005
FAILED,,,1858,1,0.999,43,0.001
FAILED,,,1841,1,0.999,42,0.01
FAILED,,,1920,1,0.999,42,0.001
COMPLETED,0.23,1145.0,4953,2260,0.5124675040425503,49,0.01
FAILED,,,1852,1,0.999,42,0.001
COMPLETED,0.28,1344.0,4565,1645,0.999,41,0.025
COMPLETED,0.26,1026.0,1359,1498,0.999,15,0.025
COMPLETED,0.3099999999999999,1168.0,4652,1302,0.001,35,0.01
FAILED,,,1517,1,0.3541328068889993,24,0.001
COMPLETED,0.27,1041.0,3824,1508,0.001,20,0.025
FAILED,,,1531,1,0.3667400186705004,24,0.001
FAILED,,,1557,1,0.7405744667433116,26,0.001
COMPLETED,0.25,996.0,3120,1304,0.2654343093880648,43,0.001
FAILED,,,1597,1,0.566295091289244,26,0.001
FAILED,,,1275,1,0.999,25,0.005
FAILED,,,1736,1,0.001,26,0.001
FAILED,,,1322,1,0.999,25,0.005
FAILED,,,1721,1,0.001,26,0.001
FAILED,,,1285,1,0.999,25,0.001
FAILED,,,1723,1,0.001,26,0.005
COMPLETED,0.3599999999999999,1230.0,1444,701,0.999,26,0.001
FAILED,,,1598,1,0.999,26,0.005
COMPLETED,0.2899999999999999,1127.0,1303,1097,0.999,26,0.001
COMPLETED,0.23,1132.0,1267,1698,0.0255726459461437,28,0.001
FAILED,,,1568,1,0.999,26,0.005
FAILED,,,1300,1,0.999,26,0.025
COMPLETED,0.26,971.0,1445,1587,0.999,30,0.25
COMPLETED,0.16,916.0,5000,4125,0.999,1,0.25
FAILED,,,1549,1,0.999,26,0.005
FAILED,,,1376,1,0.001,24,0.01
FAILED,,,1477,1,0.001,25,0.005
FAILED,,,1494,1,0.001,25,0.005
FAILED,,,1228,1,0.001,21,0.01
FAILED,,,1572,1,0.001,26,0.005
FAILED,,,1233,1,0.999,23,0.01
FAILED,,,1550,1,0.001,26,0.005
FAILED,,,1114,1,0.001,22,0.01
FAILED,,,1115,1,0.999,22,0.001
FAILED,,,1379,1,0.999,24,0.01
COMPLETED,0.3,1158.0,5000,1335,0.001,50,0.001
FAILED,,,1279,1,0.999,22,0.01
FAILED,,,1690,1,0.999,27,0.25
FAILED,,,1110,1,0.999,19,0.01
FAILED,,,1534,1,0.001,27,0.01
FAILED,,,1085,1,0.999,23,0.01
FAILED,,,1578,1,0.001,25,0.005
FAILED,,,1268,1,0.999,21,0.01
FAILED,,,1568,1,0.001,26,0.005
COMPLETED,0.3,1011.0,3284,1016,0.999,38,0.005
FAILED,,,1518,1,0.001,25,0.005
FAILED,,,1333,1,0.999,25,0.01
FAILED,,,1527,1,0.001,25,0.005
FAILED,,,1339,1,0.999,25,0.01
FAILED,,,1562,1,0.001,26,0.005
FAILED,,,1300,1,0.999,24,0.01
FAILED,,,1577,1,0.001,26,0.005
FAILED,,,1220,1,0.999,20,0.01
FAILED,,,1602,1,0.001,26,0.001
FAILED,,,1304,1,0.999,24,0.01
COMPLETED,0.22,1332.0,3253,1891,0.001,50,0.1
FAILED,,,1525,1,0.001,25,0.005
FAILED,,,1251,1,0.999,23,0.01
FAILED,,,1568,1,0.001,26,0.01
FAILED,,,1407,1,0.001,23,0.01
COMPLETED,0.2,1034.0,4684,2970,0.999,1,0.025
FAILED,,,1542,1,0.001,25,0.005
FAILED,,,1371,1,0.999,26,0.01
FAILED,,,1565,1,0.001,25,0.001
FAILED,,,1364,1,0.999,24,0.01
FAILED,,,1302,1,0.001,25,0.005
FAILED,,,1377,1,0.999,25,0.01
FAILED,,,1403,1,0.001,25,0.005
COMPLETED,0.34,1276.0,3852,898,0.999,43,0.01
FAILED,,,1427,1,0.001,25,0.005
FAILED,,,1367,1,0.999,25,0.01
FAILED,,,1431,1,0.001,25,0.005
FAILED,,,1387,1,0.999,25,0.01
FAILED,,,1395,1,0.001,24,0.005
FAILED,,,1315,1,0.999,24,0.01
FAILED,,,1522,1,0.001,25,0.005
FAILED,,,1204,1,0.999,22,0.01
FAILED,,,1728,1,0.001,24,0.005
FAILED,,,1304,1,0.999,26,0.01
FAILED,,,1713,1,0.001,27,0.005
FAILED,,,1319,1,0.999,24,0.01
FAILED,,,1669,1,0.001,27,0.005
FAILED,,,1327,1,0.999,26,0.01
COMPLETED,0.2099999999999999,1042.0,4078,2631,0.001,50,0.1
FAILED,,,1639,1,0.001,26,0.005
FAILED,,,1368,1,0.999,24,0.01
FAILED,,,1541,1,0.001,30,0.005
FAILED,,,1538,1,0.7937154070531844,27,0.01
FAILED,,,1517,1,0.001,27,0.005
FAILED,,,1586,1,0.999,28,0.01
FAILED,,,1538,1,0.001,27,0.005
FAILED,,,1660,1,0.999,28,0.01
FAILED,,,1470,1,0.001,26,0.005
FAILED,,,1583,1,0.999,28,0.01
FAILED,,,1426,1,0.001,26,0.005
FAILED,,,1624,1,0.999,28,0.01
FAILED,,,1493,1,0.001,27,0.005
FAILED,,,1599,1,0.999,28,0.01
FAILED,,,1414,1,0.001,27,0.005
FAILED,,,1620,1,0.999,28,0.01
FAILED,,,1499,1,0.001,27,0.005
FAILED,,,1633,1,0.8700883164943994,28,0.01
FAILED,,,1470,1,0.001,26,0.005
FAILED,,,1628,1,0.999,28,0.01
FAILED,,,1507,1,0.001,27,0.005
FAILED,,,1625,1,0.999,28,0.01
FAILED,,,1431,1,0.001,26,0.005
FAILED,,,1574,1,0.7314445398519553,27,0.01
FAILED,,,1473,1,0.001,27,0.005
FAILED,,,1573,1,0.999,27,0.01
FAILED,,,1501,1,0.001,27,0.01
FAILED,,,1563,1,0.999,28,0.01
FAILED,,,1457,1,0.001,26,0.01
FAILED,,,1555,1,0.999,28,0.005
FAILED,,,1579,1,0.001,27,0.01
FAILED,,,1597,1,0.999,28,0.005
FAILED,,,1603,1,0.001,27,0.01
FAILED,,,1485,1,0.999,27,0.005
FAILED,,,1599,1,0.2582648016625087,27,0.01
FAILED,,,1419,1,0.001,26,0.005
FAILED,,,1609,1,0.999,28,0.01
FAILED,,,3750,1,0.001,40,0.25
FAILED,,,1565,1,0.7511456481904607,28,0.01
FAILED,,,1493,1,0.001,27,0.005
FAILED,,,1608,1,0.999,28,0.01
FAILED,,,1466,1,0.001,26,0.005
FAILED,,,1632,1,0.9911942480982066,28,0.01
FAILED,,,1565,1,0.1808143356441288,27,0.01
FAILED,,,1527,1,0.999,28,0.005
FAILED,,,1600,1,0.999,27,0.01
FAILED,,,1491,1,0.001,27,0.005
FAILED,,,1607,1,0.999,28,0.01
FAILED,,,1465,1,0.001,26,0.005
FAILED,,,1616,1,0.999,28,0.01
FAILED,,,1411,1,0.001,26,0.005
FAILED,,,1644,1,0.9279309478621492,28,0.01
FAILED,,,1508,1,0.001,27,0.005
FAILED,,,1624,1,0.999,28,0.01
FAILED,,,1424,1,0.001,26,0.005
FAILED,,,1636,1,0.3176666666491994,27,0.01
FAILED,,,1409,1,0.001,26,0.005
FAILED,,,1617,1,0.6282003694007416,28,0.01
FAILED,,,1464,1,0.001,26,0.005
FAILED,,,1618,1,0.9201361229409624,28,0.01
FAILED,,,1438,1,0.001,26,0.005
FAILED,,,1680,1,0.9908297597029488,28,0.01
FAILED,,,1474,1,0.001,26,0.005
FAILED,,,1564,1,0.6692975982653888,27,0.01
FAILED,,,1485,1,0.001,27,0.005
FAILED,,,1598,1,0.999,28,0.01
FAILED,,,1514,1,0.001,27,0.005
FAILED,,,1588,1,0.999,28,0.01
FAILED,,,1542,1,0.001,27,0.01
FAILED,,,1516,1,0.999,28,0.005
FAILED,,,1598,1,0.001,27,0.01
FAILED,,,1513,1,0.999,27,0.005
FAILED,,,1584,1,0.001,27,0.01
FAILED,,,1434,1,0.999,27,0.01
FAILED,,,1521,1,0.001,26,0.005
FAILED,,,1599,1,0.999,28,0.01
FAILED,,,1472,1,0.001,26,0.005
FAILED,,,1621,1,0.999,28,0.01
FAILED,,,1476,1,0.001,27,0.005
FAILED,,,1643,1,0.999,28,0.01
FAILED,,,1492,1,0.001,27,0.005
FAILED,,,1611,1,0.999,28,0.01
FAILED,,,1489,1,0.001,27,0.005
FAILED,,,1570,1,0.4594670359964816,27,0.01
FAILED,,,3814,1,0.001,39,0.25
FAILED,,,1539,1,0.7479275382888905,27,0.01
FAILED,,,1418,1,0.001,26,0.005
FAILED,,,1623,1,0.5336124182738375,28,0.01
FAILED,,,1491,1,0.001,27,0.005
FAILED,,,1565,1,0.999,27,0.01
FAILED,,,1471,1,0.001,27,0.005
FAILED,,,1601,1,0.936145606967786,28,0.01
FAILED,,,3802,1,0.001,36,0.01
FAILED,,,1572,1,0.2469993065756322,27,0.01
FAILED,,,1503,1,0.999,28,0.005
FAILED,,,1609,1,0.001,27,0.01
FAILED,,,1506,1,0.999,28,0.005
FAILED,,,1580,1,0.001,27,0.01
FAILED,,,1500,1,0.999,27,0.01
FAILED,,,1565,1,0.001,27,0.01
FAILED,,,1466,1,0.999,28,0.005
FAILED,,,1605,1,0.001,27,0.01
FAILED,,,1480,1,0.999,28,0.005
FAILED,,,1502,1,0.3836342337525734,27,0.01
FAILED,,,1521,1,0.001,27,0.005
FAILED,,,1614,1,0.999,28,0.01
FAILED,,,1499,1,0.001,27,0.01
FAILED,,,1501,1,0.999,27,0.005
FAILED,,,1588,1,0.001,27,0.01
FAILED,,,1473,1,0.999,27,0.005
FAILED,,,1583,1,0.603438650417102,27,0.01
FAILED,,,1511,1,0.001,27,0.005
FAILED,,,1593,1,0.999,28,0.01
FAILED,,,1428,1,0.001,26,0.005
FAILED,,,1645,1,0.9045694779130358,28,0.01
FAILED,,,1419,1,0.001,26,0.005
FAILED,,,1623,1,0.9232891600833266,28,0.01
FAILED,,,1493,1,0.001,27,0.005
FAILED,,,1617,1,0.999,28,0.01
FAILED,,,1426,1,0.001,26,0.005
FAILED,,,1612,1,0.999,28,0.01
FAILED,,,1435,1,0.001,26,0.005
FAILED,,,1587,1,0.999,28,0.01
FAILED,,,1557,1,0.5247163654773437,27,0.01
FAILED,,,1441,1,0.001,26,0.005
FAILED,,,1587,1,0.999,28,0.01
FAILED,,,1476,1,0.001,26,0.005
FAILED,,,1610,1,0.999,28,0.01
FAILED,,,1487,1,0.001,27,0.005
FAILED,,,1618,1,0.9041301101144664,28,0.01
FAILED,,,1478,1,0.001,26,0.005
FAILED,,,1647,1,0.999,28,0.01
FAILED,,,1463,1,0.001,26,0.005
FAILED,,,1585,1,0.999,27,0.01
FAILED,,,1487,1,0.001,26,0.005
FAILED,,,1620,1,0.999,28,0.01
FAILED,,,1439,1,0.001,26,0.005
FAILED,,,1624,1,0.999,28,0.01
FAILED,,,1483,1,0.001,26,0.01
FAILED,,,1562,1,0.999,28,0.01
FAILED,,,1479,1,0.001,27,0.005
FAILED,,,1620,1,0.9823686497832488,28,0.01
FAILED,,,1425,1,0.001,26,0.005
FAILED,,,1591,1,0.638344047496977,27,0.01
FAILED,,,1405,1,0.001,26,0.005
FAILED,,,1616,1,0.999,28,0.01
FAILED,,,1519,1,0.001,27,0.005
FAILED,,,1607,1,0.999,28,0.01
FAILED,,,3682,1,0.001,40,0.25
FAILED,,,1572,1,0.3975417698229939,27,0.01
FAILED,,,1437,1,0.001,27,0.005
FAILED,,,1606,1,0.6509077119020787,28,0.01
FAILED,,,1442,1,0.001,26,0.005
FAILED,,,1626,1,0.7935236903275169,28,0.01
FAILED,,,1450,1,0.001,26,0.005
FAILED,,,1646,1,0.8424166610508714,28,0.01
FAILED,,,1384,1,0.001,26,0.005
FAILED,,,1633,1,0.999,28,0.01
FAILED,,,1457,1,0.001,26,0.005
FAILED,,,1610,1,0.8779732964685232,28,0.01
FAILED,,,1439,1,0.001,26,0.005
FAILED,,,1642,1,0.999,28,0.01
FAILED,,,1435,1,0.001,26,0.005
FAILED,,,1555,1,0.6881286354405786,27,0.01
FAILED,,,1653,1,0.001,27,0.01
FAILED,,,1469,1,0.8138478731549577,26,0.005
FAILED,,,1555,1,0.001,27,0.01
FAILED,,,3752,1,0.001,41,0.25
FAILED,,,1558,1,0.001,27,0.01
FAILED,,,1558,1,0.999,28,0.005
FAILED,,,1546,1,0.001,27,0.01
FAILED,,,1494,1,0.999,27,0.005
FAILED,,,1635,1,0.0483314495020214,28,0.01
FAILED,,,1440,1,0.999,27,0.01
FAILED,,,1505,1,0.001,26,0.005
FAILED,,,1620,1,0.999,28,0.01
FAILED,,,1442,1,0.001,26,0.005
FAILED,,,1623,1,0.5099187444206018,28,0.01
FAILED,,,1469,1,0.001,26,0.005
FAILED,,,1629,1,0.7733704224848789,28,0.01
FAILED,,,1315,1,0.001,24,0.01
FAILED,,,1803,1,0.999,29,0.01
FAILED,,,1437,1,0.001,26,0.005
FAILED,,,1538,1,0.5124308142439705,27,0.01
FAILED,,,3757,1,0.001,39,0.25
FAILED,,,1550,1,0.4871402659793986,27,0.01
FAILED,,,1517,1,0.001,26,0.005
FAILED,,,1634,1,0.9532473422350533,28,0.01
FAILED,,,1473,1,0.001,26,0.005
FAILED,,,1632,1,0.999,28,0.01
FAILED,,,1470,1,0.001,27,0.005
FAILED,,,1578,1,0.999,28,0.01
FAILED,,,1467,1,0.001,26,0.005
FAILED,,,1626,1,0.999,28,0.01
FAILED,,,1521,1,0.001,27,0.005
FAILED,,,1574,1,0.999,28,0.01
FAILED,,,3698,1,0.001,37,0.25
FAILED,,,1594,1,0.4379544827162379,27,0.01
FAILED,,,1477,1,0.8559849864618493,27,0.005
FAILED,,,1616,1,0.001,27,0.01
FAILED,,,1513,1,0.999,28,0.005
FAILED,,,1619,1,0.001,27,0.01
FAILED,,,1505,1,0.999,27,0.005
FAILED,,,1538,1,0.2761628449823345,27,0.01
FAILED,,,1436,1,0.001,26,0.005
FAILED,,,1624,1,0.999,28,0.01
FAILED,,,1523,1,0.001,27,0.005
FAILED,,,1604,1,0.999,28,0.01
FAILED,,,1484,1,0.001,27,0.005
FAILED,,,1622,1,0.5190277950047998,28,0.01
FAILED,,,1437,1,0.001,26,0.005
FAILED,,,1569,1,0.9594682040793974,27,0.01
FAILED,,,1501,1,0.001,27,0.005
FAILED,,,1622,1,0.999,28,0.01
FAILED,,,1450,1,0.001,26,0.005
FAILED,,,1628,1,0.999,28,0.01
FAILED,,,1376,1,0.001,26,0.005
FAILED,,,1580,1,0.8252720588181932,27,0.01
FAILED,,,1439,1,0.001,27,0.005
FAILED,,,1629,1,0.999,28,0.01
FAILED,,,1538,1,0.001,27,0.005
FAILED,,,1619,1,0.999,28,0.01
FAILED,,,1431,1,0.001,26,0.005
FAILED,,,1567,1,0.6934174448124987,27,0.01
FAILED,,,1483,1,0.001,27,0.005
FAILED,,,1612,1,0.5800426213064493,28,0.01
FAILED,,,1464,1,0.001,26,0.005
FAILED,,,1600,1,0.999,28,0.01
FAILED,,,1505,1,0.001,27,0.005
FAILED,,,1620,1,0.999,28,0.01
FAILED,,,1531,1,0.001,27,0.01
FAILED,,,1491,1,0.999,28,0.005
FAILED,,,1594,1,0.001,28,0.01
FAILED,,,1429,1,0.999,27,0.005
FAILED,,,1616,1,0.001,27,0.01
FAILED,,,1470,1,0.999,27,0.005
FAILED,,,1615,1,0.0172909141348565,27,0.01
FAILED,,,1513,1,0.999,28,0.005
FAILED,,,1605,1,0.001,27,0.01
FAILED,,,1409,1,0.8433245405131173,27,0.005
FAILED,,,1594,1,0.0346375979581277,27,0.01
FAILED,,,1550,1,0.999,28,0.005
FAILED,,,1613,1,0.001,27,0.01
FAILED,,,1543,1,0.5985301206363486,27,0.01
FAILED,,,1455,1,0.001,26,0.005
FAILED,,,1616,1,0.999,28,0.01
FAILED,,,1529,1,0.001,27,0.005
FAILED,,,1599,1,0.999,28,0.01
FAILED,,,1490,1,0.001,27,0.005
FAILED,,,1597,1,0.999,28,0.01
FAILED,,,1490,1,0.001,27,0.005
FAILED,,,1615,1,0.3723224872423314,28,0.01
FAILED,,,1416,1,0.001,27,0.005
FAILED,,,1615,1,0.8072609447540863,28,0.01
FAILED,,,1478,1,0.001,26,0.005
FAILED,,,1624,1,0.999,28,0.01
FAILED,,,1467,1,0.001,26,0.005
FAILED,,,1374,1,0.999,25,0.01
FAILED,,,1621,1,0.001,28,0.005
FAILED,,,1603,1,0.999,28,0.01
FAILED,,,1446,1,0.001,26,0.005
FAILED,,,1579,1,0.999,28,0.01
FAILED,,,1470,1,0.001,26,0.005
FAILED,,,1559,1,0.8259874089102572,28,0.01
FAILED,,,1461,1,0.001,26,0.005
FAILED,,,1608,1,0.999,28,0.01
FAILED,,,1463,1,0.001,26,0.005
FAILED,,,1609,1,0.999,28,0.01
FAILED,,,1444,1,0.001,26,0.005
FAILED,,,1615,1,0.999,28,0.01
FAILED,,,1451,1,0.0896496214807835,26,0.01
FAILED,,,3758,1,0.001,39,0.25
FAILED,,,1563,1,0.1294910138509476,27,0.01
FAILED,,,1397,1,0.4991030892072364,27,0.005
FAILED,,,1627,1,0.3433688781517717,27,0.01
FAILED,,,1394,1,0.001,26,0.005
FAILED,,,1615,1,0.999,28,0.01
FAILED,,,1492,1,0.001,26,0.005
FAILED,,,1595,1,0.999,28,0.01
FAILED,,,1495,1,0.001,26,0.005
FAILED,,,1582,1,0.999,28,0.01
FAILED,,,1506,1,0.001,27,0.005
FAILED,,,1588,1,0.999,28,0.01
FAILED,,,1549,1,0.5766206924717134,27,0.01
FAILED,,,1454,1,0.001,26,0.005
FAILED,,,1635,1,0.999,28,0.01
FAILED,,,1460,1,0.001,26,0.005
FAILED,,,1597,1,0.999,28,0.01
FAILED,,,3800,1,0.001,41,0.25
FAILED,,,1570,1,0.6599259067893981,27,0.01
FAILED,,,1505,1,0.001,27,0.005
FAILED,,,1586,1,0.999,27,0.01
FAILED,,,1479,1,0.001,27,0.005
FAILED,,,1610,1,0.999,28,0.01
FAILED,,,1510,1,0.001,27,0.01
FAILED,,,1544,1,0.999,28,0.01
FAILED,,,1470,1,0.001,26,0.005
FAILED,,,1596,1,0.999,28,0.01
FAILED,,,1515,1,0.001,27,0.005
FAILED,,,1600,1,0.7375486339183817,28,0.01
FAILED,,,1482,1,0.001,27,0.005
FAILED,,,1622,1,0.8980964388065629,28,0.01
FAILED,,,1474,1,0.001,26,0.005
FAILED,,,1530,1,0.4113843911588665,27,0.01
FAILED,,,1490,1,0.001,27,0.005
FAILED,,,1649,1,0.999,28,0.01
FAILED,,,1432,1,0.001,26,0.005
FAILED,,,1668,1,0.999,28,0.01
FAILED,,,1448,1,0.001,26,0.005
FAILED,,,1648,1,0.999,28,0.01
FAILED,,,1487,1,0.001,26,0.005
FAILED,,,1587,1,0.999,27,0.01
FAILED,,,1540,1,0.0050182785134435,27,0.005
FAILED,,,1600,1,0.8676586901015627,28,0.01
FAILED,,,1460,1,0.001,26,0.005
FAILED,,,1616,1,0.999,28,0.01
FAILED,,,1509,1,0.001,27,0.005
FAILED,,,1613,1,0.999,28,0.01
FAILED,,,1426,1,0.001,26,0.005
FAILED,,,1602,1,0.999,28,0.01
FAILED,,,1402,1,0.001,26,0.005
FAILED,,,1626,1,0.4892938982631729,27,0.01
FAILED,,,1411,1,0.001,26,0.005
FAILED,,,1588,1,0.2984602515208663,27,0.01
FAILED,,,1407,1,0.001,26,0.005
FAILED,,,1603,1,0.4405669260619233,27,0.01
FAILED,,,1435,1,0.001,26,0.005
FAILED,,,1624,1,0.999,28,0.01
FAILED,,,1419,1,0.001,26,0.005
FAILED,,,1645,1,0.999,28,0.01
FAILED,,,1440,1,0.001,26,0.005
FAILED,,,1625,1,0.999,28,0.01
FAILED,,,1468,1,0.001,26,0.005
FAILED,,,1572,1,0.6750943303224896,28,0.01
FAILED,,,1485,1,0.001,27,0.005
FAILED,,,1597,1,0.999,28,0.01
FAILED,,,1448,1,0.001,27,0.005
FAILED,,,1621,1,0.999,28,0.01
FAILED,,,1409,1,0.001,26,0.005
FAILED,,,1640,1,0.6624398183916302,28,0.01
FAILED,,,1450,1,0.001,27,0.01
FAILED,,,1521,1,0.999,28,0.005
FAILED,,,1622,1,0.0472997303316932,27,0.01
FAILED,,,1568,1,0.5098875783645593,27,0.01
FAILED,,,1462,1,0.001,27,0.005
FAILED,,,1600,1,0.999,27,0.01
FAILED,,,3805,1,0.001,42,0.25
FAILED,,,1544,1,0.3636977878427981,27,0.01
FAILED,,,1483,1,0.001,27,0.005
FAILED,,,1594,1,0.7449023903769059,27,0.01
FAILED,,,1464,1,0.001,27,0.005
FAILED,,,1638,1,0.8371849971648774,28,0.01
FAILED,,,1471,1,0.001,27,0.005
FAILED,,,1624,1,0.6631250494607756,28,0.01
FAILED,,,1453,1,0.001,27,0.005
FAILED,,,1620,1,0.999,28,0.01
FAILED,,,1497,1,0.001,26,0.005
FAILED,,,1601,1,0.999,28,0.01
FAILED,,,1438,1,0.001,26,0.005
FAILED,,,1614,1,0.8303792509690132,28,0.01
FAILED,,,1490,1,0.001,27,0.005
FAILED,,,1630,1,0.8397030576412434,27,0.01
FAILED,,,1441,1,0.001,26,0.005
FAILED,,,1521,1,0.3796610040220891,27,0.01
FAILED,,,1492,1,0.9026856646124664,27,0.005
FAILED,,,1631,1,0.0443210252156556,27,0.01
FAILED,,,1462,1,0.999,27,0.005
FAILED,,,1597,1,0.001,27,0.01
FAILED,,,3785,1,0.001,42,0.25
FAILED,,,1553,1,0.8281621444343465,27,0.01
FAILED,,,1401,1,0.001,26,0.005
FAILED,,,1626,1,0.999,28,0.01
FAILED,,,1464,1,0.001,26,0.005
FAILED,,,1604,1,0.972329340734987,28,0.01
FAILED,,,1523,1,0.001,27,0.005
FAILED,,,1641,1,0.999,28,0.01
FAILED,,,1437,1,0.001,26,0.005
FAILED,,,1632,1,0.8408790286711216,28,0.01
FAILED,,,1386,1,0.001,26,0.005
FAILED,,,1629,1,0.999,28,0.01
FAILED,,,1443,1,0.001,26,0.005
FAILED,,,1600,1,0.4005881267631519,28,0.01
FAILED,,,1445,1,0.001,26,0.005
FAILED,,,1533,1,0.4962107012398827,27,0.01
FAILED,,,1439,1,0.001,25,0.005
FAILED,,,1595,1,0.999,27,0.01
FAILED,,,1450,1,0.001,26,0.005
FAILED,,,1572,1,0.3467969549048,28,0.01
FAILED,,,1458,1,0.001,27,0.01
FAILED,,,1515,1,0.999,27,0.005
FAILED,,,1616,1,0.001,27,0.01
FAILED,,,1433,1,0.4618341389870231,26,0.005
FAILED,,,1617,1,0.999,28,0.01
FAILED,,,1461,1,0.001,27,0.005
FAILED,,,1626,1,0.846913316557736,28,0.01
FAILED,,,1502,1,0.001,27,0.005
FAILED,,,1609,1,0.6367600344005724,27,0.01
FAILED,,,1468,1,0.001,27,0.005
FAILED,,,1588,1,0.999,27,0.01
FAILED,,,1499,1,0.001,26,0.005
FAILED,,,1610,1,0.999,28,0.01
FAILED,,,1468,1,0.001,27,0.005
FAILED,,,1484,1,0.9141464892996342,27,0.01
FAILED,,,1546,1,0.4274767079296208,27,0.01
FAILED,,,1492,1,0.001,27,0.005
FAILED,,,1589,1,0.999,28,0.01
FAILED,,,3863,1,0.001,40,0.25
FAILED,,,1631,1,0.999,28,0.01
FAILED,,,1449,1,0.001,26,0.005
FAILED,,,1624,1,0.999,28,0.01
FAILED,,,1482,1,0.001,27,0.005
FAILED,,,1600,1,0.8751916180430342,28,0.01
FAILED,,,1450,1,0.001,26,0.005
FAILED,,,1593,1,0.999,28,0.01
FAILED,,,1467,1,0.001,26,0.005
FAILED,,,1642,1,0.9862470952695004,28,0.01
FAILED,,,1447,1,0.001,26,0.005
FAILED,,,3706,1,0.001,37,0.01
FAILED,,,1574,1,0.3856712982122463,27,0.01
FAILED,,,1491,1,0.001,27,0.005
FAILED,,,1609,1,0.999,28,0.01
FAILED,,,1492,1,0.001,26,0.005
FAILED,,,1629,1,0.879636490492993,28,0.01
FAILED,,,1549,1,0.5653768323745043,27,0.01
FAILED,,,3813,1,0.001,38,0.25
FAILED,,,1572,1,0.4906361706346593,27,0.01
FAILED,,,1472,1,0.001,26,0.005
FAILED,,,1642,1,0.999,28,0.01
FAILED,,,1478,1,0.001,26,0.005
FAILED,,,1600,1,0.999,28,0.01
FAILED,,,1471,1,0.001,27,0.005
FAILED,,,1618,1,0.438067121798308,28,0.01
FAILED,,,1475,1,0.001,27,0.005
FAILED,,,1607,1,0.999,28,0.01
FAILED,,,1464,1,0.001,26,0.005
FAILED,,,1590,1,0.999,28,0.01
FAILED,,,1468,1,0.001,26,0.005
FAILED,,,1622,1,0.944475703637688,28,0.01
FAILED,,,1702,1,0.001,28,0.005
FAILED,,,1587,1,0.999,28,0.01
FAILED,,,1463,1,0.001,26,0.01
FAILED,,,3668,1,0.001,39,0.25
FAILED,,,1552,1,0.2941917513003863,27,0.01
FAILED,,,1527,1,0.5172258068461117,27,0.01
FAILED,,,1472,1,0.001,27,0.005
FAILED,,,1594,1,0.999,28,0.01
FAILED,,,1518,1,0.001,26,0.01
FAILED,,,1557,1,0.999,28,0.005
FAILED,,,1639,1,0.151866781766602,27,0.01
FAILED,,,1502,1,0.9858694515067836,27,0.005
FAILED,,,1598,1,0.09223022243058,27,0.01
FAILED,,,1508,1,0.999,28,0.005
FAILED,,,1607,1,0.2356034092544131,27,0.01
FAILED,,,1446,1,0.999,27,0.005
FAILED,,,1598,1,0.0027799918099446,27,0.01
FAILED,,,1528,1,0.5061143340434054,27,0.005
FAILED,,,1600,1,0.6357544980852646,27,0.01
FAILED,,,1434,1,0.001,26,0.005
FAILED,,,1592,1,0.999,28,0.01
FAILED,,,1481,1,0.001,26,0.005
FAILED,,,1583,1,0.8636941369766609,27,0.01
FAILED,,,1507,1,0.001,27,0.005
FAILED,,,1613,1,0.7373463149566017,27,0.01
FAILED,,,1549,1,0.4923214288008561,27,0.01
FAILED,,,3792,1,0.001,39,0.01
FAILED,,,1549,1,0.2363186905069516,27,0.01
COMPLETED,0.4,1586.0,1199,413,0.001,24,0.005
FAILED,,,1581,1,0.5027481601568039,27,0.01
FAILED,,,3843,1,0.001,40,0.005
FAILED,,,1582,1,0.3939747370632764,27,0.01
FAILED,,,1449,1,0.001,26,0.025
FAILED,,,1652,1,0.956860391080657,29,0.01
FAILED,,,1482,1,0.001,26,0.01
FAILED,,,1575,1,0.999,28,0.005
FAILED,,,1604,1,0.0186061739037414,27,0.01
FAILED,,,1573,1,0.999,28,0.01
COMPLETED,0.26,1171.0,4687,1851,0.6036777192128555,36,0.1
FAILED,,,2020,1,0.999,28,0.25
FAILED,,,1372,1,0.999,25,0.01
FAILED,,,1434,1,0.001,31,0.01
FAILED,,,2123,1,0.001,23,0.025
FAILED,,,1364,1,0.999,28,0.01
FAILED,,,2322,1,0.999,25,0.25
FAILED,,,1900,1,0.2394548331292066,25,0.025
FAILED,,,2742,1,0.001,22,0.25
FAILED,,,1922,1,0.001,25,0.025
FAILED,,,2182,1,0.001,23,0.25
FAILED,,,1909,1,0.7474130385443776,25,0.025
FAILED,,,2110,1,0.001,26,0.25
FAILED,,,1918,1,0.999,23,0.025
FAILED,,,2795,1,0.001,23,0.025
FAILED,,,1499,1,0.885275870103499,25,0.01
COMPLETED,0.28,1044.0,3864,1478,0.999,32,0.25
FAILED,,,1930,1,0.0119818612254854,24,0.025
FAILED,,,2179,1,0.001,26,0.25
FAILED,,,1893,1,0.001,24,0.025
FAILED,,,2071,1,0.001,26,0.25
FAILED,,,1862,1,0.999,27,0.025
FAILED,,,2135,1,0.001,26,0.25
COMPLETED,0.2399999999999999,1046.0,4102,2193,0.9920183282269818,1,0.001
FAILED,,,4577,1,0.001,50,0.01
COMPLETED,0.26,945.0,2578,820,0.001,20,0.025
FAILED,,,1383,1,0.001,26,0.01
FAILED,,,2017,1,0.4565741420663951,26,0.25
FAILED,,,1856,1,0.999,27,0.025
FAILED,,,2038,1,0.001,26,0.25
FAILED,,,1936,1,0.999,28,0.025
FAILED,,,2009,1,0.001,27,0.25
FAILED,,,1885,1,0.999,28,0.025
FAILED,,,1490,1,0.999,25,0.01
FAILED,,,3729,1,0.001,44,0.25
FAILED,,,2040,1,0.3824545175677548,26,0.25
FAILED,,,1854,1,0.999,28,0.025
FAILED,,,2037,1,0.001,26,0.25
FAILED,,,1828,1,0.999,26,0.025
FAILED,,,2163,1,0.001,26,0.25
FAILED,,,1815,1,0.999,28,0.025
FAILED,,,2031,1,0.165128291377723,26,0.25
FAILED,,,1924,1,0.999,28,0.025
FAILED,,,1649,1,0.999,26,0.25
FAILED,,,2138,1,0.001,25,0.25
FAILED,,,1854,1,0.999,24,0.025
FAILED,,,1466,1,0.999,25,0.01
FAILED,,,2081,1,0.2453121725918406,26,0.25
FAILED,,,1855,1,0.999,26,0.025
FAILED,,,2020,1,0.1305285204822305,26,0.25
FAILED,,,1857,1,0.999,26,0.025
FAILED,,,2051,1,0.001,26,0.25
FAILED,,,1825,1,0.999,29,0.025
FAILED,,,1369,1,0.999,24,0.01
FAILED,,,2071,1,0.001,26,0.25
FAILED,,,3714,1,0.001,44,0.25
FAILED,,,2127,1,0.0188508286082245,26,0.25
FAILED,,,1788,1,0.999,26,0.025
FAILED,,,2034,1,0.0207263372499185,26,0.25
FAILED,,,3720,1,0.001,45,0.25
FAILED,,,2047,1,0.2722150735584632,27,0.25
FAILED,,,1328,1,0.999,23,0.01
FAILED,,,2087,1,0.001,27,0.25
FAILED,,,1355,1,0.999,25,0.01
FAILED,,,2086,1,0.001,27,0.25
FAILED,,,1879,1,0.999,25,0.025
FAILED,,,1469,1,0.999,25,0.01
FAILED,,,2047,1,0.4865450829349173,26,0.25
FAILED,,,1775,1,0.999,27,0.025
FAILED,,,1455,1,0.999,23,0.01
FAILED,,,2090,1,0.001,27,0.25
FAILED,,,1913,1,0.999,27,0.025
FAILED,,,1553,1,0.999,25,0.25
FAILED,,,2115,1,0.001,27,0.005
FAILED,,,1896,1,0.999,27,0.25
FAILED,,,1956,1,0.5963215346216497,27,0.025
FAILED,,,2056,1,0.001,27,0.25
COMPLETED,0.34,1854.0,3989,943,0.6434079788207524,48,0.1
FAILED,,,2048,1,0.3621899172245118,26,0.25
FAILED,,,2026,1,0.999,26,0.025
FAILED,,,2028,1,0.210011206017661,26,0.25
FAILED,,,3686,1,0.001,45,0.25
FAILED,,,2005,1,0.606276452727556,27,0.025
FAILED,,,2036,1,0.253511547656335,26,0.25
FAILED,,,1340,1,0.999,23,0.01
FAILED,,,4440,1,0.001,50,0.01
FAILED,,,2051,1,0.2136224424917747,26,0.25
FAILED,,,1708,1,0.001,24,0.01
FAILED,,,1833,1,0.001,26,0.1
COMPLETED,0.3599999999999999,1530.0,1787,647,0.001,24,0.1
FAILED,,,1811,1,0.001,25,0.005
COMPLETED,0.3,1083.0,5000,1331,0.999,41,0.1
FAILED,,,1814,1,0.001,26,0.1
FAILED,,,2162,1,0.999,33,0.25
FAILED,,,1763,1,0.001,24,0.005
FAILED,,,1787,1,0.001,25,0.01
FAILED,,,1851,1,0.001,26,0.1
FAILED,,,2241,1,0.999,34,0.25
FAILED,,,4326,1,0.999,40,0.1
FAILED,,,1487,1,0.001,26,0.1
COMPLETED,0.26,907.0,839,1030,0.001,22,0.025
FAILED,,,1485,1,0.001,26,0.01
FAILED,,,4357,1,0.999,42,0.01
FAILED,,,1360,1,0.001,25,0.01
FAILED,,,1501,1,0.001,27,0.1
FAILED,,,1497,1,0.001,26,0.01
FAILED,,,1509,1,0.001,26,0.005
FAILED,,,1530,1,0.001,26,0.1
FAILED,,,1537,1,0.001,26,0.01
FAILED,,,1448,1,0.4994654661859345,24,0.1
FAILED,,,4150,1,0.001,43,0.1
FAILED,,,1536,1,0.001,26,0.01
FAILED,,,4485,1,0.0784316445338358,47,0.01
FAILED,,,1530,1,0.001,26,0.1
FAILED,,,1549,1,0.001,26,0.01
FAILED,,,1476,1,0.3408116634612674,26,0.1
FAILED,,,4362,1,0.001,45,0.01
FAILED,,,1545,1,0.001,26,0.01
FAILED,,,4388,1,0.001,44,0.01
FAILED,,,1539,1,0.001,26,0.01
FAILED,,,1493,1,0.001,26,0.1
FAILED,,,1543,1,0.001,26,0.01
FAILED,,,1492,1,0.6259986571440224,26,0.1
FAILED,,,1543,1,0.001,26,0.01
FAILED,,,1476,1,0.001,26,0.1
FAILED,,,4433,1,0.0047140454154477,45,0.1
FAILED,,,1425,1,0.001,25,0.01
FAILED,,,1518,1,0.001,26,0.1
FAILED,,,4339,1,0.001,45,0.1
FAILED,,,1515,1,0.001,26,0.01
FAILED,,,1461,1,0.0215436809502713,25,0.1
FAILED,,,1538,1,0.0210309746707678,26,0.01
FAILED,,,1478,1,0.001,25,0.1
FAILED,,,1534,1,0.0090281660962236,26,0.01
FAILED,,,4489,1,0.001,46,0.01
FAILED,,,1529,1,0.001,26,0.01
FAILED,,,1466,1,0.6241678642170042,25,0.1
FAILED,,,1529,1,0.001,26,0.01
FAILED,,,1542,1,0.001,27,0.1
FAILED,,,1536,1,0.001,26,0.01
FAILED,,,4472,1,0.001,46,0.01
FAILED,,,1516,1,0.001,26,0.01
FAILED,,,1518,1,0.4063456609335045,26,0.005
FAILED,,,4464,1,0.4423825154088056,48,0.1
FAILED,,,4414,1,0.001,45,0.01
FAILED,,,1511,1,0.001,26,0.01
FAILED,,,1490,1,0.001,26,0.1
FAILED,,,1530,1,0.0133464477954837,26,0.01
COMPLETED,0.19,1031.0,4174,3349,0.999,37,0.1
FAILED,,,1496,1,0.001,26,0.1
FAILED,,,1531,1,0.001,26,0.01
FAILED,,,1508,1,0.2647314162936167,26,0.005
FAILED,,,1531,1,0.001,26,0.1
FAILED,,,1494,1,0.001,24,0.01
FAILED,,,1606,1,0.376442622097279,26,0.005
FAILED,,,1550,1,0.1569605456055577,25,0.01
FAILED,,,1673,1,0.001,28,0.1
FAILED,,,1553,1,0.001,26,0.01
COMPLETED,0.2899999999999999,1441.0,4303,1403,0.001,12,0.1
FAILED,,,1598,1,0.0136756452035847,26,0.1
FAILED,,,1534,1,0.0354091566396677,26,0.01
FAILED,,,1530,1,0.0884477654203394,26,0.005
FAILED,,,1449,1,0.001,25,0.01
FAILED,,,1551,1,0.2047271471280726,27,0.1
FAILED,,,1613,1,0.001,25,0.01
COMPLETED,0.33,1092.0,1496,944,0.999,24,0.01
FAILED,,,1434,1,0.999,26,0.01
FAILED,,,1782,1,0.999,26,0.025
COMPLETED,0.05,1091.0,1,2238,0.999,1,0.05
FAILED,,,1808,1,0.999,26,0.025
COMPLETED,0.3099999999999999,1412.0,1599,1054,0.999,1,0.25
FAILED,,,1798,1,0.999,26,0.01
FAILED,,,1396,1,0.999,23,0.025
FAILED,,,1959,1,0.999,30,0.005
FAILED,,,1424,1,0.999,25,0.025
FAILED,,,1783,1,0.999,27,0.025
FAILED,,,1542,1,0.999,23,0.01
FAILED,,,1926,1,0.999,30,0.01
FAILED,,,1646,1,0.999,25,0.1
FAILED,,,1892,1,0.999,28,0.005
FAILED,,,1609,1,0.999,24,0.025
RUNNING,,,1124,1,0.999,32,0.025
FAILED,,,1950,1,0.999,31,0.005
COMPLETED,0.34,1190.0,1941,931,0.999,27,0.025
COMPLETED,0.14,763.0,5000,5000,0.217670256183479,50,0.05
FAILED,,,1926,1,0.999,29,0.025
FAILED,,,1425,1,0.999,23,0.1
FAILED,,,1889,1,0.001,28,0.025
FAILED,,,1149,1,0.999,31,0.005
FAILED,,,1920,1,0.999,29,0.01
FAILED,,,1154,1,0.999,33,0.001
FAILED,,,1873,1,0.001,27,0.025
FAILED,,,1485,1,0.999,24,0.1
FAILED,,,1752,1,0.001,28,0.025
FAILED,,,1812,1,0.999,28,0.01
FAILED,,,1638,1,0.999,26,0.1
FAILED,,,1765,1,0.999,28,0.005
COMPLETED,0.2,870.0,1495,2445,0.999,50,0.1
FAILED,,,1556,1,0.999,26,0.01
FAILED,,,1708,1,0.999,28,0.025
FAILED,,,1525,1,0.999,27,0.01
FAILED,,,1526,1,0.999,25,0.005
FAILED,,,1644,1,0.999,26,0.025
FAILED,,,1569,1,0.999,26,0.1
FAILED,,,1742,1,0.001,28,0.025
FAILED,,,1527,1,0.999,26,0.01
FAILED,,,1808,1,0.001,28,0.01
FAILED,,,1563,1,0.999,26,0.005
FAILED,,,1688,1,0.001,26,0.001
FAILED,,,1654,1,0.999,26,0.01
FAILED,,,1608,1,0.999,26,0.1
FAILED,,,1739,1,0.001,27,0.005
FAILED,,,1538,1,0.999,25,0.1
FAILED,,,1799,1,0.001,27,0.01
FAILED,,,1621,1,0.999,26,0.001
FAILED,,,1634,1,0.999,27,0.005
FAILED,,,1605,1,0.001,25,0.1
FAILED,,,1844,1,0.999,28,0.01
FAILED,,,1452,1,0.999,25,0.1
FAILED,,,1791,1,0.999,28,0.01
FAILED,,,1577,1,0.001,25,0.1
FAILED,,,1820,1,0.001,27,0.01
FAILED,,,1608,1,0.999,26,0.025
FAILED,,,1674,1,0.001,27,0.005
FAILED,,,1591,1,0.999,25,0.025
COMPLETED,0.3099999999999999,901.0,4281,1357,0.999,11,0.005
FAILED,,,1798,1,0.999,27,0.01
COMPLETED,0.14,806.0,4155,4960,0.001,1,0.025
FAILED,,,1779,1,0.001,28,0.025
FAILED,,,1600,1,0.999,25,0.005
FAILED,,,1584,1,0.001,25,0.025
FAILED,,,1617,1,0.999,26,0.01
FAILED,,,1784,1,0.001,27,0.01
FAILED,,,1638,1,0.999,26,0.025
FAILED,,,1089,1,0.999,32,0.1
FAILED,,,1786,1,0.999,28,0.001
FAILED,,,1220,1,0.999,30,0.1
FAILED,,,1714,1,0.999,26,0.025
FAILED,,,1536,1,0.001,25,0.001
FAILED,,,1722,1,0.999,27,0.1
FAILED,,,1465,1,0.999,24,0.001
FAILED,,,1799,1,0.001,27,0.01
FAILED,,,1636,1,0.001,26,0.01
FAILED,,,1659,1,0.999,26,0.025
FAILED,,,1212,1,0.999,30,0.1
FAILED,,,1806,1,0.001,27,0.025
FAILED,,,1496,1,0.999,25,0.1
FAILED,,,1783,1,0.001,27,0.025
FAILED,,,1603,1,0.001,25,0.005
FAILED,,,1685,1,0.001,26,0.025
COMPLETED,0.1799999999999999,824.0,1210,2458,0.5123271825096511,1,0.25
FAILED,,,1722,1,0.001,27,0.005
FAILED,,,1571,1,0.999,25,0.025
FAILED,,,1368,1,0.999,27,0.1
FAILED,,,1741,1,0.001,26,0.01
FAILED,,,1535,1,0.999,25,0.025
FAILED,,,1105,1,0.999,32,0.1
FAILED,,,1790,1,0.001,27,0.025
FAILED,,,1480,1,0.999,26,0.005
FAILED,,,1529,1,0.999,23,0.1
FAILED,,,1650,1,0.001,25,0.005
FAILED,,,1482,1,0.999,23,0.025
FAILED,,,1603,1,0.001,24,0.001
FAILED,,,1589,1,0.001,24,0.01
FAILED,,,1468,1,0.999,24,0.1
FAILED,,,1786,1,0.001,26,0.01
FAILED,,,1590,1,0.001,24,0.1
FAILED,,,1467,1,0.999,23,0.1
FAILED,,,1796,1,0.001,26,0.01
FAILED,,,1495,1,0.001,24,0.025
FAILED,,,1472,1,0.001,24,0.01
FAILED,,,1573,1,0.999,23,0.01
FAILED,,,1309,1,0.999,25,0.1
FAILED,,,1763,1,0.001,26,0.01
FAILED,,,1585,1,0.999,24,0.005
FAILED,,,1145,1,0.999,30,0.1
FAILED,,,1776,1,0.001,26,0.025
FAILED,,,1463,1,0.999,24,0.1
FAILED,,,1790,1,0.001,26,0.01
FAILED,,,1442,1,0.001,24,0.025
FAILED,,,1472,1,0.999,24,0.1
FAILED,,,1785,1,0.001,26,0.01
FAILED,,,1663,1,0.001,24,0.1
FAILED,,,1810,1,0.001,26,0.025
FAILED,,,1515,1,0.999,23,0.005
COMPLETED,0.16,995.0,2050,184,0.001,33,0.025
FAILED,,,1539,1,0.001,23,0.01
COMPLETED,0.2,966.0,1352,2320,0.001,50,0.005
FAILED,,,1480,1,0.999,22,0.025
FAILED,,,1764,1,0.001,26,0.025
FAILED,,,1471,1,0.999,24,0.1
FAILED,,,1694,1,0.001,25,0.01
FAILED,,,1569,1,0.001,23,0.025
FAILED,,,1099,1,0.999,32,0.1
FAILED,,,1700,1,0.001,25,0.01
FAILED,,,1490,1,0.999,37,0.01
FAILED,,,1364,1,0.999,31,0.005
FAILED,,,1486,1,0.999,35,0.01
FAILED,,,1342,1,0.999,31,0.1
FAILED,,,1513,1,0.999,36,0.01
FAILED,,,1395,1,0.999,32,0.005
FAILED,,,1509,1,0.999,36,0.01
FAILED,,,1384,1,0.999,32,0.1
FAILED,,,1503,1,0.999,35,0.005
FAILED,,,1467,1,0.999,35,0.01
COMPLETED,0.1499999999999999,822.0,5000,4530,0.001,50,0.025
FAILED,,,1490,1,0.999,35,0.01
FAILED,,,1408,1,0.999,32,0.1
COMPLETED,0.17,856.0,5000,3852,0.001,50,0.025
FAILED,,,1493,1,0.999,36,0.01
COMPLETED,0.38,1136.0,1481,634,0.999,29,0.01
COMPLETED,0.22,2482.0,1236,318,0.001,1,0.025
COMPLETED,0.14,838.0,3638,4983,0.001,50,0.01
COMPLETED,0.4199999999999999,1764.0,1259,336,0.999,1,0.1
COMPLETED,0.2899999999999999,982.0,4252,1388,0.999,1,0.05
COMPLETED,0.14,801.0,5000,5000,0.001,50,0.25
COMPLETED,0.2899999999999999,930.0,1881,1390,0.999,1,0.005
COMPLETED,0.28,925.0,4267,1514,0.999,1,0.05
COMPLETED,0.44,1876.0,1235,301,0.999,1,0.025
COMPLETED,0.2899999999999999,2254.0,1184,315,0.001,1,0.1
COMPLETED,0.28,924.0,4098,1532,0.999,1,0.005
COMPLETED,0.3599999999999999,1045.0,2650,421,0.999,13,0.01
COMPLETED,0.41,2142.0,4484,451,0.001,50,0.025
FAILED,,,1119,1,0.999,30,0.001
FAILED,,,1057,1,0.999,30,0.1
COMPLETED,0.23,2315.0,1208,272,0.001,1,0.025
COMPLETED,0.22,847.0,1500,2047,0.999,1,0.25
COMPLETED,0.34,1078.0,2704,522,0.001,50,0.01
COMPLETED,0.32,989.0,1877,1078,0.3149477515534517,28,0.025
COMPLETED,0.4799999999999999,3763.0,1472,208,0.999,23,0.01
COMPLETED,0.2899999999999999,872.0,1344,1128,0.4562601096044181,21,0.005
COMPLETED,0.3699999999999999,1488.0,4059,663,0.001,31,0.025
COMPLETED,0.26,822.0,1343,1456,0.3801920594772225,50,0.025
COMPLETED,0.25,899.0,1210,1445,0.1948747283179378,50,0.025
COMPLETED,0.3599999999999999,1183.0,1373,668,0.999,5,0.01
COMPLETED,0.2399999999999999,892.0,1184,1401,0.6432588197625017,50,0.025
COMPLETED,0.13,768.0,1593,5000,0.001,50,0.025
COMPLETED,0.35,1026.0,1284,669,0.999,4,0.005
COMPLETED,0.38,1120.0,1333,580,0.999,5,0.01
COMPLETED,0.22,952.0,4922,2559,0.001,1,0.05
COMPLETED,0.05,673.0,1,5000,0.001,1,0.025
COMPLETED,0.32,1076.0,4359,1155,0.7567297432061146,17,0.01
COMPLETED,0.4199999999999999,1693.0,1666,435,0.3416233205629156,30,0.1
COMPLETED,0.4,1533.0,1671,516,0.4181082933257829,31,0.01
COMPLETED,0.16,865.0,1567,3509,0.001,50,0.025
COMPLETED,0.3699999999999999,1262.0,1651,698,0.4645633441209946,30,0.01
COMPLETED,0.05,1075.0,2099,1222,0.999,2,0.01
COMPLETED,0.1199999999999999,772.0,3267,5000,0.001,50,0.05
COMPLETED,0.45,2964.0,1672,312,0.4420576103930946,30,0.01
COMPLETED,0.14,831.0,2285,1011,0.7835897340977409,23,0.01
COMPLETED,0.1199999999999999,832.0,2261,1395,0.999,13,0.01
COMPLETED,0.19,943.0,2274,644,0.999,24,0.005
COMPLETED,0.35,1107.0,1178,687,0.5043679610008378,28,0.1
COMPLETED,0.38,1436.0,1237,473,0.999,21,0.1
COMPLETED,0.34,1320.0,4321,974,0.448137173978192,35,0.005
COMPLETED,0.3699999999999999,1501.0,1447,587,0.8921517089122775,41,0.1
FAILED,,,4498,108,0.001,50,0.25
COMPLETED,0.39,1874.0,1409,478,0.999,43,0.1
COMPLETED,0.26,926.0,1130,1272,0.999,50,0.005
COMPLETED,0.28,1347.0,3812,1459,0.999,50,0.005
COMPLETED,0.4,1590.0,3414,463,0.999,18,0.01
FAILED,,,2000,1,0.999,15,0.01
COMPLETED,0.4199999999999999,2104.0,3708,390,0.4898862905058142,50,0.01
COMPLETED,0.41,2364.0,3512,434,0.7058769270600899,1,0.01
COMPLETED,0.3599999999999999,1141.0,3154,595,0.999,13,0.01
COMPLETED,0.39,1392.0,1412,519,0.001,50,0.005
COMPLETED,0.25,1165.0,1880,1997,0.999,34,0.005
COMPLETED,0.26,910.0,4647,1761,0.5698745547709418,23,0.1
FAILED,,,1610,1,0.999,5,0.01
FAILED,,,1523,78,0.9483581918281726,38,0.001
COMPLETED,0.34,1169.0,4275,952,0.3162262838851896,21,0.25
COMPLETED,0.27,1031.0,1136,1180,0.8186436447810147,43,0.25
COMPLETED,0.26,864.0,4200,1836,0.8412943545419994,1,0.025
COMPLETED,0.4199999999999999,1809.0,1397,396,0.999,11,0.1
COMPLETED,0.28,945.0,1071,1037,0.3734254996366599,23,0.01
COMPLETED,0.4299999999999999,2932.0,1405,357,0.999,22,0.001
COMPLETED,0.25,893.0,4332,2093,0.3738321675657803,2,0.25
COMPLETED,0.2399999999999999,887.0,1644,1931,0.999,12,0.005
FAILED,,,3386,1,0.001,42,0.1
COMPLETED,0.14,917.0,3643,4384,0.2633420940762907,18,0.01
COMPLETED,0.4799999999999999,4868.0,1380,180,0.999,24,0.001
COMPLETED,0.1799999999999999,1307.0,4823,3384,0.139674848864999,16,0.005
FAILED,,,1323,1,0.999,38,0.001
COMPLETED,0.28,1003.0,4306,1596,0.7723943407394454,30,0.1
FAILED,,,1327,1,0.999,38,0.001
COMPLETED,0.38,1287.0,1401,569,0.999,23,0.025
FAILED,,,1408,1,0.999,10,0.01
FAILED,,,1340,2,0.8919222428322836,41,0.001
FAILED,,,1439,1,0.999,6,0.1
FAILED,,,1390,1,0.999,8,0.005
COMPLETED,0.38,1178.0,1522,608,0.5431484316343675,37,0.001
FAILED,,,1297,1,0.8243643300987908,40,0.001
FAILED,,,1429,1,0.999,6,0.1
FAILED,,,1326,1,0.8199771381360869,40,0.001
FAILED,,,1430,1,0.999,6,0.1
FAILED,,,1314,1,0.8436505437692943,40,0.001
FAILED,,,1406,1,0.999,6,0.1
FAILED,,,1321,1,0.877066640726682,40,0.001
FAILED,,,1334,1,0.999,7,0.005
COMPLETED,0.1,907.0,2490,2572,0.9230235079304812,43,0.01
FAILED,,,1331,1,0.8158162738252605,39,0.005
FAILED,,,1411,1,0.999,7,0.005
FAILED,,,4458,6,0.001,36,0.025
FAILED,,,1319,1,0.9964519945203468,40,0.001
FAILED,,,1427,1,0.999,6,0.1
FAILED,,,1326,1,0.984294068643553,40,0.001
FAILED,,,1424,1,0.999,6,0.1
FAILED,,,1280,1,0.9881594848958714,40,0.001
FAILED,,,1416,1,0.999,6,0.1
FAILED,,,1393,1,0.999,8,0.005
FAILED,,,1316,1,0.9437997882939396,40,0.001
FAILED,,,1414,1,0.999,6,0.1
FAILED,,,1319,1,0.956354155480516,40,0.001
FAILED,,,1414,1,0.999,7,0.01
FAILED,,,1415,1,0.999,5,0.1
FAILED,,,1308,1,0.984675653151772,40,0.001
FAILED,,,1403,1,0.999,5,0.1
COMPLETED,0.28,934.0,4508,1665,0.4416740818970086,13,0.25
FAILED,,,1364,1,0.999,7,0.1
FAILED,,,1406,1,0.999,8,0.005
FAILED,,,1314,1,0.8864383288195061,40,0.001
FAILED,,,1433,1,0.999,5,0.1
FAILED,,,1426,1,0.999,1,0.005
FAILED,,,1431,1,0.999,6,0.1
FAILED,,,1403,1,0.999,9,0.005
FAILED,,,4562,10,0.001,36,0.025
FAILED,,,1422,1,0.999,5,0.1
FAILED,,,1403,1,0.999,8,0.005
FAILED,,,1452,1,0.999,1,0.1
FAILED,,,1373,1,0.8758310024912581,39,0.001
FAILED,,,1435,1,0.999,6,0.1
FAILED,,,4325,19,0.001,36,0.025
FAILED,,,1332,1,0.882881116334821,40,0.001
FAILED,,,1426,1,0.999,6,0.1
FAILED,,,1403,1,0.999,9,0.005
FAILED,,,1441,1,0.999,4,0.1
FAILED,,,1308,1,0.907676976071096,40,0.001
FAILED,,,1425,1,0.999,6,0.005
FAILED,,,1447,1,0.999,1,0.1
FAILED,,,1329,1,0.8810335123618865,40,0.001
FAILED,,,1435,1,0.999,6,0.1
COMPLETED,0.28,856.0,1774,1311,0.9095700857447392,7,0.001
FAILED,,,1424,1,0.999,5,0.1
FAILED,,,1360,1,0.999,8,0.005
FAILED,,,1488,1,0.999,2,0.1
FAILED,,,1396,1,0.999,8,0.005
FAILED,,,1325,1,0.8593258432827535,40,0.001
FAILED,,,1423,1,0.999,6,0.1
FAILED,,,1349,1,0.8557444178332931,39,0.001
FAILED,,,1425,1,0.999,6,0.1
FAILED,,,1436,1,0.999,5,0.1
FAILED,,,1329,1,0.8337141033601732,39,0.005
FAILED,,,1427,1,0.999,6,0.1
FAILED,,,1412,1,0.999,8,0.005
FAILED,,,1335,1,0.8753780743248181,39,0.001
FAILED,,,1429,1,0.999,6,0.1
FAILED,,,1415,1,0.999,1,0.1
FAILED,,,1426,1,0.999,8,0.005
FAILED,,,1454,1,0.999,2,0.1
FAILED,,,1333,1,0.8807458939176019,39,0.001
FAILED,,,1374,1,0.999,5,0.005
FAILED,,,4362,16,0.001,37,0.025
FAILED,,,1414,1,0.999,5,0.1
FAILED,,,1392,1,0.999,9,0.005
FAILED,,,1444,1,0.999,3,0.1
FAILED,,,1389,1,0.999,9,0.005
FAILED,,,1316,1,0.8241896533660557,40,0.001
FAILED,,,1443,1,0.999,6,0.1
FAILED,,,1296,1,0.8375764698429751,39,0.001
FAILED,,,1441,1,0.999,6,0.1
FAILED,,,1408,1,0.999,8,0.005
FAILED,,,1288,1,0.8313086137949401,40,0.001
FAILED,,,1342,1,0.8429112746746661,37,0.1
FAILED,,,1434,1,0.999,5,0.1
FAILED,,,1432,1,0.999,9,0.005
FAILED,,,1423,1,0.999,2,0.1
FAILED,,,4521,32,0.001,37,0.025
FAILED,,,1432,1,0.999,5,0.1
FAILED,,,1400,1,0.999,9,0.005
FAILED,,,4506,18,0.001,36,0.025
FAILED,,,1432,1,0.999,5,0.1
FAILED,,,1349,1,0.848099256444599,39,0.001
FAILED,,,1435,1,0.8517399724952058,39,0.005
FAILED,,,1433,1,0.999,5,0.1
FAILED,,,1293,1,0.8663331329537056,39,0.005
FAILED,,,1448,1,0.999,6,0.1
FAILED,,,1327,1,0.8346345887560271,39,0.001
FAILED,,,1426,1,0.999,6,0.1
FAILED,,,1405,1,0.999,8,0.005
FAILED,,,1312,1,0.8578248858300132,40,0.001
FAILED,,,1443,1,0.999,4,0.1
FAILED,,,1405,1,0.999,9,0.005
FAILED,,,1439,1,0.999,4,0.1
FAILED,,,1391,1,0.999,9,0.005
FAILED,,,4444,47,0.999,41,0.001
FAILED,,,1433,1,0.999,6,0.1
FAILED,,,1352,1,0.7681217823231375,39,0.1
FAILED,,,1445,1,0.999,7,0.1
FAILED,,,1356,1,0.8195946648979335,39,0.005
FAILED,,,1423,1,0.999,6,0.1
FAILED,,,1317,1,0.8214992755472571,39,0.001
FAILED,,,1428,1,0.999,6,0.1
FAILED,,,1451,1,0.999,1,0.1
FAILED,,,1334,1,0.8121308498418017,38,0.005
FAILED,,,1428,1,0.999,6,0.1
FAILED,,,1429,1,0.999,2,0.1
FAILED,,,1353,1,0.7816882874068125,38,0.1
FAILED,,,1431,1,0.999,6,0.1
FAILED,,,1324,1,0.8143042779376028,38,0.005
FAILED,,,1432,1,0.999,6,0.1
FAILED,,,1404,1,0.999,8,0.005
FAILED,,,1328,1,0.8436049114750099,39,0.001
FAILED,,,1429,1,0.999,5,0.1
FAILED,,,1327,1,0.8396731329000675,39,0.005
FAILED,,,1442,1,0.999,5,0.005
FAILED,,,1329,1,0.838131127991142,39,0.001
FAILED,,,1431,1,0.999,6,0.1
FAILED,,,1410,1,0.999,8,0.005
FAILED,,,1325,1,0.8224919633109873,40,0.001
FAILED,,,1436,1,0.999,5,0.1
FAILED,,,1327,1,0.8588221830086094,39,0.001
FAILED,,,1462,1,0.999,5,0.1
FAILED,,,1444,1,0.999,1,0.1
FAILED,,,1317,1,0.8316985745927493,39,0.001
FAILED,,,1412,1,0.999,6,0.1
FAILED,,,1511,1,0.999,1,0.1
FAILED,,,1445,1,0.999,8,0.005
FAILED,,,1459,1,0.999,2,0.005
FAILED,,,1327,1,0.8774456764620276,40,0.001
FAILED,,,1417,1,0.999,7,0.005
FAILED,,,1332,1,0.769934931627063,39,0.001
FAILED,,,1442,1,0.999,6,0.1
FAILED,,,1302,1,0.8628931157982281,39,0.001
FAILED,,,1300,1,0.999,6,0.005
FAILED,,,1443,1,0.999,5,0.1
FAILED,,,1315,1,0.8697256727062466,39,0.001
FAILED,,,1442,1,0.999,5,0.005
COMPLETED,0.2399999999999999,1105.0,1632,1831,0.999,29,0.1
FAILED,,,1296,1,0.8530898442649416,39,0.001
FAILED,,,1434,1,0.999,5,0.1
FAILED,,,1317,1,0.8860445831443919,40,0.001
FAILED,,,1469,1,0.999,5,0.1
FAILED,,,1324,1,0.8442117162594287,40,0.001
FAILED,,,1385,1,0.999,6,0.005
FAILED,,,1435,1,0.999,5,0.1
FAILED,,,1402,1,0.999,8,0.005
FAILED,,,1303,1,0.8662408945329784,40,0.001
FAILED,,,1440,1,0.999,6,0.005
FAILED,,,1311,1,0.8517851098860735,40,0.001
FAILED,,,1439,1,0.999,6,0.1
FAILED,,,4408,1,0.001,36,0.025
FAILED,,,1430,1,0.999,5,0.1
FAILED,,,1412,1,0.999,9,0.005
FAILED,,,1439,1,0.999,3,0.1
FAILED,,,1402,1,0.999,8,0.005
FAILED,,,1320,1,0.9003843244328721,40,0.001
FAILED,,,1442,1,0.999,5,0.1
COMPLETED,0.25,998.0,4463,1989,0.2260073664110989,20,0.25
FAILED,,,1442,1,0.999,5,0.1
FAILED,,,1424,1,0.999,7,0.005
FAILED,,,1311,1,0.8612029037195005,40,0.001
COMPLETED,0.4899999999999999,5815.0,1461,165,0.999,10,0.005
COMPLETED,0.4899999999999999,6722.0,1395,150,0.999,38,0.001
COMPLETED,0.4,1919.0,4471,538,0.999,9,0.001
COMPLETED,0.04,1203.0,2114,1874,0.999,5,0.01
COMPLETED,0.23,942.0,4708,2222,0.999,26,0.05
COMPLETED,0.1799999999999999,914.0,4784,3626,0.762607877415813,44,0.01
COMPLETED,0.41,2033.0,4526,502,0.9002793120238035,38,0.025
FAILED,,,1428,1,0.999,7,0.1
FAILED,,,1464,1,0.001,48,0.1
COMPLETED,0.39,1947.0,4516,573,0.999,50,0.25
FAILED,,,1422,1,0.001,50,0.005
COMPLETED,0.38,2074.0,4301,615,0.999,39,0.005
FAILED,,,1314,33,0.001,38,0.001
FAILED,,,1361,1,0.999,41,0.001
COMPLETED,0.44,3512.0,4401,360,0.999,50,0.25
COMPLETED,0.38,1507.0,3322,505,0.001,19,0.01
FAILED,,,2155,1,0.001,2,0.01
COMPLETED,0.45,2795.0,1394,291,0.999,19,0.005
COMPLETED,0.14,900.0,1507,3986,0.001,50,0.01
COMPLETED,0.1499999999999999,937.0,4555,4523,0.999,50,0.25
COMPLETED,0.19,885.0,4213,3488,0.999,1,0.005
COMPLETED,0.14,903.0,4257,5000,0.999,1,0.005
COMPLETED,0.32,1017.0,4260,1124,0.001,11,0.025
FAILED,,,1439,1,0.6799751092031419,27,0.005
FAILED,,,1875,1,0.001,18,0.01
COMPLETED,0.2099999999999999,834.0,4604,2750,0.999,1,0.25
FAILED,,,1433,1,0.661906184464946,26,0.005
COMPLETED,0.16,1132.0,5000,4830,0.1602433840466085,50,0.01
FAILED,,,1456,1,0.672522311609198,26,0.005
COMPLETED,0.1799999999999999,910.0,1436,2768,0.001,50,0.005
COMPLETED,0.0899999999999999,883.0,798,5000,0.708598253721837,50,0.01
FAILED,,,1889,1,0.001,20,0.01
COMPLETED,0.16,890.0,3922,3764,0.999,50,0.025
COMPLETED,0.1799999999999999,1071.0,4533,3661,0.001,50,0.25
COMPLETED,0.22,1192.0,4422,2409,0.001,1,0.01
COMPLETED,0.16,890.0,5000,4109,0.001,1,0.01
COMPLETED,0.2099999999999999,1032.0,4782,2829,0.999,50,0.1
COMPLETED,0.1499999999999999,959.0,1585,3786,0.001,1,0.01
COMPLETED,0.16,1040.0,853,2125,0.001,50,0.005
COMPLETED,0.1499999999999999,999.0,4978,4325,0.999,50,0.01
COMPLETED,0.27,962.0,5000,1599,0.001,1,0.25
FAILED,,,1515,1,0.001,50,0.005
COMPLETED,0.2,861.0,4685,2718,0.5044750823132343,1,0.01
FAILED,,,1769,1,0.001,37,0.01
COMPLETED,0.2399999999999999,1002.0,5000,2076,0.999,50,0.05
COMPLETED,0.17,858.0,1296,2640,0.5792794014342957,1,0.025
FAILED,,,1510,1,0.001,50,0.25
FAILED,,,1408,1,0.8761628324488789,27,0.005
COMPLETED,0.1799999999999999,1289.0,4153,3201,0.001,1,0.001
FAILED,,,1720,1,0.001,36,0.25
FAILED,,,1424,1,0.88931237960697,26,0.005
COMPLETED,0.05,826.0,1,3050,0.999,50,0.01
COMPLETED,0.23,880.0,1121,1588,0.3135356211201726,50,0.01
COMPLETED,0.23,911.0,5000,2396,0.999,50,0.25
FAILED,,,3481,1,0.001,50,0.01
RUNNING,,,4116,1069,0.001,10,0.25
COMPLETED,0.17,787.0,4376,3960,0.0454217527657747,3,0.25
COMPLETED,0.3099999999999999,1023.0,1905,1184,0.9445192489400503,26,0.005
COMPLETED,0.14,806.0,760,2621,0.5708849705997854,48,0.01
COMPLETED,0.2,902.0,3270,2189,0.4193164276704192,25,0.001
COMPLETED,0.0899999999999999,1014.0,2597,3355,0.8460112311448901,39,0.01
COMPLETED,0.05,1173.0,106,1835,0.1321273461692035,15,0.001
COMPLETED,0.1199999999999999,849.0,1290,4519,0.256507539158687,12,0.025
COMPLETED,0.44,2736.0,3820,342,0.7218619903586804,36,0.005
COMPLETED,0.2,827.0,4224,3111,0.4860644892361015,34,0.01
COMPLETED,0.2399999999999999,884.0,1754,2053,0.5197290752343833,8,0.001
COMPLETED,0.08,852.0,599,4134,0.8943394816871733,18,0.1
COMPLETED,0.34,1117.0,3109,734,0.1111967190466821,43,0.005
COMPLETED,0.13,768.0,3685,4967,0.6862765062544494,19,0.01
COMPLETED,0.4899999999999999,4586.0,1195,165,0.3388716930821538,47,0.025
COMPLETED,0.07,899.0,2389,3494,0.2135194207075983,32,0.25
COMPLETED,0.2999999999999999,1007.0,4918,1347,0.8114028826877475,4,0.001
COMPLETED,0.17,777.0,4771,3708,0.1610091256275772,6,0.025
COMPLETED,0.11,979.0,2300,1482,0.8134619143400341,30,0.1
COMPLETED,0.11,845.0,993,4714,0.6881073461994529,45,0.25
COMPLETED,0.5,6944.0,3504,146,0.2861327415648847,21,0.01
COMPLETED,0.1,882.0,2830,4311,0.9782887793295084,42,0.05
COMPLETED,0.19,888.0,339,833,0.0158109895195811,19,0.005
COMPLETED,0.19,892.0,1684,2816,0.390420118894428,9,0.001
COMPLETED,0.25,860.0,4214,1993,0.6034192524608225,32,0.25
COMPLETED,0.1499999999999999,956.0,3994,4537,0.3674943948797881,37,0.025
COMPLETED,0.3699999999999999,1616.0,1524,594,0.6535295230653136,10,0.005
COMPLETED,0.05,1023.0,208,3220,0.7779069518409669,14,0.001
COMPLETED,0.1799999999999999,864.0,2717,1621,0.2433428620453924,40,0.025
COMPLETED,0.1799999999999999,891.0,3293,2680,0.5532091085985303,23,0.001
COMPLETED,0.14,930.0,803,2483,0.45622559655644,50,0.05
COMPLETED,0.04,1119.0,2158,3861,0.0825895578190684,28,0.05
COMPLETED,0.34,1059.0,4687,1007,0.9271025110725312,1,0.01
COMPLETED,0.22,843.0,4585,2545,0.024399914951995,15,0.025
COMPLETED,0.04,1265.0,2094,2274,0.9966237947940826,39,0.01
COMPLETED,0.11,849.0,866,4041,0.6219975670743733,36,0.001
COMPLETED,0.2899999999999999,955.0,3396,1113,0.3992523360401392,12,0.1
COMPLETED,0.1,817.0,2781,4439,0.8338674988429993,26,0.25
COMPLETED,0.22,2115.0,310,412,0.1755670575983822,3,0.005
COMPLETED,0.1499999999999999,868.0,1421,3431,0.3009349170159548,25,0.1
COMPLETED,0.27,908.0,3931,1750,0.7087571816183627,48,0.05
COMPLETED,0.1499999999999999,892.0,4121,4215,0.441667545614764,46,0.25
COMPLETED,0.38,1295.0,1631,663,0.5328034051246942,20,0.05
COMPLETED,0.07,913.0,393,3035,0.9064527946244924,5,0.25
COMPLETED,0.17,954.0,2922,2139,0.0677875013388693,31,0.1
COMPLETED,0.1499999999999999,806.0,3557,3570,0.6351943886298685,7,0.005
COMPLETED,0.26,844.0,1087,1262,0.3589053504765033,34,0.01
COMPLETED,0.04,1051.0,2207,4886,0.2345107638705521,44,0.05
COMPLETED,0.4799999999999999,5194.0,4717,236,0.7593287561982869,17,0.025
COMPLETED,0.14,807.0,4972,4790,0.1430310841202735,18,0.1
FAILED,,,2481,61,0.8627626290637999,43,0.25
COMPLETED,0.13,798.0,1102,3627,0.7383691373616456,33,0.005
COMPLETED,0.27,819.0,3632,1553,0.2671670336294919,8,0.05
COMPLETED,0.1499999999999999,834.0,3016,2897,0.9669960010536016,29,0.001
COMPLETED,0.14,829.0,545,1922,0.0581524064820259,7,0.1
COMPLETED,0.1499999999999999,795.0,1807,4235,0.431803790602833,22,0.025
COMPLETED,0.34,1161.0,4318,918,0.5931184235643595,44,0.1
COMPLETED,0.19,865.0,3883,3139,0.3261411574073135,50,0.001
COMPLETED,0.2399999999999999,888.0,1393,1692,0.6637998731117695,23,0.025
COMPLETED,0.05,841.0,4,4613,0.7891693107523025,1,0.05
COMPLETED,0.32,1010.0,2533,509,0.2010319388043135,28,0.005
COMPLETED,0.13,798.0,3167,3786,0.5029777962863445,11,0.01
COMPLETED,0.2399999999999999,819.0,697,1092,0.4751608702559024,37,0.1
COMPLETED,0.2,870.0,1969,2761,0.1005371056050062,40,0.005
COMPLETED,0.23,914.0,4478,2412,0.877832215713337,14,0.25
COMPLETED,0.19,903.0,4531,3377,0.0752450779210776,43,0.005
COMPLETED,0.05,813.0,2001,1774,0.9148192956484854,17,0.05
COMPLETED,0.08,842.0,647,4385,0.539968774376437,8,0.001
COMPLETED,0.39,1335.0,3137,437,0.4498655987568199,34,0.25
COMPLETED,0.0899999999999999,818.0,2561,4017,0.7521776504386216,4,0.1
COMPLETED,0.04,1157.0,51,1167,0.2263289037793874,31,0.01
COMPLETED,0.19,794.0,1367,2521,0.3514335141200572,47,0.05
COMPLETED,0.23,789.0,3838,2328,0.6268116908371448,20,0.005
COMPLETED,0.1499999999999999,770.0,4370,4872,0.3908829685617238,25,0.05
COMPLETED,0.46,3308.0,1841,299,0.6145466640144586,48,0.01
COMPLETED,0.08,879.0,496,3555,0.9884210014063864,26,0.025
COMPLETED,0.25,864.0,2985,1325,0.0172354788780212,3,0.005
COMPLETED,0.19,853.0,3660,2971,0.7169457152318209,36,0.05
COMPLETED,0.19,795.0,1150,2153,0.3080831563211977,12,0.005
COMPLETED,0.07,985.0,2456,4151,0.1839506885688751,15,0.001
COMPLETED,0.38,1347.0,4927,678,0.8413345949538052,39,0.01
COMPLETED,0.16,838.0,4762,4289,0.1935638927854597,41,0.025
COMPLETED,0.14,844.0,2232,894,0.7807828226219862,13,0.25
COMPLETED,0.1499999999999999,898.0,1039,2950,0.6566525874324142,10,0.1
COMPLETED,0.23,887.0,3529,1898,0.3179554772358387,38,0.005
COMPLETED,0.1199999999999999,796.0,2953,3651,0.8849937909096479,2,0.25
COMPLETED,0.14,868.0,442,1500,0.1087389528024941,27,0.05
COMPLETED,0.14,785.0,1597,4814,0.4826146230399608,49,0.005
FAILED,,,4069,7,0.5113481211084872,24,0.001
COMPLETED,0.2099999999999999,851.0,3975,2775,0.2755468705445527,21,0.01
COMPLETED,0.2,903.0,1447,2349,0.7458400275278836,46,0.005
COMPLETED,0.0599999999999999,974.0,263,3800,0.8709473388791084,30,0.25
COMPLETED,0.25,896.0,2752,1028,0.1501831472236663,5,0.001
COMPLETED,0.1199999999999999,792.0,3426,4676,0.5849194205142557,32,0.025
COMPLETED,0.3599999999999999,1076.0,917,494,0.4246355641912669,10,0.001
COMPLETED,0.0299999999999999,1152.0,2062,3202,0.0497868590839207,19,0.01
COMPLETED,0.27,912.0,4532,1677,0.9595412779133768,41,0.1
COMPLETED,0.16,800.0,4635,4456,0.1196422148700803,31,0.005
COMPLETED,0.1799999999999999,875.0,2125,356,0.9017447129450737,5,0.05
COMPLETED,0.1199999999999999,816.0,853,3292,0.5278557439949363,20,0.1
COMPLETED,0.23,864.0,3324,1850,0.4932745933942496,46,0.025
COMPLETED,0.1199999999999999,834.0,2690,2606,0.803260050619021,16,0.01
COMPLETED,0.0599999999999999,1025.0,160,2252,0.2062950233146548,44,0.1
COMPLETED,0.1499999999999999,799.0,1549,3946,0.3304423642847686,35,0.05
COMPLETED,0.3099999999999999,1017.0,4040,1247,0.6788855645135043,7,0.025
COMPLETED,0.1799999999999999,835.0,4161,3470,0.4119045526329427,13,0.1
COMPLETED,0.27,906.0,1652,1401,0.5624423114880919,35,0.25
COMPLETED,0.05,987.0,389,4942,0.9373081818614156,38,0.005
COMPLETED,0.45,1881.0,2860,219,0.0372998530641198,16,0.25
COMPLETED,0.13,854.0,3475,4080,0.7290892244633286,49,0.025
COMPLETED,0.3099999999999999,982.0,946,758,0.2646437274478375,24,0.1
COMPLETED,0.07,966.0,2326,3057,0.1395230578985065,2,0.25
COMPLETED,0.25,814.0,4815,2077,0.8544395970217883,27,0.05
COMPLETED,0.2,840.0,4873,2880,0.2349173533283173,28,0.25
COMPLETED,0.1,1059.0,2363,1978,0.7705121900197118,1,0.025
COMPLETED,0.1199999999999999,872.0,1242,4374,0.6453904813341796,23,0.005
COMPLETED,0.3499999999999999,1185.0,3714,818,0.3602662071492522,50,0.1
COMPLETED,0.11,774.0,3079,4729,0.9352253560349344,14,0.005
FAILED,,,549,83,0.0898034857753664,40,0.05
COMPLETED,0.16,821.0,1787,3722,0.4646672983244061,37,0.1
COMPLETED,0.2999999999999999,1045.0,4278,1419,0.5606181339118629,11,0.01
COMPLETED,0.16,760.0,3774,3886,0.2935246294960379,9,0.005
COMPLETED,0.3099999999999999,1031.0,1265,953,0.6965395358745009,33,0.001
COMPLETED,0.05,1036.0,154,2705,0.8206853543892502,42,0.025
COMPLETED,0.1199999999999999,899.0,2624,2429,0.1691491079721599,18,0.01
COMPLETED,0.1499999999999999,865.0,3239,3273,0.5962120054624974,45,0.05
COMPLETED,0.1799999999999999,950.0,711,1597,0.3822944000419229,22,0.01
COMPLETED,0.1499999999999999,795.0,1939,4591,0.0084029048196971,6,0.25
COMPLETED,0.39,1836.0,4428,570,0.9698423298802226,29,0.001
COMPLETED,0.2,958.0,4440,3018,0.5158693804126233,33,0.1
COMPLETED,0.2399999999999999,885.0,1930,2116,0.4900323657579719,9,0.01
COMPLETED,0.1,918.0,736,4198,0.1154217195045202,18,0.05
COMPLETED,0.3499999999999999,1146.0,3207,641,0.8907373904027044,42,0.025
COMPLETED,0.08,834.0,2650,4903,0.342946429612115,22,0.025
COMPLETED,0.2399999999999999,1566.0,120,258,0.6825850566923618,45,0.001
COMPLETED,0.14,1002.0,1275,3586,0.8079370967019349,29,0.001
COMPLETED,0.2899999999999999,923.0,3766,1284,0.2178202855437993,6,0.1
COMPLETED,0.17,985.0,4278,4062,0.9487459410149603,1,0.025
COMPLETED,0.3099999999999999,1011.0,1769,1130,0.0418208688497543,29,0.001
COMPLETED,0.11,937.0,585,2566,0.4154553907085209,50,0.1
COMPLETED,0.1799999999999999,838.0,3055,2291,0.5748510216623544,23,0.05
COMPLETED,0.17,815.0,3748,3409,0.1286642704885453,40,0.25
COMPLETED,0.23,870.0,1220,1732,0.8503143378384411,14,0.005
COMPLETED,0.05,867.0,2365,4417,0.7259343809317798,11,0.25
COMPLETED,0.4299999999999999,2664.0,4854,395,0.2528132751919329,37,0.001
COMPLETED,0.1499999999999999,794.0,4834,4631,0.6500332266278565,35,0.001
COMPLETED,0.26,817.0,2324,531,0.3718256660681217,13,0.05
COMPLETED,0.13,800.0,969,3157,0.2474480012096464,16,0.01
COMPLETED,0.2399999999999999,833.0,3440,1714,0.7741849955450743,38,0.005
COMPLETED,0.14,923.0,2884,2744,0.4604200716912746,24,0.1
COMPLETED,0.0899999999999999,947.0,354,2391,0.5496374087948352,49,0.25
COMPLETED,0.1499999999999999,885.0,1670,3768,0.9232732040137052,27,0.1
COMPLETED,0.33,1159.0,4161,1070,0.0865269127357751,3,0.25
COMPLETED,0.1799999999999999,841.0,4047,3605,0.8175648116469382,5,0.05
COMPLETED,0.26,921.0,1538,1537,0.1572844590265303,31,0.005
COMPLETED,0.05,1022.0,193,4768,0.282639259532094,46,0.001
FAILED,,,2663,44,0.6924409633446484,20,0.1
COMPLETED,0.14,1029.0,3357,4258,0.0119804741628468,44,0.001
COMPLETED,0.27,914.0,828,935,0.9822244426291435,17,0.025
COMPLETED,0.04,1005.0,2134,2919,0.6076155530549586,7,0.025
COMPLETED,0.25,1024.0,4624,1939,0.386849761230871,34,0.005
COMPLETED,0.16,829.0,4571,4112,0.5369063935186714,45,0.005
COMPLETED,0.05,1202.0,2041,717,0.4379429663829505,22,0.001
COMPLETED,0.13,805.0,920,3089,0.0642938129659742,6,0.01
COMPLETED,0.22,816.0,3411,2035,0.910786201711744,29,0.25
COMPLETED,0.11,877.0,2757,3516,0.3550748667214065,9,0.01
COMPLETED,0.1,911.0,246,1364,0.6391300798133016,32,0.05
COMPLETED,0.1199999999999999,799.0,1484,4988,0.7635249099377542,42,0.25
RUNNING,,,3955,182,0.2309402556344866,19,0.001
COMPLETED,0.2099999999999999,861.0,4096,2637,0.9931277084145697,14,0.25
COMPLETED,0.2099999999999999,971.0,1568,2211,0.0287313924804329,41,0.025
COMPLETED,0.07,926.0,457,3977,0.4033573878351598,38,0.005
COMPLETED,0.25,825.0,2947,1206,0.6182755196914077,10,0.001
COMPLETED,0.14,837.0,3542,4502,0.1797616833057254,28,0.1
COMPLETED,0.4299999999999999,1578.0,1033,319,0.8302959458939732,2,0.001
COMPLETED,0.0599999999999999,958.0,2261,3338,0.7049278466757387,23,0.01
COMPLETED,0.27,887.0,4731,1813,0.3048722403310239,49,0.005
COMPLETED,0.2,847.0,4957,3242,0.6680265335850417,47,0.1
COMPLETED,0.14,896.0,2427,1638,0.3225402465369552,25,0.25
COMPLETED,0.1199999999999999,774.0,1155,4560,0.1971710486970841,4,0.005
COMPLETED,0.38,1255.0,3646,611,0.79313551238738,26,0.01
COMPLETED,0.1199999999999999,815.0,2992,3839,0.471697703488171,11,0.005
COMPLETED,0.2099999999999999,840.0,482,990,0.507280815610662,36,0.01
COMPLETED,0.2099999999999999,862.0,1871,2658,0.8819048126265406,40,0.05
COMPLETED,0.22,858.0,4342,2466,0.0968430516961961,15,0.1
COMPLETED,0.14,796.0,3858,4697,0.8589027836695313,17,0.025
FAILED,,,1329,125,0.1469988137874752,43,0.01
COMPLETED,0.0299999999999999,1267.0,67,3690,0.2713920619711279,34,0.1
COMPLETED,0.17,817.0,2557,1461,0.7347670776788146,8,0.05
COMPLETED,0.16,889.0,3153,2834,0.0622269329540431,31,0.025
COMPLETED,0.14,858.0,644,2015,0.9633043451514096,4,0.1
COMPLETED,0.0299999999999999,1150.0,2023,4328,0.5896527249477803,19,0.001
COMPLETED,0.3499999999999999,1145.0,4493,855,0.4361047465261072,47,0.25
COMPLETED,0.14,775.0,4468,4925,0.6110511427465826,23,0.025
COMPLETED,0.4799999999999999,5821.0,1977,197,0.395214535318315,50,0.25
COMPLETED,0.1,1132.0,671,3452,0.0213404414448887,28,0.001
COMPLETED,0.26,883.0,3201,1379,0.9846983889117836,1,0.1
COMPLETED,0.1,860.0,2508,3074,0.3122774548586457,37,0.05
COMPLETED,0.0299999999999999,1225.0,36,2099,0.7133733592294156,11,0.25
COMPLETED,0.14,858.0,1381,4098,0.8375060630645603,14,0.01
COMPLETED,0.3699999999999999,1486.0,3892,780,0.1878883390538394,40,0.005
COMPLETED,0.19,849.0,4316,3314,0.918922373270616,42,0.001
COMPLETED,0.25,955.0,1827,1866,0.0715210638009011,18,0.1
COMPLETED,0.07,1006.0,511,4478,0.4463713452722877,9,0.01
COMPLETED,0.4099999999999999,1473.0,3039,373,0.5443020922355353,33,0.005
COMPLETED,0.1499999999999999,780.0,3596,3923,0.2224976169709116,6,0.01
COMPLETED,0.26,804.0,1126,1230,0.7561130144521593,29,0.05
COMPLETED,0.1,991.0,2481,2584,0.6310081717465073,45,0.1
COMPLETED,0.23,880.0,4990,2235,0.3478638089373707,22,0.025
COMPLETED,0.2099999999999999,990.0,4698,2722,0.741980985186994,21,0.05
COMPLETED,0.0599999999999999,1065.0,2208,2452,0.2795149273816496,46,0.01
COMPLETED,0.1199999999999999,803.0,1063,3903,0.1544078483954071,30,0.025
COMPLETED,0.32,1186.0,3592,975,0.8673444761428982,5,0.005
COMPLETED,0.1,867.0,2899,4574,0.4287100014351308,35,0.001
COMPLETED,0.27,915.0,428,548,0.5812271995004266,7,0.1
COMPLETED,0.17,822.0,1612,3257,0.9560761444084344,16,0.25
COMPLETED,0.28,1042.0,4123,1575,0.0540879042353481,44,0.01
COMPLETED,0.16,842.0,3922,4353,0.7850098102651535,38,0.25
COMPLETED,0.34,1179.0,1432,801,0.1899637849684804,16,0.005
COMPLETED,0.0599999999999999,1007.0,277,2858,0.3140937840752303,13,0.05
COMPLETED,0.17,890.0,2806,1961,0.6606184618975967,35,0.001
COMPLETED,0.14,814.0,3363,3744,0.1052752209231257,2,0.005
COMPLETED,0.22,1014.0,893,1437,0.8892967210058123,27,0.25
COMPLETED,0.0299999999999999,1223.0,2086,4751,0.515420807249844,49,0.05
FAILED,,,4596,101,0.4789211342427879,24,0.005
COMPLETED,0.1799999999999999,895.0,4650,3533,0.5666691522765904,10,0.005
COMPLETED,0.08,939.0,2179,1308,0.4083042942434549,38,0.025
COMPLETED,0.1,803.0,799,4849,0.033438191505149,41,0.1
COMPLETED,0.45,2091.0,3310,282,0.9412740842103958,13,0.05
COMPLETED,0.0899999999999999,848.0,2714,4173,0.2611797892283648,49,0.05
COMPLETED,0.17,891.0,223,695,0.7333919445015489,24,0.01
COMPLETED,0.1799999999999999,864.0,1485,2993,0.8585123742502183,2,0.001
COMPLETED,0.2399999999999999,905.0,4015,2170,0.1358296564705669,27,0.01
COMPLETED,0.1499999999999999,810.0,4185,4402,0.8978856427203864,30,0.1
COMPLETED,0.4099999999999999,1953.0,1715,458,0.1236102401055395,5,0.025
COMPLETED,0.0599999999999999,1038.0,326,3394,0.4974994451384991,21,0.001
COMPLETED,0.1799999999999999,911.0,2835,1796,0.524253028113395,46,0.25
COMPLETED,0.2,809.0,3489,2503,0.2103693731892853,19,0.005
COMPLETED,0.17,797.0,1000,2306,0.7995677385181189,41,0.05
COMPLETED,0.0599999999999999,1020.0,2272,3999,0.6754206410665065,32,0.25
COMPLETED,0.32,985.0,4800,1145,0.3347436157763004,10,0.1
COMPLETED,0.17,770.0,4888,3822,0.7006428198367357,8,0.05
COMPLETED,0.1799999999999999,857.0,2417,1046,0.2898008254338055,34,0.1
COMPLETED,0.16,998.0,1188,2797,0.1656547634005546,43,0.25
COMPLETED,0.2099999999999999,938.0,3699,2366,0.8250185848791151,17,0.001
COMPLETED,0.14,867.0,3103,3181,0.3784632600881159,47,0.025
COMPLETED,0.16,796.0,613,1660,0.6001475200485437,20,0.001
COMPLETED,0.14,807.0,1723,4655,0.9740387791879473,4,0.01
COMPLETED,0.4099999999999999,1880.0,4253,477,0.0048331717532128,31,0.25
COMPLETED,0.1799999999999999,888.0,3798,2934,0.7670167561210692,26,0.01
COMPLETED,0.22,827.0,1328,1876,0.2392490111719816,3,0.1
COMPLETED,0.0299999999999999,1111.0,90,4272,0.3643709596581757,25,0.01
COMPLETED,0.25,848.0,2600,872,0.6416676624994724,48,0.025
COMPLETED,0.1199999999999999,958.0,3254,4831,0.0939978121966123,15,0.25
FAILED,,,765,30,0.9316530316341668,39,0.05
COMPLETED,0.17,881.0,1885,3668,0.5567894514501094,36,0.005
COMPLETED,0.2899999999999999,904.0,4414,1522,0.4686048019547015,12,0.025
COMPLETED,0.1799999999999999,801.0,4397,3656,0.2893347635529935,17,0.01
COMPLETED,0.28,974.0,1888,1505,0.6893982219751924,44,0.25
COMPLETED,0.0899999999999999,828.0,778,4838,0.8147675109021366,34,0.05
RUNNING,,,3248,32,0.1642258721198886,7,0.25
COMPLETED,0.08,800.0,2613,4265,0.6026157408580183,31,0.25
COMPLETED,0.0599999999999999,980.0,85,869,0.3877054610792547,5,0.05
COMPLETED,0.17,864.0,1313,2946,0.0130816072002053,20,0.001
COMPLETED,0.25,842.0,3802,1893,0.9774705469403416,46,0.1
COMPLETED,0.1499999999999999,859.0,4247,4662,0.2465981309339404,48,0.005
COMPLETED,0.4,1898.0,1736,479,0.7791749331597237,25,0.025
COMPLETED,0.1,867.0,616,3169,0.6547817686274647,3,0.25
COMPLETED,0.22,873.0,3087,1643,0.37073393172957,26,0.05
COMPLETED,0.2,873.0,3703,2809,0.9263217749558388,12,0.01
COMPLETED,0.19,853.0,1173,2383,0.0798215341325849,36,0.025
COMPLETED,0.07,967.0,2411,3815,0.4534733049087226,39,0.005
COMPLETED,0.33,1164.0,4901,1043,0.5524441082384436,16,0.1
COMPLETED,0.17,839.0,4787,3992,0.4204549612458795,14,0.025
COMPLETED,0.13,1030.0,2278,1142,0.5739955634735525,40,0.01
COMPLETED,0.16,824.0,1016,2515,0.94764456631802,37,0.05
COMPLETED,0.2,939.0,3486,2323,0.046575006198138,11,0.25
COMPLETED,0.1199999999999999,850.0,2851,3382,0.719238642686978,28,0.1
COMPLETED,0.1,994.0,322,1779,0.2558562507852911,1,0.001
COMPLETED,0.14,842.0,1702,4410,0.1314613370094448,23,0.005
COMPLETED,0.4099999999999999,2097.0,4191,461,0.8433731589689851,50,0.01
COMPLETED,0.2,802.0,4012,3006,0.1123733902219682,44,0.05
COMPLETED,0.2099999999999999,843.0,1501,2187,0.897442527346313,22,0.1
COMPLETED,0.04,1045.0,229,4166,0.5228163888547568,7,0.005
COMPLETED,0.2999999999999999,867.0,2701,692,0.4872254246547818,29,0.025
COMPLETED,0.1199999999999999,719.0,3315,4857,0.8087872012015432,8,0.005
COMPLETED,0.4099999999999999,1552.0,786,285,0.2128301137052476,33,0.25
COMPLETED,0.05,1065.0,2175,3521,0.3381981218364089,43,0.1
COMPLETED,0.3099999999999999,999.0,4666,1291,0.6836765568070113,18,0.001
COMPLETED,0.14,778.0,4602,4763,0.2683436137177049,4,0.25
FAILED,,,2073,118,0.741472095651552,32,0.01
COMPLETED,0.1199999999999999,857.0,889,3737,0.865849911082536,47,0.05
COMPLETED,0.27,908.0,3378,1434,0.144191991655156,19,0.01
COMPLETED,0.1199999999999999,964.0,2802,2865,0.5905027104765177,43,0.1
COMPLETED,0.0899999999999999,933.0,293,1963,0.4311144557166844,18,0.01
COMPLETED,0.13,824.0,1438,4341,0.057478744149208,8,0.005
COMPLETED,0.3699999999999999,1242.0,3909,784,0.96439596423693,33,0.025
COMPLETED,0.19,873.0,4138,3249,0.2021705002635717,36,0.001
COMPLETED,0.26,892.0,1608,1572,0.792279935227707,12,0.1
COMPLETED,0.0599999999999999,959.0,415,4586,0.6669252778589725,15,0.005
COMPLETED,0.34,1033.0,2905,565,0.3272945028562098,39,0.025
COMPLETED,0.1499999999999999,847.0,3580,3890,0.8752089554108679,25,0.05
COMPLETED,0.2899999999999999,1163.0,1069,958,0.0998859083186835,48,0.001
COMPLETED,0.05,1044.0,2224,2729,0.4744948889799416,26,0.001
COMPLETED,0.22,815.0,4695,2454,0.500339755712077,3,0.005
COMPLETED,0.2099999999999999,857.0,4994,2591,0.4025076365303248,1,0.01
COMPLETED,0.11,1052.0,2465,2238,0.6232655762769281,28,0.05
COMPLETED,0.13,817.0,1120,3911,0.9978761314433068,50,0.01
COMPLETED,0.2899999999999999,922.0,3609,1213,0.0276395391710102,23,0.25
COMPLETED,0.1199999999999999,804.0,3033,4490,0.7079765365887433,40,0.01
COMPLETED,0.3499999999999999,936.0,524,390,0.2981669806987047,14,0.1
COMPLETED,0.1799999999999999,826.0,1830,3307,0.1728147975523024,11,0.025
COMPLETED,0.26,903.0,4300,1864,0.8331025263667106,37,0.001
COMPLETED,0.16,878.0,3905,4085,0.0709894359577447,32,0.05
COMPLETED,0.34,1079.0,1375,763,0.9077435793131589,9,0.25
COMPLETED,0.0299999999999999,1151.0,20,3081,0.5341089738029987,19,0.1
COMPLETED,0.1199999999999999,883.0,2511,2102,0.4448842605054378,42,0.001
COMPLETED,0.14,827.0,3185,3445,0.758525216711685,21,0.25
COMPLETED,0.2,834.0,674,1377,0.2317960744537413,45,0.025
COMPLETED,0.14,772.0,1990,4937,0.3561758807878941,30,0.01
COMPLETED,0.4799999999999999,5206.0,4462,214,0.6343760651536285,6,0.1
COMPLETED,0.16,828.0,4509,4326,0.3190935925543308,27,0.25
COMPLETED,0.0299999999999999,1169.0,2019,847,0.6597627657670527,2,0.025
COMPLETED,0.11,1000.0,630,2851,0.7839086735099554,24,0.005
COMPLETED,0.2,892.0,3159,2027,0.1947176843751221,49,0.05
COMPLETED,0.0899999999999999,844.0,2544,3673,0.5087253069467843,16,0.05
COMPLETED,0.04,1079.0,74,1449,0.4819638718944043,38,0.025
COMPLETED,0.1199999999999999,792.0,1346,4699,0.1080725253857672,35,0.1
RUNNING,,,3855,132,0.8823553041946142,13,0.01
COMPLETED,0.2099999999999999,929.0,4348,2675,0.1513592811711132,7,0.005
COMPLETED,0.22,840.0,1857,2478,0.8740498510282486,35,0.25
COMPLETED,0.08,888.0,478,3837,0.7489277556873857,44,0.025
COMPLETED,0.28,931.0,3008,982,0.2767082242202013,16,0.1
COMPLETED,0.1499999999999999,798.0,3643,4562,0.9569260109663008,46,0.25
COMPLETED,0.3499999999999999,1139.0,1172,618,0.0490979703385382,21,0.001
COMPLETED,0.08,870.0,2434,3225,0.4239614557176828,5,0.005
COMPLETED,0.27,967.0,4944,1626,0.582318937556818,30,0.01
COMPLETED,0.19,809.0,4745,3321,0.4530670872349292,29,0.1
COMPLETED,0.08,966.0,2255,1801,0.5412591129243373,6,0.001
COMPLETED,0.1199999999999999,785.0,1017,4505,0.916125310467556,22,0.001
COMPLETED,0.4299999999999999,2481.0,3546,327,0.0784622389525175,45,0.025
COMPLETED,0.11,810.0,2930,3975,0.6260085974913089,18,0.001
COMPLETED,0.17,927.0,460,1199,0.3487192708440124,42,0.25
COMPLETED,0.19,905.0,1581,2654,0.223598987950012,33,0.01
COMPLETED,0.23,792.0,4090,2223,0.7513588808216155,9,0.025
COMPLETED,0.14,765.0,3959,4991,0.0204903332274407,11,0.001
COMPLETED,0.4799999999999999,4246.0,1468,190,0.9896885644681752,37,0.05
COMPLETED,0.05,977.0,240,3499,0.6157994468044489,40,0.01
COMPLETED,0.22,776.0,2770,1352,0.3941230389215051,14,0.25
COMPLETED,0.16,912.0,3405,3106,0.8405543960649519,50,0.005
COMPLETED,0.1799999999999999,996.0,933,2048,0.1811831983923911,23,0.1
COMPLETED,0.0299999999999999,1233.0,2044,4110,0.3053304501343518,1,0.25
COMPLETED,0.3699999999999999,1368.0,4554,709,0.7161802966147661,28,0.005
COMPLETED,0.2,810.0,4617,2921,0.3635209704115986,39,0.1
COMPLETED,0.0599999999999999,1035.0,2147,1946,0.6466579570267348,15,0.25
COMPLETED,0.1,788.0,831,4240,0.7717649412080646,12,0.01
COMPLETED,0.32,1001.0,3340,923,0.2381573958043008,36,0.25
COMPLETED,0.08,912.0,2667,4784,0.5598379034213721,3,0.05
FAILED,,,177,56,0.4618997802641242,26,0.005
COMPLETED,0.1499999999999999,994.0,1532,3602,0.0870506885014474,48,0.25
COMPLETED,0.28,933.0,4061,1529,0.9344598500486462,25,0.1
COMPLETED,0.17,814.0,4144,3751,0.1723506243340671,20,0.01
COMPLETED,0.32,956.0,1673,1058,0.8219757245387881,47,0.001
COMPLETED,0.07,907.0,367,2746,0.6978456380628049,31,0.1
COMPLETED,0.14,864.0,2877,2398,0.2967418816145509,4,0.025
COMPLETED,0.16,845.0,3454,3154,0.9690393239036202,34,0.025
COMPLETED,0.2099999999999999,788.0,963,1707,0.0056887526307255,8,0.25
COMPLETED,0.05,930.0,2308,4648,0.3795645120963454,17,0.01
COMPLETED,0.4,1821.0,4838,543,0.5953932674471288,43,0.001
COMPLETED,0.16,954.0,4851,4434,0.4944507589433342,41,0.001
COMPLETED,0.3099999999999999,1007.0,2381,407,0.5309582840278744,19,0.1
COMPLETED,0.1499999999999999,861.0,1226,3407,0.904832532191649,10,0.005
COMPLETED,0.26,873.0,3735,1725,0.1208036559149622,32,0.01
COMPLETED,0.16,846.0,3061,2569,0.6762703886535018,6,0.25
COMPLETED,0.13,915.0,571,2299,0.3297535629086196,30,0.01
COMPLETED,0.1499999999999999,767.0,1765,4045,0.2056209464427083,45,0.001
COMPLETED,0.33,964.0,4294,1118,0.8006595955453814,21,0.05
COMPLETED,0.17,804.0,3753,3584,0.0384378810133784,24,0.25
COMPLETED,0.27,982.0,1282,1277,0.9404182691089809,49,0.01
COMPLETED,0.04,1059.0,137,4920,0.5655681344922631,27,0.025
COMPLETED,0.3699999999999999,1935.0,2647,270,0.4130583126209676,2,0.005
COMPLETED,0.1199999999999999,791.0,3223,4181,0.8518167549762875,38,0.001
COMPLETED,0.32,994.0,732,629,0.1388722751513123,10,0.005
COMPLETED,0.19,806.0,1916,3020,0.2639772126618772,13,0.05
COMPLETED,0.2399999999999999,932.0,4446,2124,0.7264506466612219,41,0.01
COMPLETED,0.1499999999999999,849.0,4422,4608,0.774858618840575,49,0.05
COMPLETED,0.4,1584.0,1952,582,0.2500480027068406,23,0.01
COMPLETED,0.11,801.0,714,3271,0.3744413996040821,2,0.005
COMPLETED,0.23,863.0,3224,1590,0.6507225856799632,27,0.01
COMPLETED,0.11,867.0,2627,2707,0.0834396660365164,10,0.005
COMPLETED,0.04,1022.0,138,2437,0.92211233551614,38,0.1
COMPLETED,0.14,771.0,1258,3869,0.5484608045406639,41,0.001
COMPLETED,0.34,1101.0,3787,941,0.4573170929532497,13,0.05
COMPLETED,0.1799999999999999,784.0,4262,3720,0.693106920454651,19,0.25
COMPLETED,0.28,962.0,1790,1412,0.285277279658243,42,0.05
COMPLETED,0.07,1119.0,562,4746,0.1599077546484768,32,0.001
FAILED,,,3073,95,0.8182160479705781,9,0.005
COMPLETED,0.14,792.0,3727,4357,0.3837243769317865,30,0.025
COMPLETED,0.33,922.0,1236,806,0.6064622317720204,6,0.25
COMPLETED,0.07,863.0,2347,2882,0.9810858421325684,21,0.005
COMPLETED,0.25,958.0,4877,1986,0.0088698143679648,45,0.01
COMPLETED,0.2,907.0,4812,3059,0.8934896151293069,47,0.005
COMPLETED,0.1,901.0,2341,2085,0.1161866529434919,20,0.25
COMPLETED,0.1199999999999999,807.0,952,4063,0.4908130349535494,4,0.01
COMPLETED,0.3499999999999999,1124.0,3461,746,0.5186373371779918,31,0.05
COMPLETED,0.0899999999999999,784.0,2866,4959,0.2165679879318922,8,0.1
COMPLETED,0.39,1135.0,376,231,0.804697507802397,34,0.025
COMPLETED,0.17,952.0,1648,3467,0.6793297357540578,43,0.005
COMPLETED,0.2899999999999999,931.0,4177,1393,0.341678396243602,17,0.05
COMPLETED,0.17,873.0,4026,3929,0.5775804709028453,15,0.01
COMPLETED,0.2899999999999999,1028.0,1555,1235,0.4162736900188028,39,0.1
COMPLETED,0.05,1054.0,175,2608,0.0426244473736733,36,0.05
COMPLETED,0.13,894.0,2686,2260,0.9514606657512484,12,0.1
COMPLETED,0.1499999999999999,803.0,3340,3289,0.2515077306795865,26,0.005
COMPLETED,0.1799999999999999,908.0,849,1842,0.7227176864892244,3,0.05
COMPLETED,0.0299999999999999,1281.0,2112,4473,0.8471123679000884,25,0.01
COMPLETED,0.4299999999999999,3093.0,4642,368,0.1273734467625617,47,0.25
COMPLETED,0.2,906.0,4548,3186,0.7958649300262332,36,0.01
COMPLETED,0.04,1278.0,2059,1665,0.1979893201235681,11,0.025
COMPLETED,0.0899999999999999,912.0,904,4679,0.3233437339738011,14,0.25
COMPLETED,0.39,1734.0,3432,502,0.6707411709520966,40,0.1
COMPLETED,0.1,872.0,2739,3798,0.0955374160967767,22,0.1
COMPLETED,0.14,945.0,269,1021,0.8786880308147519,50,0.005
COMPLETED,0.1799999999999999,813.0,1463,2793,0.5040788140706717,29,0.01
COMPLETED,0.23,777.0,3972,2361,0.4704068518783897,1,0.05
COMPLETED,0.1499999999999999,746.0,4075,4817,0.7375193897746503,7,0.001
FAILED,,,1584,15,0.2721570864971727,29,0.005
COMPLETED,0.07,1037.0,439,3634,0.1477795108668506,45,0.01
COMPLETED,0.22,879.0,2969,1488,0.8616707720365375,22,0.1
COMPLETED,0.19,883.0,3525,2968,0.4348524767979979,42,0.01
COMPLETED,0.2,854.0,1054,1910,0.58641316764988,18,0.001
COMPLETED,0.05,1034.0,2238,4287,0.9600491115823389,9,0.025
COMPLETED,0.3599999999999999,1334.0,4749,887,0.0609589906726032,33,0.005
COMPLETED,0.16,822.0,4940,4148,0.9114522499088196,34,0.25
COMPLETED,0.25,875.0,2450,670,0.0669319204613566,8,0.01
COMPLETED,0.14,806.0,1134,2988,0.4405662936065345,17,0.1
COMPLETED,0.22,954.0,3663,2165,0.5375576577261089,44,0.025
COMPLETED,0.1199999999999999,797.0,2970,3538,0.2278149029370397,20,0.05
COMPLETED,0.17,814.0,500,1313,0.762371616538614,47,0.1
COMPLETED,0.14,859.0,1855,4874,0.6379915704037993,31,0.1
COMPLETED,0.4,4534.0,4364,306,0.3519642942957579,4,0.001
COMPLETED,0.22,897.0,3842,2538,0.6189491151031106,3,0.1
COMPLETED,0.19,868.0,1351,2340,0.4059573577307164,27,0.05
COMPLETED,0.0299999999999999,1169.0,45,4014,0.0313470386471599,48,0.05
COMPLETED,0.2099999999999999,873.0,2574,1159,0.9938169763796032,24,0.005
COMPLETED,0.1199999999999999,875.0,3131,4387,0.3017849062625319,39,0.025
COMPLETED,0.3599999999999999,908.0,660,444,0.7037668870911002,16,0.01
COMPLETED,0.04,1020.0,2005,3360,0.829119313756004,12,0.25
COMPLETED,0.27,868.0,4516,1762,0.176658672966063,35,0.1
COMPLETED,0.2099999999999999,948.0,4485,2768,0.8700972343795002,10,0.25
COMPLETED,0.22,917.0,1956,2415,0.155173319062218,32,0.001
COMPLETED,0.1,881.0,694,3774,0.2802951783202588,41,0.005
COMPLETED,0.2899999999999999,938.0,3183,1075,0.744748527413234,19,0.025
COMPLETED,0.08,1110.0,2529,4625,0.0528351883664727,46,0.025
COMPLETED,0.04,1377.0,20,526,0.9528361409697682,21,0.25
COMPLETED,0.16,823.0,1399,3132,0.5779724120721221,5,0.05
COMPLETED,0.27,869.0,3869,1690,0.427442505294457,30,0.001
COMPLETED,0.16,778.0,4334,4223,0.663348325677216,27,0.005
COMPLETED,0.34,1235.0,1804,901,0.3149125016424804,2,0.1
COMPLETED,0.1,1193.0,532,2904,0.1907668262645602,24,0.01
COMPLETED,0.2,863.0,3023,1925,0.7877240014914422,49,0.25
COMPLETED,0.16,838.0,3618,3620,0.4776150525026023,13,0.1
COMPLETED,0.23,850.0,1108,1551,0.5122035792972892,41,0.001
COMPLETED,0.07,878.0,2497,4802,0.886095165606588,38,0.005
RUNNING,,,4968,78,0.1039848154541105,10,0.05
COMPLETED,0.1499999999999999,837.0,4720,4898,0.9853724304642528,12,0.005
COMPLETED,0.2999999999999999,890.0,2191,253,0.0239408574812114,36,0.05
COMPLETED,0.14,782.0,1080,3562,0.3978297353442758,39,0.25
COMPLETED,0.2899999999999999,1233.0,3570,1259,0.6117399645708501,15,0.01
COMPLETED,0.14,1452.0,2916,3042,0.1848005588445812,48,0.001
COMPLETED,0.11,1023.0,407,2141,0.8363446573391556,25,0.05
COMPLETED,0.1499999999999999,893.0,1635,4202,0.7121971732322127,3,0.005
COMPLETED,0.38,1470.0,4105,646,0.3091748906597495,26,0.1
COMPLETED,0.1799999999999999,989.0,3944,3423,0.5449685865733772,31,0.001
COMPLETED,0.2399999999999999,782.0,1414,1747,0.4490098989084362,4,0.025
COMPLETED,0.05,937.0,294,4451,0.074143944883719,20,0.1
COMPLETED,0.3599999999999999,1183.0,2784,429,0.9195731913372874,47,0.05
COMPLETED,0.13,840.0,3380,4029,0.3447380100991576,17,0.25
COMPLETED,0.25,1117.0,870,1096,0.6298544322066008,43,0.1
COMPLETED,0.04,1050.0,2108,2552,0.7549749511834233,34,0.001
COMPLETED,0.23,922.0,4579,2277,0.2193874906860291,8,0.01
COMPLETED,0.16,861.0,4671,3854,0.8256850476153194,22,0.1
COMPLETED,0.1,921.0,2162,1004,0.1682932891529053,45,0.05
COMPLETED,0.13,814.0,817,2693,0.2924236154295504,29,0.025
COMPLETED,0.19,932.0,3287,2500,0.7012935505341737,6,0.005
COMPLETED,0.11,792.0,2730,3208,0.0017072818279266,33,0.25
COMPLETED,0.07,894.0,201,1604,0.9728849522788076,9,0.001
COMPLETED,0.14,779.0,1507,4545,0.5990094251781702,18,0.05
COMPLETED,0.4,1827.0,3997,597,0.3753531059194356,42,0.01
COMPLETED,0.2,900.0,4208,2828,0.6423417914211749,40,0.05
COMPLETED,0.2399999999999999,1185.0,1698,2010,0.3669714667815714,14,0.001
COMPLETED,0.05,1120.0,343,4304,0.2418642390817403,11,0.25
COMPLETED,0.2899999999999999,1374.0,2814,830,0.7677056095469743,37,0.01
COMPLETED,0.13,837.0,3507,4721,0.4655170496292412,1,0.05
COMPLETED,0.4899999999999999,4037.0,977,149,0.5556280773263425,28,0.1
COMPLETED,0.0599999999999999,1008.0,2293,3695,0.9304769330061972,50,0.025
COMPLETED,0.2899999999999999,1052.0,4784,1466,0.0908953390847891,23,0.25
COMPLETED,0.1799999999999999,1103.0,4904,3482,0.944004039077088,24,0.001
COMPLETED,0.1499999999999999,1122.0,2395,1330,0.0342569964416325,49,0.005
COMPLETED,0.1199999999999999,761.0,1211,4974,0.4091073671411722,27,0.05
COMPLETED,0.4899999999999999,6155.0,3681,167,0.569383371386677,2,0.25
COMPLETED,0.1199999999999999,826.0,3125,4127,0.1345236063320189,35,0.025
COMPLETED,0.27,988.0,596,732,0.8552951741814612,13,0.05
COMPLETED,0.19,795.0,1741,3123,0.7301904801893979,16,0.25
COMPLETED,0.25,1122.0,4231,2070,0.2598894711285829,38,0.005
COMPLETED,0.14,832.0,3816,4526,0.527005758466199,44,0.25
COMPLETED,0.4299999999999999,1905.0,1306,344,0.4982648842036724,16,0.001
COMPLETED,0.04,1188.0,112,3343,0.1243904036749154,7,0.01
COMPLETED,0.14,830.0,2583,1818,0.9006530938595533,35,0.1
COMPLETED,0.17,856.0,3277,2633,0.3334908125381916,5,0.001
COMPLETED,0.14,860.0,747,2206,0.6721805465407669,30,0.005
COMPLETED,0.16,800.0,1902,3953,0.7963129232060164,46,0.1
COMPLETED,0.32,1010.0,4393,1181,0.209101845446974,21,0.025
COMPLETED,0.22,953.0,4387,2623,0.6956663026940078,41,0.001
COMPLETED,0.22,937.0,1897,2196,0.2946548695005476,19,0.01
COMPLETED,0.1,843.0,752,3963,0.1705096421223133,10,0.25
COMPLETED,0.28,894.0,3281,1191,0.8200424227900803,32,0.01
COMPLETED,0.08,854.0,2587,4517,0.3814068643320351,5,0.1
COMPLETED,0.19,943.0,117,334,0.5973260319679976,30,0.005
COMPLETED,0.1499999999999999,903.0,1301,3353,0.97121717399545,46,0.25
COMPLETED,0.25,996.0,3810,1828,0.0077761792838573,21,0.025
COMPLETED,0.16,861.0,4236,4136,0.7698607222605496,24,0.25
COMPLETED,0.3599999999999999,1344.0,1745,741,0.2362826760560274,49,0.005
COMPLETED,0.1,904.0,590,3113,0.3614049833137542,27,0.05
COMPLETED,0.19,814.0,3120,2060,0.6445124595761299,2,0.025
COMPLETED,0.17,828.0,3677,3492,0.0891662610601633,38,0.025
COMPLETED,0.26,833.0,1205,1340,0.9366068327762188,10,0.05
COMPLETED,0.0599999999999999,959.0,2399,4964,0.5617426595967263,13,0.1
RUNNING,,,4910,158,0.4637731299884617,41,0.01
COMPLETED,0.1499999999999999,793.0,4779,4712,0.5638171556033194,39,0.05
COMPLETED,0.4199999999999999,1394.0,2289,139,0.4112778270971029,15,0.025
COMPLETED,0.1199999999999999,1000.0,983,3705,0.036412317354232,12,0.01
COMPLETED,0.27,875.0,3512,1475,0.9384222083669156,36,0.001
COMPLETED,0.13,770.0,2818,2819,0.266004261597991,3,0.01
COMPLETED,0.1,881.0,348,2000,0.7284462928641587,26,0.1
COMPLETED,0.1499999999999999,907.0,1694,4313,0.8535663638412953,48,0.025
COMPLETED,0.3499999999999999,1271.0,4203,840,0.1406532979030162,25,0.005
COMPLETED,0.2,788.0,4003,3217,0.9028692386299372,20,0.1
COMPLETED,0.26,973.0,1512,1614,0.1187480465341359,47,0.001
COMPLETED,0.04,1117.0,196,4535,0.4926373686790466,31,0.025
COMPLETED,0.33,933.0,2726,587,0.5292372207362204,4,0.005
COMPLETED,0.13,782.0,3283,3864,0.2074337994791567,34,0.01
COMPLETED,0.26,799.0,812,1014,0.8023820288609713,8,0.005
COMPLETED,0.04,1022.0,2167,2683,0.6782340967543423,17,0.01
COMPLETED,0.22,867.0,4677,2490,0.3318076870124787,43,0.25
COMPLETED,0.16,894.0,4574,4039,0.746902658617124,29,0.01
COMPLETED,0.0599999999999999,959.0,2104,1105,0.2747145373187959,6,0.025
COMPLETED,0.14,835.0,876,2543,0.1496078171040862,22,0.1
COMPLETED,0.2,850.0,3385,2267,0.872266980510205,45,0.05
COMPLETED,0.11,867.0,2789,3433,0.4257144087795168,18,0.005
COMPLETED,0.1,927.0,299,1757,0.5841013898178935,42,0.1
