Status,ACCURACY,RUNTIME,REQLABELS,recent_samples_size,n_subspaces,feature_percentage,alpha,window_size,mode
COMPLETED,0.9,258.0,1.0,3720,4,0.173370143353939,0.5417005394697189,993,EDFSMode.RANDOM
COMPLETED,0.82,524.0,0.2099999999999999,224,38,0.313169240059331,0.9634973512236028,533,EDFSMode.RANDOM
COMPLETED,0.92,1292.0,1.0,1146,68,0.0614198912624269,0.7884151014219969,349,EDFSMode.RANDOM
COMPLETED,0.8399999999999999,5514.0,1.0,2042,23,0.7288084950335323,0.3162479868475348,119,EDFSMode.RANDOM
COMPLETED,0.89,12123.0,1.0,2806,97,0.4507189452126622,0.7092600491829216,776,EDFSMode.RANDOM
COMPLETED,0.93,5918.0,1.0,2983,28,0.6261065504848957,0.8415135308615863,213,EDFSMode.RANDOM
COMPLETED,0.83,6261.0,1.0,2493,55,0.4130762251727282,0.1994963873494416,908,EDFSMode.RANDOM
COMPLETED,0.93,579.0,1.0,3958,83,0.0851774986442178,0.3079451594054699,448,EDFSMode.RANDOM
COMPLETED,0.93,460.0,1.0,4908,13,0.2933138586562126,0.4440144811980426,433,EDFSMode.RANDOM
COMPLETED,0.8699999999999999,5791.0,0.4199999999999999,555,93,0.5119636280629783,0.5811880153287202,646,EDFSMode.RANDOM
COMPLETED,0.91,1197.0,0.88,1530,48,0.2149151042439043,0.0554169947560876,860,EDFSMode.RANDOM
COMPLETED,0.91,4276.0,1.0,3267,46,0.4000537963248789,0.3515541645251214,723,EDFSMode.RANDOM
COMPLETED,0.9,234.0,0.6,356,17,0.1041948771160095,0.1481209786441177,295,EDFSMode.RANDOM
COMPLETED,0.91,1809.0,1.0,3843,9,0.5506587811578065,0.9983019477091728,831,EDFSMode.RANDOM
COMPLETED,0.93,9045.0,1.0,702,85,0.270300962453708,0.1048393925148993,136,EDFSMode.RANDOM
COMPLETED,0.9,845.0,1.0,2948,51,0.2239420153610408,0.402358516767621,594,EDFSMode.RANDOM
COMPLETED,0.6,238.0,1.0,2009,100,0.1407370394542813,0.880875418094918,696,EDFSMode.RANDOM
COMPLETED,0.88,5220.0,0.54,1035,42,0.5861088680457323,0.4710833630058914,923,EDFSMode.RANDOM
COMPLETED,0.92,1254.0,1.0,4138,65,0.3751955401543528,0.6165560652948915,267,EDFSMode.RANDOM
COMPLETED,0.92,1265.0,1.0,4415,33,0.0032025625724345,0.6363575603291391,164,EDFSMode.RANDOM
COMPLETED,0.91,1750.0,0.97,1700,6,0.4871610279530286,0.8690839938614517,622,EDFSMode.RANDOM
COMPLETED,0.91,1532.0,1.0,1592,59,0.0764334807395935,0.5181820849161594,101,EDFSMode.RANDOM
COMPLETED,0.68,1983.0,0.04,65,1,0.6504423851128667,0.1162469553742557,336,EDFSMode.RANDOM
COMPLETED,0.92,8540.0,1.0,4463,81,0.4356415650416165,0.9716961758174,573,EDFSMode.RANDOM
COMPLETED,0.92,268.0,1.0,4174,24,0.1883847347889095,0.7802129289135336,759,EDFSMode.RANDOM
COMPLETED,0.92,636.0,1.0,1889,40,0.2980927837714552,0.7327818479333073,317,EDFSMode.RANDOM
COMPLETED,0.8399999999999999,10069.0,0.99,2648,66,0.5228983737267554,0.3704814002551138,973,EDFSMode.RANDOM
COMPLETED,0.93,553.0,1.0,2824,11,0.3396367928944528,0.2385781613849103,186,EDFSMode.RANDOM
COMPLETED,0.88,191.0,0.56,734,27,0.1685284090545028,0.2530564544405788,658,EDFSMode.RANDOM
COMPLETED,0.92,13047.0,1.0,4755,50,0.7358409682456403,0.6044166828654706,462,EDFSMode.RANDOM
COMPLETED,0.8499999999999999,4124.0,0.2899999999999999,396,70,0.4594001464974135,0.4989065340775996,675,EDFSMode.RANDOM
COMPLETED,0.88,9757.0,0.67,1376,15,0.7508901114240288,0.9000502693857997,889,EDFSMode.RANDOM
COMPLETED,0.92,670.0,1.0,3150,92,0.0387917347736656,0.0163319025486707,232,EDFSMode.RANDOM
COMPLETED,0.91,2461.0,1.0,3421,19,0.5656752779856324,0.6968807471208274,583,EDFSMode.RANDOM
COMPLETED,0.93,1576.0,1.0,1411,89,0.3487279557175934,0.3438236241508275,370,EDFSMode.RANDOM
COMPLETED,0.92,351.0,1.0,4946,74,0.1455788127910345,0.171171145260334,811,EDFSMode.RANDOM
COMPLETED,0.91,4513.0,1.0,4002,29,0.4784798582699149,0.0817934921197593,972,EDFSMode.RANDOM
COMPLETED,0.92,8229.0,1.0,856,52,0.7010161680895834,0.943592665689066,277,EDFSMode.RANDOM
COMPLETED,0.8699999999999999,148.0,1.0,2381,7,0.0258306874595582,0.4100847611781209,498,EDFSMode.RANDOM
COMPLETED,0.91,356.0,1.0,2693,44,0.1129388634189963,0.9352958388403056,399,EDFSMode.RANDOM
COMPLETED,0.91,956.0,0.7,1189,22,0.3774884880576282,0.577942605221644,839,EDFSMode.RANDOM
COMPLETED,0.92,12392.0,1.0,4297,99,0.661664792118594,0.4631891317255795,183,EDFSMode.RANDOM
COMPLETED,0.92,4730.0,1.0,4573,4,0.9603329212423412,0.2878004427030682,249,EDFSMode.RANDOM
COMPLETED,0.76,1195.0,0.13,256,78,0.2504724164176732,0.6749667541813105,944,EDFSMode.RANDOM
COMPLETED,0.91,3321.0,1.0,1858,32,0.5397240633778274,0.2106564461831003,707,EDFSMode.RANDOM
COMPLETED,0.91,690.0,1.0,3595,62,0.2655220057368278,0.8146678690798581,469,EDFSMode.RANDOM
COMPLETED,0.91,7907.0,1.0,3640,41,0.5037007646095008,0.035901859819889,109,EDFSMode.RANDOM
COMPLETED,0.91,2791.0,0.99,1826,67,0.2859801316801458,0.9269262278433889,801,EDFSMode.RANDOM
COMPLETED,0.92,954.0,1.0,4541,96,0.2085560126677155,0.5695306387357413,330,EDFSMode.RANDOM
COMPLETED,0.77,2036.0,0.5899999999999999,4251,1,0.4154741035252809,0.6824074183106422,537,EDFSMode.RANDOM
COMPLETED,0.7299999999999999,78.0,1.0,2122,35,0.0885499603468924,0.8220595190692693,982,EDFSMode.RANDOM
COMPLETED,0.88,239.0,1.0,3059,15,0.0501724799256771,0.3357171971686184,886,EDFSMode.RANDOM
COMPLETED,0.91,11550.0,1.0,2417,92,0.7708177276644855,0.6897298960331826,194,EDFSMode.RANDOM
COMPLETED,0.91,2474.0,0.96,813,50,0.4404461767114699,0.1629833440613001,415,EDFSMode.RANDOM
COMPLETED,0.89,252.0,0.52,475,55,0.1874785587601363,0.0890014733914285,453,EDFSMode.RANDOM
COMPLETED,0.93,2255.0,1.0,1453,10,0.6017732923198491,0.5612309584449977,237,EDFSMode.RANDOM
COMPLETED,0.9,1566.0,1.0,3385,83,0.3282522239442914,0.4172218339517712,897,EDFSMode.RANDOM
COMPLETED,0.92,1924.0,1.0,3185,8,0.7908123254347592,0.8573505353964865,375,EDFSMode.RANDOM
COMPLETED,0.91,372.0,1.0,1333,88,0.0144346973057836,0.2460335871968418,591,EDFSMode.RANDOM
COMPLETED,0.92,3097.0,1.0,4712,53,0.4974185867719352,0.2604333576187491,145,EDFSMode.RANDOM
COMPLETED,0.92,836.0,1.0,3768,46,0.1266438783444464,0.4905526328124105,271,EDFSMode.RANDOM
COMPLETED,0.83,611.0,1.0,2304,18,0.3601277362089604,0.0079042412023991,740,EDFSMode.RANDOM
COMPLETED,0.9,6332.0,1.0,2867,89,0.5855838588867336,0.8926086367592215,506,EDFSMode.RANDOM
COMPLETED,0.8699999999999999,479.0,1.0,2614,33,0.27764990654774,0.5253753045052288,620,EDFSMode.RANDOM
COMPLETED,0.93,4051.0,1.0,1934,62,0.5589064572360367,0.3906404371466487,403,EDFSMode.RANDOM
COMPLETED,0.92,784.0,0.99,954,5,0.2303163761049508,0.9788479954022912,174,EDFSMode.RANDOM
COMPLETED,0.9,12062.0,1.0,4496,21,0.6728209369964898,0.1286057842224836,935,EDFSMode.RANDOM
COMPLETED,0.75,906.0,0.04,20,98,0.3976407305970787,0.7720907921995968,243,EDFSMode.RANDOM
COMPLETED,0.91,335.0,1.0,3517,63,0.1008071759883314,0.7246097415946424,712,EDFSMode.RANDOM
COMPLETED,0.93,1115.0,1.0,3486,23,0.4628344581816345,0.8882713640481233,307,EDFSMode.RANDOM
COMPLETED,0.75,99.0,0.1,146,39,0.0412514631077647,0.623992463203147,762,EDFSMode.RANDOM
COMPLETED,0.92,6382.0,1.0,4093,37,0.6124015392772852,0.272449820831418,340,EDFSMode.RANDOM
COMPLETED,0.91,1262.0,0.95,1069,57,0.3333414548337459,0.6279413276221602,557,EDFSMode.RANDOM
COMPLETED,0.88,4861.0,0.69,1963,2,0.8779252936895937,0.2269816699940711,785,EDFSMode.RANDOM
COMPLETED,0.93,984.0,1.0,2572,79,0.1612584355939179,0.8607186788283288,125,EDFSMode.RANDOM
COMPLETED,0.9,588.0,1.0,2258,72,0.2035295983981341,0.3586869413349777,223,EDFSMode.RANDOM
COMPLETED,0.9,808.0,0.7299999999999999,659,14,0.5243228026702998,0.7608044234793632,443,EDFSMode.RANDOM
COMPLETED,0.92,1274.0,1.0,3879,94,0.3122630714662373,0.1553332261368632,677,EDFSMode.RANDOM
COMPLETED,0.92,306.0,1.0,4830,12,0.0662244954966008,0.0966558575369417,641,EDFSMode.RANDOM
COMPLETED,0.92,1183.0,1.0,1295,28,0.4244579369630664,0.3942477938216179,209,EDFSMode.RANDOM
COMPLETED,0.91,700.0,1.0,3344,31,0.2353427624907344,0.1910654078312218,516,EDFSMode.RANDOM
COMPLETED,0.82,623.0,0.3,590,9,0.2513669946454465,0.2995946060549467,947,EDFSMode.RANDOM
COMPLETED,0.92,3264.0,1.0,4866,86,0.5382843875735998,0.6633553003445267,287,EDFSMode.RANDOM
COMPLETED,0.91,13546.0,1.0,3922,16,0.8381707858517766,0.5895542951412499,131,EDFSMode.RANDOM
COMPLETED,0.9,312.0,0.57,936,90,0.1231326687224209,0.4513947322908788,823,EDFSMode.RANDOM
COMPLETED,0.91,1101.0,1.0,3026,74,0.3886568692754954,0.0628691023960709,366,EDFSMode.RANDOM
COMPLETED,0.88,6100.0,0.97,2773,6,0.6888710323031991,0.4294780680835246,705,EDFSMode.RANDOM
COMPLETED,0.8,8474.0,1.0,2088,77,0.4750302774179726,0.5335317773278802,488,EDFSMode.RANDOM
COMPLETED,0.93,8012.0,1.0,1113,35,0.7976049515120684,0.0701970602143555,258,EDFSMode.RANDOM
COMPLETED,0.91,379.0,1.0,4373,61,0.0233557420074939,0.955371866595,919,EDFSMode.RANDOM
COMPLETED,0.91,1215.0,1.0,4650,42,0.3550385332033038,0.7955635730922223,851,EDFSMode.RANDOM
COMPLETED,0.9,3010.0,0.55,179,65,0.5749555803276598,0.1827673410829156,159,EDFSMode.RANDOM
COMPLETED,0.93,385.0,1.0,1779,20,0.1528639736268669,0.7164565869439393,394,EDFSMode.RANDOM
COMPLETED,0.93,676.0,1.0,3696,26,0.3654950875341892,0.6667428304515778,325,EDFSMode.RANDOM
COMPLETED,0.92,5614.0,1.0,1760,56,0.580246181499213,0.311740295799449,570,EDFSMode.RANDOM
COMPLETED,0.76,119.0,0.1,161,11,0.1310370088089257,0.8375109259989113,800,EDFSMode.RANDOM
COMPLETED,0.93,3948.0,1.0,4351,15,0.7177799761574715,0.0516236912570893,320,EDFSMode.RANDOM
COMPLETED,0.8699999999999999,13620.0,0.55,1132,91,0.4930541004035621,0.9114774531442672,984,EDFSMode.RANDOM
COMPLETED,0.9,280.0,1.0,2753,69,0.0090960458442568,0.5851926241070032,543,EDFSMode.RANDOM
COMPLETED,0.8699999999999999,3770.0,0.9,3047,2,0.8160386012643575,0.9675324016734956,654,EDFSMode.RANDOM
COMPLETED,0.9,298.0,1.0,2439,81,0.0983933564685285,0.0735689791124314,410,EDFSMode.RANDOM
COMPLETED,0.93,4690.0,1.0,918,36,0.6762394878286868,0.5457364840600639,196,EDFSMode.RANDOM
COMPLETED,0.91,1290.0,1.0,3942,60,0.3942517384495586,0.4329284222461283,884,EDFSMode.RANDOM
COMPLETED,0.91,706.0,1.0,4844,40,0.2337340123485773,0.3200060731098056,899,EDFSMode.RANDOM
COMPLETED,0.92,521.0,1.0,1505,25,0.2800924259312451,0.1784203443620353,458,EDFSMode.RANDOM
COMPLETED,0.91,6375.0,1.0,3324,95,0.5564916041567922,0.784377178940922,664,EDFSMode.RANDOM
COMPLETED,0.92,1009.0,1.0,3212,22,0.0909792144782841,0.4750888640657067,144,EDFSMode.RANDOM
COMPLETED,0.83,4696.0,0.28,341,44,0.4188783555459231,0.0235812206212431,587,EDFSMode.RANDOM
COMPLETED,0.93,12632.0,1.0,4812,64,0.6358677972201257,0.8770850293822586,381,EDFSMode.RANDOM
COMPLETED,0.88,1373.0,0.4199999999999999,638,62,0.2051232987251132,0.2303535294067114,746,EDFSMode.RANDOM
COMPLETED,0.77,1593.0,0.94,2238,4,0.5061308738440276,0.6401460938397794,961,EDFSMode.RANDOM
COMPLETED,0.93,839.0,1.0,2923,77,0.2835224713943898,0.2759002344794571,274,EDFSMode.RANDOM
COMPLETED,0.92,1525.0,1.0,1985,74,0.3228698506876826,0.756394662188366,172,EDFSMode.RANDOM
COMPLETED,0.92,493.0,1.0,4075,90,0.1830702316258102,0.7400317478477954,615,EDFSMode.RANDOM
COMPLETED,0.91,2209.0,1.0,4401,7,0.4448260419238358,0.5099582801572978,718,EDFSMode.RANDOM
COMPLETED,0.92,499.0,1.0,1647,29,0.0555264470279216,0.9945391137655823,245,EDFSMode.RANDOM
COMPLETED,0.91,4426.0,1.0,3538,13,0.6714569619856775,0.2570611115507781,522,EDFSMode.RANDOM
COMPLETED,0.91,2746.0,0.99,1606,83,0.3833205897957086,0.6437270315457135,767,EDFSMode.RANDOM
COMPLETED,0.92,594.0,1.0,4516,55,0.1187715061027556,0.8451461558341979,308,EDFSMode.RANDOM
COMPLETED,0.91,1739.0,1.0,4198,48,0.2557606084290892,0.9038388753943144,123,EDFSMode.RANDOM
COMPLETED,0.89,10455.0,0.5899999999999999,973,72,0.5339222508799285,0.012329346017912,786,EDFSMode.RANDOM
COMPLETED,0.92,672.0,1.0,1951,14,0.2407115489020943,0.6082117411848158,551,EDFSMode.RANDOM
COMPLETED,0.89,207.0,1.0,2888,38,0.1553098167590797,0.1122089845612645,682,EDFSMode.RANDOM
COMPLETED,0.92,425.0,0.99,759,3,0.3584585414286702,0.3784205727819353,224,EDFSMode.RANDOM
COMPLETED,0.9,10634.0,1.0,3789,80,0.5715690568257124,0.5219402492530643,912,EDFSMode.RANDOM
COMPLETED,0.92,459.0,1.0,451,96,0.0199681849461048,0.3745172704886645,207,EDFSMode.RANDOM
COMPLETED,0.92,8482.0,0.99,1351,38,0.6913159608468413,0.776453087830916,430,EDFSMode.RANDOM
COMPLETED,0.91,4148.0,1.0,3166,68,0.472616941217333,0.139777020741254,636,EDFSMode.RANDOM
COMPLETED,0.89,287.0,0.78,1475,66,0.1587974515594542,0.4669777061324566,948,EDFSMode.RANDOM
COMPLETED,0.82,11184.0,0.3,495,21,0.6158035011086613,0.9312883450184016,727,EDFSMode.RANDOM
COMPLETED,0.93,1490.0,1.0,4971,100,0.3299063689094036,0.047072917882353,521,EDFSMode.RANDOM
COMPLETED,0.92,438.0,0.98,4056,6,0.0446542800422757,0.2068660983666777,360,EDFSMode.RANDOM
COMPLETED,0.82,6188.0,0.99,2396,34,0.4652632289938628,0.2840070964489131,820,EDFSMode.RANDOM
COMPLETED,0.93,8264.0,1.0,3077,60,0.7455413334965705,0.6789721846021712,132,EDFSMode.RANDOM
COMPLETED,0.8399999999999999,3278.0,0.99,2707,17,0.4298095320835709,0.8113784397505223,920,EDFSMode.RANDOM
COMPLETED,0.91,370.0,1.0,1242,45,0.070601036960259,0.7009158440437167,493,EDFSMode.RANDOM
COMPLETED,0.92,2320.0,1.0,4559,30,0.5287002587225287,0.4138494094274938,633,EDFSMode.RANDOM
COMPLETED,0.8699999999999999,669.0,0.3599999999999999,279,51,0.3078542610127478,0.5490699177403003,388,EDFSMode.RANDOM
COMPLETED,0.91,12349.0,1.0,1806,8,0.9813494611345231,0.0855516248550265,161,EDFSMode.RANDOM
COMPLETED,0.91,353.0,1.0,3658,85,0.1981457900553941,0.93955963216722,848,EDFSMode.RANDOM
COMPLETED,0.92,1315.0,1.0,1841,94,0.2205554992947727,0.803907304206863,531,EDFSMode.RANDOM
COMPLETED,0.88,1352.0,0.39,236,48,0.5531046317256986,0.3316784400325268,304,EDFSMode.RANDOM
COMPLETED,0.91,1980.0,1.0,4595,72,0.2678884887918829,0.6934937226399778,988,EDFSMode.RANDOM
COMPLETED,0.92,281.0,1.0,4276,27,0.1066397982239723,0.557469970408827,781,EDFSMode.RANDOM
COMPLETED,0.8399999999999999,789.0,1.0,2186,12,0.4034728230405598,0.9480020403247326,351,EDFSMode.RANDOM
COMPLETED,0.92,1751.0,1.0,3122,39,0.4915556827317923,0.4597392831891775,447,EDFSMode.RANDOM
COMPLETED,0.8699999999999999,180.0,0.46,837,24,0.0085722115226089,0.0399054034370929,904,EDFSMode.RANDOM
COMPLETED,0.93,13338.0,1.0,4024,97,0.7811115976944565,0.9231347981356084,219,EDFSMode.RANDOM
COMPLETED,0.92,1460.0,1.0,4926,3,0.5914776470214128,0.825853817090392,199,EDFSMode.RANDOM
COMPLETED,0.8399999999999999,3047.0,0.3,528,79,0.3698583386503159,0.2150029967632144,865,EDFSMode.RANDOM
COMPLETED,0.92,721.0,1.0,3399,57,0.1363748953249305,0.2922253690622746,435,EDFSMode.RANDOM
COMPLETED,0.93,8090.0,1.0,1396,61,0.4463092722203582,0.1205933274980634,290,EDFSMode.RANDOM
COMPLETED,0.8499999999999999,2284.0,0.3699999999999999,418,6,0.780518524184823,0.5294123235512525,513,EDFSMode.RANDOM
COMPLETED,0.92,454.0,1.0,4736,76,0.056035041924566,0.3868786757998168,722,EDFSMode.RANDOM
COMPLETED,0.92,1093.0,1.0,3822,19,0.318521816689521,0.3670313732624053,597,EDFSMode.RANDOM
COMPLETED,0.91,4181.0,0.99,715,99,0.5958796919360757,0.7205774683710187,355,EDFSMode.RANDOM
COMPLETED,0.92,454.0,1.0,2317,41,0.1777476142775267,0.1323696461487561,142,EDFSMode.RANDOM
COMPLETED,0.91,594.0,1.0,2629,10,0.2183170586396008,0.6518796396739781,262,EDFSMode.RANDOM
COMPLETED,0.9,679.0,0.7199999999999999,1008,31,0.2957415884733199,0.8533487335871905,694,EDFSMode.RANDOM
COMPLETED,0.93,2664.0,1.0,4155,52,0.5095026365928352,0.2498229479268193,485,EDFSMode.RANDOM
COMPLETED,0.7099999999999999,150.0,0.04,46,74,0.0827174961194395,0.8966152141336352,624,EDFSMode.RANDOM
COMPLETED,0.9,9826.0,0.79,1570,17,0.6295093748550861,0.4867611715029925,854,EDFSMode.RANDOM
COMPLETED,0.92,2726.0,1.0,3581,90,0.409642061272636,0.6010294799283146,170,EDFSMode.RANDOM
COMPLETED,0.91,372.0,1.0,3461,50,0.0292492457274347,0.7648413663096725,575,EDFSMode.RANDOM
COMPLETED,0.89,633.0,0.39,83,16,0.4809233591631054,0.7484275342952459,106,EDFSMode.RANDOM
COMPLETED,0.92,549.0,1.0,1053,84,0.1431639522761106,0.5025318925324826,311,EDFSMode.RANDOM
COMPLETED,0.69,2230.0,1.0,2028,26,0.5690929067935794,0.1004148528110235,547,EDFSMode.RANDOM
COMPLETED,0.8499999999999999,2086.0,1.0,2518,56,0.3453381010312587,0.987072274185717,757,EDFSMode.RANDOM
COMPLETED,0.91,1853.0,1.0,2968,25,0.5441172012779861,0.6199907338917255,418,EDFSMode.RANDOM
COMPLETED,0.8,1466.0,1.0,2205,95,0.2611584413927048,0.4833028407152742,659,EDFSMode.RANDOM
COMPLETED,0.92,1478.0,1.0,3865,67,0.2451347464658319,0.031722385238856,191,EDFSMode.RANDOM
COMPLETED,0.92,834.0,1.0,4767,35,0.382854798387736,0.2231902811825275,226,EDFSMode.RANDOM
COMPLETED,0.8,789.0,0.26,1271,1,0.1173311313446611,0.2686575155723839,672,EDFSMode.RANDOM
COMPLETED,0.9,915.0,1.0,3291,5,0.3024716674741357,0.0661582863479852,816,EDFSMode.RANDOM
COMPLETED,0.92,2306.0,1.0,1550,78,0.5184900391567498,0.9591356801893562,149,EDFSMode.RANDOM
COMPLETED,0.9,260.0,0.78,576,33,0.193737779866904,0.4254458729345351,371,EDFSMode.RANDOM
COMPLETED,0.9,2872.0,0.8699999999999999,873,64,0.4302600543238222,0.328467524042353,496,EDFSMode.RANDOM
COMPLETED,0.8699999999999999,271.0,1.0,3002,98,0.0720261946003884,0.1868013691268861,966,EDFSMode.RANDOM
COMPLETED,0.93,5610.0,1.0,2788,30,0.7542943560089916,0.3035981626845896,177,EDFSMode.RANDOM
COMPLETED,0.7199999999999999,118.0,1.0,2063,53,0.0353580393213778,0.6595638873670249,844,EDFSMode.RANDOM
COMPLETED,0.9,3339.0,0.8599999999999999,1167,8,0.7382702149413525,0.1950719071310013,609,EDFSMode.RANDOM
COMPLETED,0.92,6576.0,1.0,4309,87,0.4569415641874075,0.830283916823566,400,EDFSMode.RANDOM
COMPLETED,0.92,441.0,1.0,4635,18,0.170958525724709,0.9196766829825936,467,EDFSMode.RANDOM
COMPLETED,0.9,865.0,0.91,1724,46,0.3430420859102159,0.5933485504072159,938,EDFSMode.RANDOM
COMPLETED,0.92,10347.0,1.0,3739,73,0.6182644042801112,0.4473864000961184,254,EDFSMode.RANDOM
COMPLETED,0.91,470.0,1.0,1738,72,0.0305853453055024,0.0990676415394991,749,EDFSMode.RANDOM
COMPLETED,0.92,2152.0,1.0,4648,88,0.4832269354406744,0.3964654192216694,319,EDFSMode.RANDOM
COMPLETED,0.91,1545.0,1.0,4301,8,0.1447282435614615,0.3535493078902363,112,EDFSMode.RANDOM
COMPLETED,0.7399999999999999,786.0,1.0,2055,29,0.3478698578625917,0.1499938236717134,569,EDFSMode.RANDOM
COMPLETED,0.91,1722.0,1.0,2774,53,0.5665305725894868,0.762306320119649,328,EDFSMode.RANDOM
COMPLETED,0.9,606.0,1.0,2991,21,0.2585737406648695,0.6305853297524154,665,EDFSMode.RANDOM
COMPLETED,0.89,4459.0,1.0,2466,98,0.5466713246330618,0.2663337616492063,455,EDFSMode.RANDOM
COMPLETED,0.92,687.0,1.0,861,43,0.2435317915063351,0.8631913610454648,234,EDFSMode.RANDOM
COMPLETED,0.92,736.0,1.0,582,63,0.3805287384744733,0.8828710336256772,196,EDFSMode.RANDOM
COMPLETED,0.92,5158.0,0.96,1562,5,0.8297229208350181,0.4807525959964841,412,EDFSMode.RANDOM
COMPLETED,0.9,355.0,1.0,3297,78,0.1159868209175765,0.6184284232854843,653,EDFSMode.RANDOM
COMPLETED,0.91,1166.0,0.9,3255,1,0.5159586336612701,0.1844481699131429,274,EDFSMode.RANDOM
COMPLETED,0.89,5160.0,0.67,1284,80,0.3050334086827933,0.7904107169527559,958,EDFSMode.RANDOM
COMPLETED,0.93,638.0,1.0,4780,59,0.1953329998608678,0.7111324071735143,504,EDFSMode.RANDOM
COMPLETED,0.93,2622.0,1.0,3856,41,0.4325936075430363,0.5359283349178731,378,EDFSMode.RANDOM
COMPLETED,0.76,77.0,1.0,2196,25,0.0733932303227484,0.957604718407616,810,EDFSMode.RANDOM
COMPLETED,0.83,119.0,1.0,2508,26,0.0340446576029062,0.4460096245631575,930,EDFSMode.RANDOM
COMPLETED,0.69,10263.0,1.0,2021,56,0.755638073440641,0.5909800336938351,246,EDFSMode.RANDOM
COMPLETED,0.91,1175.0,0.98,1043,11,0.4546454886514693,0.0572898397836834,475,EDFSMode.RANDOM
COMPLETED,0.79,1602.0,0.11,89,93,0.1693865069095045,0.1937246363740414,406,EDFSMode.RANDOM
COMPLETED,0.92,7751.0,1.0,1693,50,0.6208494637794792,0.6570603089723736,171,EDFSMode.RANDOM
COMPLETED,0.91,2092.0,1.0,3468,70,0.3404873621240258,0.3020520618595182,838,EDFSMode.RANDOM
COMPLETED,0.93,631.0,1.0,3594,17,0.223094394378364,0.0915845587179064,343,EDFSMode.RANDOM
COMPLETED,0.69,1589.0,0.04,58,45,0.2694456418249756,0.4197554329726845,789,EDFSMode.RANDOM
COMPLETED,0.92,3245.0,1.0,4490,75,0.5515169050376862,0.5549816500283777,122,EDFSMode.RANDOM
COMPLETED,0.8699999999999999,224.0,0.5,999,52,0.1089505127537995,0.330255949942395,994,EDFSMode.RANDOM
COMPLETED,0.91,6564.0,0.92,1896,9,0.6812535514347255,0.8014484886024146,766,EDFSMode.RANDOM
COMPLETED,0.9,4957.0,1.0,2620,86,0.4048017843663692,0.1574802209474146,525,EDFSMode.RANDOM
COMPLETED,0.88,2822.0,1.0,2307,65,0.4902042340524494,0.6847582929451018,428,EDFSMode.RANDOM
COMPLETED,0.92,3367.0,1.0,708,19,0.7833999457005411,0.2125297559406608,206,EDFSMode.RANDOM
COMPLETED,0.91,390.0,1.0,3811,99,0.0062532898616045,0.8243380538374185,874,EDFSMode.RANDOM
COMPLETED,0.9,671.0,1.0,4743,6,0.3682482454385608,0.9217276850305498,910,EDFSMode.RANDOM
COMPLETED,0.91,5003.0,0.93,428,77,0.5930571665782481,0.0375065491516143,225,EDFSMode.RANDOM
COMPLETED,0.91,368.0,1.0,1403,34,0.1337973328493535,0.5642521456386894,440,EDFSMode.RANDOM
COMPLETED,0.92,1744.0,1.0,3413,37,0.4476682179234922,0.7666447751037775,133,EDFSMode.RANDOM
COMPLETED,0.78,729.0,0.26,542,3,0.0583766851630061,0.7190913883503526,604,EDFSMode.RANDOM
COMPLETED,0.93,1773.0,1.0,4010,24,0.5943229013923556,0.3844482347480952,519,EDFSMode.RANDOM
COMPLETED,0.9,1997.0,0.56,829,97,0.3201089466642588,0.5279736236799508,728,EDFSMode.RANDOM
COMPLETED,0.93,524.0,1.0,3114,69,0.1803174455054104,0.9813663605749608,284,EDFSMode.RANDOM
COMPLETED,0.89,708.0,1.0,2175,82,0.2157704248726367,0.4853388598691671,162,EDFSMode.RANDOM
COMPLETED,0.92,1970.0,1.0,1202,27,0.5111130848582834,0.8941562200728804,391,EDFSMode.RANDOM
COMPLETED,0.92,847.0,1.0,4265,54,0.2941614796388894,0.0026409782357513,633,EDFSMode.RANDOM
COMPLETED,0.92,286.0,1.0,4600,48,0.0804295106027275,0.2483692279830574,700,EDFSMode.RANDOM
COMPLETED,0.92,1157.0,1.0,1847,14,0.4083205895349383,0.2627271262351423,256,EDFSMode.RANDOM
COMPLETED,0.92,632.0,1.0,3672,9,0.3858525901455432,0.4925468169748782,557,EDFSMode.RANDOM
COMPLETED,0.91,445.0,1.0,293,30,0.1203360297530889,0.0097780305612832,116,EDFSMode.RANDOM
COMPLETED,0.9,8035.0,1.0,4220,45,0.5315883407481014,0.8437828537523746,988,EDFSMode.RANDOM
COMPLETED,0.93,750.0,1.0,1234,75,0.2580639411881566,0.2402627805527299,300,EDFSMode.RANDOM
COMPLETED,0.89,3831.0,1.0,2699,91,0.2420474161151796,0.2545393008701503,775,EDFSMode.RANDOM
COMPLETED,0.83,236.0,1.0,2385,60,0.1539657424148172,0.7740854633990674,642,EDFSMode.RANDOM
COMPLETED,0.8499999999999999,1462.0,0.4299999999999999,787,6,0.5738642995655536,0.3729426761399954,864,EDFSMode.RANDOM
COMPLETED,0.92,1652.0,1.0,4045,76,0.3561327213160693,0.7264830587878823,201,EDFSMode.RANDOM
COMPLETED,0.92,649.0,1.0,4976,21,0.0183649939037859,0.5196040331311524,216,EDFSMode.RANDOM
COMPLETED,0.91,3335.0,0.98,1480,43,0.4700320006888359,0.972954418255016,690,EDFSMode.RANDOM
COMPLETED,0.91,264.0,1.0,3178,38,0.1601642474811524,0.6766361469365655,826,EDFSMode.RANDOM
COMPLETED,0.89,339.0,0.65,464,23,0.3322396860457956,0.816165941921994,354,EDFSMode.RANDOM
COMPLETED,0.9,2734.0,0.99,3776,3,0.7590257745683193,0.0456934060193598,719,EDFSMode.RANDOM
COMPLETED,0.9,264.0,0.7299999999999999,750,80,0.0462497398369014,0.9289208990428596,513,EDFSMode.RANDOM
COMPLETED,0.88,6237.0,1.0,2272,37,0.7430096956361085,0.4654029333274811,292,EDFSMode.RANDOM
COMPLETED,0.8399999999999999,7261.0,0.99,2879,58,0.4678252062853425,0.5714039559289812,956,EDFSMode.RANDOM
COMPLETED,0.92,2204.0,1.0,2588,14,0.6432355870436876,0.9381961516290904,167,EDFSMode.RANDOM
COMPLETED,0.91,8977.0,0.98,1941,93,0.4272545759323984,0.0832306667473167,855,EDFSMode.RANDOM
COMPLETED,0.93,603.0,1.0,4187,71,0.069028774626553,0.4113277772031724,382,EDFSMode.RANDOM
COMPLETED,0.93,537.0,1.0,4523,28,0.3055584178417921,0.3377113813310861,485,EDFSMode.RANDOM
COMPLETED,0.9,346.0,1.0,3271,83,0.0407082755714654,0.8145124652385711,595,EDFSMode.RANDOM
COMPLETED,0.92,1972.0,1.0,1712,23,0.5327129184827208,0.1092134950757026,185,EDFSMode.RANDOM
COMPLETED,0.92,1100.0,1.0,1231,56,0.3977458813283592,0.573590741848573,426,EDFSMode.RANDOM
COMPLETED,0.77,109.0,0.07,68,27,0.1346468740962445,0.6317951872944831,482,EDFSMode.RANDOM
COMPLETED,0.9,675.0,1.0,3028,11,0.3036550056654959,0.8879413918312637,764,EDFSMode.RANDOM
COMPLETED,0.8399999999999999,527.0,1.0,2342,48,0.3528102403916418,0.4962614677157253,660,EDFSMode.RANDOM
COMPLETED,0.93,611.0,1.0,4657,15,0.2108574251625686,0.2398887723833322,378,EDFSMode.RANDOM
COMPLETED,0.92,5351.0,1.0,4139,93,0.4467887555025518,0.0571781577374786,548,EDFSMode.RANDOM
COMPLETED,0.79,4736.0,0.2399999999999999,685,2,0.9369048566669224,0.7690866587366909,930,EDFSMode.RANDOM
COMPLETED,0.91,365.0,1.0,1454,71,0.1167875478584319,0.2978390821069478,717,EDFSMode.RANDOM
COMPLETED,0.93,5100.0,1.0,3644,36,0.6246409864332527,0.5284390572458506,310,EDFSMode.RANDOM
COMPLETED,0.91,3095.0,1.0,3487,75,0.3384013640508055,0.1465663714017718,784,EDFSMode.RANDOM
COMPLETED,0.92,1004.0,1.0,841,89,0.2247723307292908,0.4029543228894472,165,EDFSMode.RANDOM
COMPLETED,0.91,2285.0,1.0,4295,5,0.7306956193540244,0.6733035070151091,574,EDFSMode.RANDOM
COMPLETED,0.91,731.0,0.99,440,16,0.495790163680911,0.3292818796541541,219,EDFSMode.RANDOM
COMPLETED,0.88,2235.0,1.0,2499,62,0.5752062566000968,0.8629192662984133,461,EDFSMode.RANDOM
COMPLETED,0.8499999999999999,171.0,1.0,2794,47,0.0672921689059585,0.0886056954115629,952,EDFSMode.RANDOM
COMPLETED,0.92,3203.0,1.0,2871,99,0.5188585988320409,0.2568103934526443,343,EDFSMode.RANDOM
COMPLETED,0.91,306.0,0.99,1916,9,0.0267932454571127,0.542658597022295,837,EDFSMode.RANDOM
COMPLETED,0.91,2696.0,1.0,4915,30,0.4121548729222268,0.7835650791283697,105,EDFSMode.RANDOM
COMPLETED,0.92,651.0,1.0,3869,51,0.1841421303600072,0.981743929505348,275,EDFSMode.RANDOM
COMPLETED,0.9,1124.0,1.0,1868,88,0.2546537127401679,0.7256129848416893,895,EDFSMode.RANDOM
COMPLETED,0.92,7293.0,1.0,3427,22,0.7625868952590971,0.4481060074921697,512,EDFSMode.RANDOM
COMPLETED,0.92,583.0,1.0,1766,39,0.199074622599408,0.8497748858015984,268,EDFSMode.RANDOM
COMPLETED,0.91,1124.0,1.0,3826,25,0.3641295287236571,0.6089959107264876,1000,EDFSMode.RANDOM
COMPLETED,0.91,475.0,1.0,4969,97,0.1049288418795913,0.6592777903061359,830,EDFSMode.RANDOM
COMPLETED,0.8599999999999999,1054.0,0.33,284,13,0.597020755501464,0.3896938268225639,420,EDFSMode.RANDOM
COMPLETED,0.78,1382.0,1.0,2030,66,0.4581230341643094,0.915532494418323,211,EDFSMode.RANDOM
COMPLETED,0.91,771.0,1.0,2715,80,0.3864419365208596,0.4614949995353818,311,EDFSMode.RANDOM
COMPLETED,0.79,134.0,0.2,381,59,0.0524757253155112,0.2049795410167425,931,EDFSMode.RANDOM
COMPLETED,0.92,3506.0,1.0,4446,49,0.5604241658486426,0.996044716162607,524,EDFSMode.RANDOM
COMPLETED,0.93,13937.0,1.0,4338,72,0.78438616588898,0.79658288205415,356,EDFSMode.RANDOM
COMPLETED,0.88,845.0,0.52,918,38,0.2923056139852851,0.0301913732662796,875,EDFSMode.RANDOM
COMPLETED,0.79,671.0,0.51,3584,1,0.1465206856578588,0.2707437980603426,143,EDFSMode.RANDOM
COMPLETED,0.92,1344.0,0.99,1556,6,0.431484116801992,0.173552388139069,443,EDFSMode.RANDOM
COMPLETED,0.92,354.0,1.0,4182,32,0.006939581695944,0.4300526499878615,724,EDFSMode.RANDOM
COMPLETED,0.8699999999999999,274.0,1.0,2229,77,0.1642734762690961,0.1235142817329615,385,EDFSMode.RANDOM
COMPLETED,0.91,721.0,1.0,3107,66,0.2446108889076858,0.5151785611789673,503,EDFSMode.RANDOM
COMPLETED,0.91,262.0,0.93,1153,21,0.0871761739570647,0.9464804028850048,617,EDFSMode.RANDOM
COMPLETED,0.92,463.0,1.0,3932,12,0.1226464896108955,0.7591154395677148,466,EDFSMode.RANDOM
COMPLETED,0.8599999999999999,297.0,1.0,2507,92,0.1289096953123807,0.1866236898489296,704,EDFSMode.RANDOM
COMPLETED,0.91,331.0,0.97,710,50,0.034758196555078,0.3713358862288296,366,EDFSMode.RANDOM
COMPLETED,0.89,228.0,0.7,1352,19,0.1744377823732793,0.4600579819865524,967,EDFSMode.RANDOM
COMPLETED,0.88,266.0,0.41,238,86,0.0771182872969657,0.5942191652990878,287,EDFSMode.RANDOM
COMPLETED,0.9,283.0,0.63,1023,69,0.1562780686281621,0.793883811281994,815,EDFSMode.RANDOM
COMPLETED,0.91,1093.0,1.0,4396,39,0.2473980306554585,0.3175346735473722,737,EDFSMode.RANDOM
COMPLETED,0.92,781.0,1.0,1812,18,0.3277427981104701,0.1937567928992211,229,EDFSMode.RANDOM
COMPLETED,0.92,449.0,1.0,2324,54,0.0975355365220457,0.0369617750272154,118,EDFSMode.RANDOM
COMPLETED,0.83,8223.0,0.97,2739,12,0.7519927511159331,0.5350030724294483,870,EDFSMode.RANDOM
COMPLETED,0.92,6029.0,1.0,3970,78,0.4538146946113556,0.4121888930145651,623,EDFSMode.RANDOM
COMPLETED,0.91,5925.0,0.99,977,33,0.6726224703472107,0.9082795254271476,363,EDFSMode.RANDOM
COMPLETED,0.89,4667.0,0.5899999999999999,818,65,0.4097603146005421,0.6230258332416415,675,EDFSMode.RANDOM
COMPLETED,0.92,6670.0,1.0,4123,20,0.6899684809613972,0.119137730974704,542,EDFSMode.RANDOM
COMPLETED,0.92,449.0,1.0,2893,93,0.017540409585461,0.9982524753455072,277,EDFSMode.RANDOM
COMPLETED,0.92,1280.0,1.0,3715,31,0.3096659531537443,0.7788407012280076,170,EDFSMode.RANDOM
COMPLETED,0.6,566.0,0.02,77,1,0.1405116872470826,0.6550632964633404,558,EDFSMode.RANDOM
COMPLETED,0.8499999999999999,9053.0,0.35,189,62,0.7212573525086045,0.3899594543874263,260,EDFSMode.RANDOM
COMPLETED,0.9,778.0,1.0,4755,4,0.3777157568112015,0.8821517571173608,955,EDFSMode.RANDOM
COMPLETED,0.92,373.0,1.0,1537,28,0.048846401784569,0.5088750494476407,448,EDFSMode.RANDOM
COMPLETED,0.92,854.0,1.0,1966,89,0.2791080330610275,0.7263319536987692,336,EDFSMode.RANDOM
COMPLETED,0.91,394.0,1.0,4246,68,0.171351321067661,0.8520578615292906,841,EDFSMode.RANDOM
COMPLETED,0.88,1253.0,0.64,1166,81,0.216625985302031,0.1753614173773676,907,EDFSMode.RANDOM
COMPLETED,0.89,831.0,1.0,2627,51,0.3583701804615557,0.3010878010913729,509,EDFSMode.RANDOM
COMPLETED,0.8599999999999999,1367.0,1.0,2437,9,0.5147870141007006,0.8010778116174042,698,EDFSMode.RANDOM
COMPLETED,0.92,342.0,1.0,3365,15,0.0661905051469802,0.4559241420291363,402,EDFSMode.RANDOM
COMPLETED,0.92,12700.0,1.0,4596,100,0.6412641328237951,0.5826364931184798,192,EDFSMode.RANDOM
COMPLETED,0.81,6246.0,0.2099999999999999,342,42,0.4858221465013921,0.0826469584759324,790,EDFSMode.RANDOM
COMPLETED,0.89,233.0,0.53,398,74,0.0121048126649111,0.3733406885415315,375,EDFSMode.RANDOM
COMPLETED,0.89,6878.0,1.0,3313,96,0.4307589744720607,0.2495663640070706,886,EDFSMode.RANDOM
COMPLETED,0.92,5084.0,1.0,1628,40,0.7119419881496578,0.7417296341266482,106,EDFSMode.RANDOM
COMPLETED,0.81,153.0,1.0,2572,34,0.1459474031385034,0.0304039156567305,994,EDFSMode.RANDOM
COMPLETED,0.91,5610.0,1.0,3841,55,0.5688753406722099,0.8977892902567982,725,EDFSMode.RANDOM
COMPLETED,0.91,458.0,1.0,1220,11,0.2886671743113547,0.4056274477876722,493,EDFSMode.RANDOM
COMPLETED,0.9,10323.0,0.63,749,94,0.5520167537163942,0.0672530851159244,574,EDFSMode.RANDOM
COMPLETED,0.93,955.0,1.0,4307,48,0.3332089779805392,0.5672121594976633,413,EDFSMode.RANDOM
COMPLETED,0.91,1117.0,0.99,1900,21,0.2264297157917171,0.9424352157451212,808,EDFSMode.RANDOM
COMPLETED,0.89,6307.0,0.78,1474,57,0.4483486337121576,0.7854060111492872,918,EDFSMode.RANDOM
COMPLETED,0.92,2252.0,0.99,3472,3,0.6661820380147546,0.2854464608840644,292,EDFSMode.RANDOM
COMPLETED,0.93,500.0,1.0,4819,88,0.1185037324149161,0.6616321624983103,527,EDFSMode.RANDOM
COMPLETED,0.88,940.0,0.47,122,84,0.3647214961759746,0.9237952286768704,129,EDFSMode.RANDOM
COMPLETED,0.9,3273.0,1.0,4941,27,0.5201634824983775,0.4277350490894168,853,EDFSMode.RANDOM
COMPLETED,0.91,389.0,1.0,3671,60,0.1945897804647684,0.5505225790292024,640,EDFSMode.RANDOM
COMPLETED,0.91,5754.0,0.97,1275,6,0.912382327929139,0.052511741887778,352,EDFSMode.RANDOM
COMPLETED,0.89,4095.0,1.0,2848,24,0.4794709497578442,0.7056120230592787,748,EDFSMode.RANDOM
COMPLETED,0.92,565.0,1.0,860,45,0.0882265910133719,0.8313339026104659,247,EDFSMode.RANDOM
COMPLETED,0.92,753.0,1.0,4042,7,0.0424647410623729,0.1337102573253214,209,EDFSMode.RANDOM
COMPLETED,0.81,703.0,1.0,2250,37,0.399721378698945,0.2594326127599924,603,EDFSMode.RANDOM
COMPLETED,0.91,459.0,1.0,1741,99,0.1777331007607281,0.4766514934767037,714,EDFSMode.RANDOM
COMPLETED,0.93,883.0,1.0,4470,71,0.257102292202413,0.1033783679455518,322,EDFSMode.RANDOM
COMPLETED,0.79,9941.0,0.28,588,14,0.600643887899816,0.6072360173873603,892,EDFSMode.RANDOM
COMPLETED,0.8599999999999999,748.0,0.47,582,57,0.2989662474580109,0.1294690749701112,619,EDFSMode.RANDOM
COMPLETED,0.92,1001.0,1.0,4513,11,0.5781845761723816,0.6294891851264983,373,EDFSMode.RANDOM
COMPLETED,0.92,1232.0,1.0,3126,76,0.1278628817722201,0.2532424514554441,108,EDFSMode.RANDOM
COMPLETED,0.92,1237.0,1.0,2700,40,0.4204751277379691,0.4726542069837451,226,EDFSMode.RANDOM
COMPLETED,0.9,209.0,0.75,1093,17,0.0302045604437589,0.0974316303376108,727,EDFSMode.RANDOM
COMPLETED,0.92,427.0,1.0,4163,29,0.1082198931165039,0.9299703977927564,568,EDFSMode.RANDOM
COMPLETED,0.77,1283.0,0.98,2049,3,0.4664483889266848,0.5547482970301061,173,EDFSMode.RANDOM
COMPLETED,0.93,816.0,1.0,1308,64,0.2367287815026938,0.7115432963129134,287,EDFSMode.RANDOM
COMPLETED,0.92,1159.0,1.0,4984,93,0.3151244491785764,0.8353161969147622,679,EDFSMode.RANDOM
COMPLETED,0.79,4062.0,0.11,115,48,0.534891606017947,0.3430935566127299,532,EDFSMode.RANDOM
COMPLETED,0.8,173.0,0.1799999999999999,307,90,0.078892609572038,0.5770421397946774,851,EDFSMode.RANDOM
COMPLETED,0.93,1985.0,1.0,3485,67,0.4965751511473208,0.9503157374914736,340,EDFSMode.RANDOM
COMPLETED,0.91,10468.0,0.92,1419,25,0.6539818224329501,0.4463968217689543,642,EDFSMode.RANDOM
COMPLETED,0.91,686.0,0.98,2976,6,0.2039085354935377,0.7954794151429087,458,EDFSMode.RANDOM
COMPLETED,0.92,2787.0,1.0,4363,84,0.5020846735928207,0.1658381402678787,249,EDFSMode.RANDOM
COMPLETED,0.8499999999999999,493.0,0.38,735,26,0.3476020683739334,0.669756580106914,959,EDFSMode.RANDOM
COMPLETED,0.92,8464.0,1.0,1207,72,0.6109524731393903,0.8615659103672951,203,EDFSMode.RANDOM
COMPLETED,0.91,882.0,1.0,3896,14,0.266421039795503,0.3654447024408727,787,EDFSMode.RANDOM
COMPLETED,0.88,247.0,1.0,2397,43,0.1606136655230075,0.2397213915213942,391,EDFSMode.RANDOM
COMPLETED,0.92,1097.0,1.0,1573,79,0.3903874046932905,0.0222645058594644,505,EDFSMode.RANDOM
COMPLETED,0.91,288.0,1.0,4635,54,0.059568949887529,0.3955385794397443,897,EDFSMode.RANDOM
COMPLETED,0.8699999999999999,6687.0,0.57,461,8,0.840726572940126,0.8936090247053652,314,EDFSMode.RANDOM
COMPLETED,0.92,1652.0,1.0,4543,32,0.443530847877264,0.1814147528856992,469,EDFSMode.RANDOM
COMPLETED,0.93,7839.0,1.0,3430,55,0.7691026612482965,0.810968465199694,238,EDFSMode.RANDOM
COMPLETED,0.9,206.0,0.8499999999999999,1668,12,0.1156352843008935,0.3051916854847222,976,EDFSMode.RANDOM
COMPLETED,0.82,2083.0,1.0,2489,74,0.3380418712571263,0.4622209012340754,862,EDFSMode.RANDOM
COMPLETED,0.92,909.0,1.0,2611,19,0.5548854379132389,0.966048451045528,123,EDFSMode.RANDOM
COMPLETED,0.93,1165.0,1.0,3803,96,0.2293135092891752,0.0869947387315332,358,EDFSMode.RANDOM
COMPLETED,0.9,277.0,0.5799999999999998,630,60,0.1508107529580593,0.878032408369705,544,EDFSMode.RANDOM
COMPLETED,0.91,1598.0,0.99,4269,1,0.991403367847204,0.3800533364508301,663,EDFSMode.RANDOM
COMPLETED,0.8699999999999999,1548.0,1.0,3077,85,0.2915814243517815,0.5028067217506467,943,EDFSMode.RANDOM
COMPLETED,0.7299999999999999,3297.0,1.0,2018,31,0.5737238191328942,0.0067754520848393,275,EDFSMode.RANDOM
COMPLETED,0.9,246.0,1.0,3589,50,0.0072565702870488,0.7219691812545062,825,EDFSMode.RANDOM
COMPLETED,0.83,1138.0,0.23,204,20,0.4278600698150694,0.8457456379700452,437,EDFSMode.RANDOM
COMPLETED,0.92,632.0,1.0,4902,23,0.1806700760964304,0.6147643611896783,265,EDFSMode.RANDOM
COMPLETED,0.91,1426.0,0.89,1391,46,0.2619886052589863,0.9880420169085264,772,EDFSMode.RANDOM
COMPLETED,0.77,150.0,1.0,2130,82,0.0395124203432351,0.7708231250382959,658,EDFSMode.RANDOM
COMPLETED,0.92,1608.0,1.0,4078,63,0.3948199582006782,0.645096261722967,153,EDFSMode.RANDOM
COMPLETED,0.8499999999999999,3522.0,0.4199999999999999,822,5,0.7393513915445655,0.1451675249133259,836,EDFSMode.RANDOM
COMPLETED,0.92,2515.0,1.0,981,99,0.4764881724957376,0.3277301397956907,298,EDFSMode.RANDOM
COMPLETED,0.88,222.0,1.0,2811,70,0.0832947139721363,0.2020028005968779,696,EDFSMode.RANDOM
COMPLETED,0.93,3296.0,1.0,1857,52,0.5250955993402749,0.5390460400190203,404,EDFSMode.RANDOM
COMPLETED,0.91,505.0,1.0,3240,9,0.3676889280546456,0.0469133454132825,579,EDFSMode.RANDOM
COMPLETED,0.92,382.0,1.0,472,35,0.1995065500643104,0.4201914770156144,191,EDFSMode.RANDOM
COMPLETED,0.91,1906.0,1.0,4445,21,0.3480519771706312,0.4974280784167349,113,EDFSMode.RANDOM
COMPLETED,0.92,676.0,1.0,1842,49,0.2110570582840591,0.122205022169277,615,EDFSMode.RANDOM
COMPLETED,0.92,752.0,1.0,3941,57,0.0715157853979617,0.2782656226307153,219,EDFSMode.RANDOM
COMPLETED,0.82,2743.0,0.38,1005,2,0.7902831801790743,0.7762450105659663,988,EDFSMode.RANDOM
COMPLETED,0.93,660.0,1.0,847,95,0.0591646478306502,0.6945583920348435,174,EDFSMode.RANDOM
COMPLETED,0.91,1749.0,1.0,2942,75,0.3832846447918564,0.8183327165693045,567,EDFSMode.RANDOM
COMPLETED,0.78,3629.0,1.0,2117,16,0.7278010878060012,0.3145045904926955,418,EDFSMode.RANDOM
COMPLETED,0.91,233.0,1.0,3685,10,0.16127672550641,0.9127527270056308,682,EDFSMode.RANDOM
COMPLETED,0.75,272.0,0.05,28,35,0.2737828030008822,0.5375291948746889,285,EDFSMode.RANDOM
COMPLETED,0.92,535.0,1.0,4725,38,0.0265889854840934,0.7977435181867331,345,EDFSMode.RANDOM
COMPLETED,0.89,2374.0,0.79,1488,7,0.4160049664229154,0.672021162752062,847,EDFSMode.RANDOM
COMPLETED,0.91,335.0,1.0,1994,71,0.13121946086362,0.579559829249978,964,EDFSMode.RANDOM
COMPLETED,0.92,3424.0,1.0,938,99,0.4009242708683014,0.7423820322751999,110,EDFSMode.RANDOM
COMPLETED,0.91,4967.0,1.0,4073,7,0.7650850623380393,0.4782029805220663,754,EDFSMode.RANDOM
COMPLETED,0.8499999999999999,1126.0,1.0,2651,73,0.2055441897828131,0.924446676917374,884,EDFSMode.RANDOM
COMPLETED,0.66,1239.0,1.0,2016,30,0.5667191516440361,0.1594421342611312,452,EDFSMode.RANDOM
COMPLETED,0.91,965.0,1.0,3741,44,0.2833166573643684,0.871751462066546,889,EDFSMode.RANDOM
COMPLETED,0.8499999999999999,159.0,0.25,160,17,0.1044429490417242,0.5529821093883365,316,EDFSMode.RANDOM
COMPLETED,0.92,974.0,1.0,4745,32,0.002835917584598,0.0013486032411456,195,EDFSMode.RANDOM
COMPLETED,0.9,849.0,0.83,1355,9,0.3230269294157624,0.3239950009696185,800,EDFSMode.RANDOM
COMPLETED,0.81,239.0,1.0,2451,76,0.1823917258772999,0.3806349645908921,974,EDFSMode.RANDOM
COMPLETED,0.92,1262.0,1.0,3086,19,0.5464934083428233,0.6448159217368811,334,EDFSMode.RANDOM
COMPLETED,0.92,2911.0,1.0,3962,54,0.4859545359853655,0.2024586765263229,232,EDFSMode.RANDOM
COMPLETED,0.89,224.0,0.68,670,55,0.034688869068399,0.2764006584938615,493,EDFSMode.RANDOM
COMPLETED,0.9,1835.0,1.0,2929,81,0.3529317328874021,0.0805533890221267,728,EDFSMode.RANDOM
COMPLETED,0.93,3839.0,1.0,1510,93,0.5124541328810154,0.8882540240436791,290,EDFSMode.RANDOM
COMPLETED,0.9,396.0,1.0,3395,11,0.1505311305150389,0.1562623588964343,595,EDFSMode.RANDOM
COMPLETED,0.89,2428.0,0.66,516,37,0.4560420886352658,0.4575963147990405,385,EDFSMode.RANDOM
COMPLETED,0.91,1285.0,1.0,1702,39,0.2375113774687051,0.6649906860198825,699,EDFSMode.RANDOM
COMPLETED,0.79,1448.0,1.0,2173,71,0.2532748050261288,0.601022146489471,624,EDFSMode.RANDOM
COMPLETED,0.92,1833.0,1.0,2697,5,0.6644672355651854,0.7685974421501159,138,EDFSMode.RANDOM
COMPLETED,0.82,227.0,0.26,403,94,0.0420816111732274,0.1320901584774255,789,EDFSMode.RANDOM
COMPLETED,0.93,1257.0,1.0,4366,65,0.3429227125830948,0.332905540915206,409,EDFSMode.RANDOM
COMPLETED,0.93,376.0,1.0,4933,39,0.154354297561571,0.4126987110804766,513,EDFSMode.RANDOM
COMPLETED,0.91,7446.0,0.99,1915,53,0.5309404179491102,0.5501531642507762,763,EDFSMode.RANDOM
COMPLETED,0.88,2919.0,0.5799999999999998,1086,17,0.4782350673377513,0.1144223948605358,893,EDFSMode.RANDOM
COMPLETED,0.91,983.0,1.0,3718,36,0.3835901759304106,0.5760016670301557,860,EDFSMode.RANDOM
COMPLETED,0.92,11314.0,1.0,642,75,0.7596451936196535,0.4618774016574025,208,EDFSMode.RANDOM
COMPLETED,0.88,522.0,0.99,2292,7,0.2470766234118491,0.9054050795082002,339,EDFSMode.RANDOM
COMPLETED,0.93,1210.0,1.0,1685,84,0.3128185557574033,0.8558188477065413,442,EDFSMode.RANDOM
COMPLETED,0.8,6856.0,0.1199999999999999,75,47,0.6967690297551453,0.2914472252093255,312,EDFSMode.RANDOM
COMPLETED,0.89,238.0,1.0,3073,61,0.0741083335559815,0.6862513764463364,963,EDFSMode.RANDOM
COMPLETED,0.91,11268.0,1.0,2870,45,0.7837277095206082,0.0656349511463195,413,EDFSMode.RANDOM
COMPLETED,0.81,4572.0,0.19,242,59,0.40835983598046,0.95931721672602,606,EDFSMode.RANDOM
COMPLETED,0.91,4337.0,0.96,1757,24,0.5856929960716515,0.3912003577500581,821,EDFSMode.RANDOM
COMPLETED,0.91,2160.0,1.0,3896,88,0.2086319718509912,0.505134686127305,114,EDFSMode.RANDOM
COMPLETED,0.93,883.0,1.0,4463,10,0.2724569321293383,0.7413583752997219,235,EDFSMode.RANDOM
COMPLETED,0.89,177.0,0.64,927,33,0.0969574486948549,0.7862049646805971,728,EDFSMode.RANDOM
COMPLETED,0.91,265.0,1.0,3256,13,0.0042308324575424,0.2779817943815142,564,EDFSMode.RANDOM
COMPLETED,0.9,559.0,1.0,2144,42,0.3670984997879713,0.2020081087425351,156,EDFSMode.RANDOM
COMPLETED,0.9,5918.0,1.0,4067,29,0.5533954997044057,0.9149644587002694,985,EDFSMode.RANDOM
COMPLETED,0.93,732.0,1.0,1538,68,0.1766095398552715,0.0603270053230226,277,EDFSMode.RANDOM
COMPLETED,0.82,4006.0,0.35,531,2,0.8140493339449167,0.6206470153238623,492,EDFSMode.RANDOM
COMPLETED,0.8599999999999999,8027.0,1.0,2610,91,0.4384673165548592,0.4832616247441619,686,EDFSMode.RANDOM
COMPLETED,0.92,562.0,1.0,2576,28,0.2288185951132327,0.1620533738583326,260,EDFSMode.RANDOM
COMPLETED,0.9,2971.0,0.8499999999999999,1422,7,0.4037060533501207,0.3666764487642794,753,EDFSMode.RANDOM
COMPLETED,0.92,4053.0,1.0,4791,18,0.7147530978806316,0.516367176843807,389,EDFSMode.RANDOM
COMPLETED,0.76,166.0,1.0,2106,79,0.0933420419674366,0.3809233313929289,646,EDFSMode.RANDOM
COMPLETED,0.92,1172.0,1.0,3142,52,0.2917269982248544,0.0866361977048218,153,EDFSMode.RANDOM
COMPLETED,0.91,1113.0,1.0,803,94,0.323994045484811,0.6074729869142174,303,EDFSMode.RANDOM
COMPLETED,0.8599999999999999,8788.0,1.0,2432,38,0.6846760664135217,0.041267311329022,454,EDFSMode.RANDOM
COMPLETED,0.91,508.0,1.0,4415,73,0.0629899535644799,0.9330080317799002,711,EDFSMode.RANDOM
COMPLETED,0.91,4853.0,1.0,3771,50,0.4961899578571319,0.8261596921291202,603,EDFSMode.RANDOM
COMPLETED,0.88,282.0,0.51,198,22,0.1344197317492216,0.6526637134812772,195,EDFSMode.RANDOM
COMPLETED,0.8699999999999999,12115.0,1.0,2903,83,0.5097580558992922,0.2599910443685948,839,EDFSMode.RANDOM
COMPLETED,0.91,718.0,1.0,3031,25,0.3461293335389346,0.98824160820432,544,EDFSMode.RANDOM
COMPLETED,0.91,231.0,0.8499999999999999,1568,46,0.0233421495854854,0.5379875849932431,924,EDFSMode.RANDOM
COMPLETED,0.92,7284.0,1.0,4038,57,0.6442839564997703,0.4258202119916677,224,EDFSMode.RANDOM
COMPLETED,0.8,9747.0,0.99,2250,71,0.4584629441667348,0.7067233820147812,806,EDFSMode.RANDOM
COMPLETED,0.88,1503.0,0.5799999999999998,755,12,0.5345582022350281,0.1443237890731543,627,EDFSMode.RANDOM
COMPLETED,0.93,618.0,1.0,3597,98,0.1584717613644897,0.7554383390080183,426,EDFSMode.RANDOM
COMPLETED,0.91,3430.0,1.0,3426,44,0.5646318950820715,0.6662512177173047,674,EDFSMode.RANDOM
COMPLETED,0.91,424.0,1.0,975,55,0.1888205111473798,0.3124335427824407,474,EDFSMode.RANDOM
COMPLETED,0.92,13194.0,1.0,1963,15,0.802748222131282,0.8670362867489457,294,EDFSMode.RANDOM
COMPLETED,0.9,11486.0,1.0,4902,76,0.4261916213911026,0.232470674611628,995,EDFSMode.RANDOM
COMPLETED,0.91,314.0,1.0,4258,3,0.1177443515695631,0.0315858587287366,877,EDFSMode.RANDOM
COMPLETED,0.8699999999999999,396.0,0.52,370,30,0.2536497045475989,0.4507127856817096,356,EDFSMode.RANDOM
COMPLETED,0.8599999999999999,793.0,1.0,2811,40,0.3035162047669291,0.3036517265308648,911,EDFSMode.RANDOM
COMPLETED,0.92,284.0,1.0,1347,19,0.065902038892731,0.2237187200486659,503,EDFSMode.RANDOM
COMPLETED,0.93,906.0,1.0,3666,21,0.521607231196016,0.1032514994535595,309,EDFSMode.RANDOM
COMPLETED,0.8499999999999999,272.0,0.38,726,82,0.1460261915978044,0.9970023517403752,953,EDFSMode.RANDOM
COMPLETED,0.92,533.0,1.0,4008,37,0.0357907549683004,0.7155056518428027,339,EDFSMode.RANDOM
COMPLETED,0.7299999999999999,460.0,0.07,121,10,0.3355348334126174,0.7641897953804582,832,EDFSMode.RANDOM
COMPLETED,0.89,218.0,1.0,2951,12,0.1859156235568225,0.6006303958594797,738,EDFSMode.RANDOM
COMPLETED,0.92,436.0,1.0,1401,83,0.0854375169184058,0.7152317334953695,380,EDFSMode.RANDOM
COMPLETED,0.92,622.0,0.67,284,16,0.5824179975371808,0.3864796725939959,210,EDFSMode.RANDOM
COMPLETED,0.92,1390.0,1.0,4422,58,0.2662892368007451,0.8700440692715345,563,EDFSMode.RANDOM
COMPLETED,0.91,315.0,1.0,3770,11,0.1412910775057971,0.99137337882258,754,EDFSMode.RANDOM
COMPLETED,0.93,2266.0,1.0,1977,35,0.4467708633989095,0.5929125268124043,514,EDFSMode.RANDOM
COMPLETED,0.91,1672.0,1.0,3122,22,0.4201780491080134,0.3243156218901276,428,EDFSMode.RANDOM
COMPLETED,0.91,823.0,0.92,1133,46,0.2276319573391228,0.231757389402017,611,EDFSMode.RANDOM
COMPLETED,0.92,1416.0,1.0,4776,28,0.55060259809345,0.6553813808877021,296,EDFSMode.RANDOM
COMPLETED,0.8599999999999999,1739.0,0.34,481,99,0.3667534442953765,0.1094534779116511,701,EDFSMode.RANDOM
COMPLETED,0.8399999999999999,7249.0,0.4799999999999999,1589,3,0.8640003750510514,0.8041545247472822,986,EDFSMode.RANDOM
COMPLETED,0.92,565.0,1.0,3698,75,0.049579308822751,0.4456602117624133,463,EDFSMode.RANDOM
COMPLETED,0.91,3641.0,0.99,3502,6,0.6914959331024438,0.6155674275811761,581,EDFSMode.RANDOM
COMPLETED,0.92,1736.0,1.0,1863,72,0.3761024755518883,0.1323231238909065,170,EDFSMode.RANDOM
COMPLETED,0.91,485.0,1.0,4894,97,0.1942756741289049,0.2834214288759976,860,EDFSMode.RANDOM
COMPLETED,0.91,1142.0,1.0,4221,49,0.337784241694957,0.4086491740681231,896,EDFSMode.RANDOM
COMPLETED,0.91,6307.0,0.91,1017,78,0.528435279920697,0.8298385837581008,545,EDFSMode.RANDOM
COMPLETED,0.91,281.0,1.0,2457,25,0.0313293668255209,0.0061054815668612,263,EDFSMode.RANDOM
COMPLETED,0.92,695.0,1.0,2642,32,0.1183413018565624,0.7668804814945906,124,EDFSMode.RANDOM
COMPLETED,0.8599999999999999,657.0,0.4099999999999999,683,8,0.3118605790678411,0.6780362797975539,813,EDFSMode.RANDOM
COMPLETED,0.93,13695.0,1.0,4042,66,0.6192316188719122,0.0697333972696214,402,EDFSMode.RANDOM
COMPLETED,0.5999999999999999,162.0,0.0,9,61,0.1581137928850948,0.551833932666108,947,EDFSMode.RANDOM
COMPLETED,0.93,2412.0,1.0,3235,85,0.4762611063644289,0.8921235070079565,313,EDFSMode.RANDOM
COMPLETED,0.89,598.0,1.0,3184,18,0.248212527545169,0.7216665760558097,940,EDFSMode.RANDOM
COMPLETED,0.8599999999999999,1069.0,0.3099999999999999,140,44,0.4329626812096685,0.8158076788038015,223,EDFSMode.RANDOM
COMPLETED,0.92,595.0,1.0,737,91,0.0370230859220027,0.94397831906192,186,EDFSMode.RANDOM
COMPLETED,0.81,624.0,1.0,2119,13,0.5377875689342618,0.1421662541870027,354,EDFSMode.RANDOM
COMPLETED,0.8399999999999999,1333.0,1.0,2508,65,0.3464013130329549,0.5944857139587402,848,EDFSMode.RANDOM
COMPLETED,0.9,2143.0,1.0,2940,45,0.5640759981106966,0.8783324789311737,441,EDFSMode.RANDOM
COMPLETED,0.82,1688.0,1.0,2395,80,0.2554843394774943,0.3636569485403597,987,EDFSMode.RANDOM
COMPLETED,0.89,11773.0,0.6199999999999999,1003,20,0.7565000146124511,0.5343917759284376,708,EDFSMode.RANDOM
COMPLETED,0.93,646.0,1.0,4362,54,0.066836681490764,0.2070199788231402,269,EDFSMode.RANDOM
COMPLETED,0.78,1611.0,0.65,4958,1,0.4652041729688644,0.0798239553757011,136,EDFSMode.RANDOM
COMPLETED,0.9,273.0,1.0,1720,27,0.1519284787140786,0.4918124125767499,797,EDFSMode.RANDOM
COMPLETED,0.91,922.0,1.0,3635,30,0.2932454076502472,0.1813990301415324,738,EDFSMode.RANDOM
COMPLETED,0.92,13292.0,1.0,1681,95,0.6086389507111161,0.5713435103613883,246,EDFSMode.RANDOM
COMPLETED,0.89,222.0,0.5799999999999998,621,4,0.107520165009424,0.2801064747180789,527,EDFSMode.RANDOM
COMPLETED,0.92,1444.0,1.0,1199,51,0.4868842905536294,0.4043786756172776,336,EDFSMode.RANDOM
COMPLETED,0.9,357.0,1.0,2980,77,0.176530981902033,0.0581166074033826,603,EDFSMode.RANDOM
COMPLETED,0.91,7425.0,1.0,2782,9,0.8974046174641698,0.4671987716704606,308,EDFSMode.RANDOM
COMPLETED,0.91,1122.0,1.0,1924,68,0.207015513697639,0.7947682444546371,689,EDFSMode.RANDOM
COMPLETED,0.93,1146.0,1.0,3900,94,0.396636349691078,0.6335649329088628,478,EDFSMode.RANDOM
COMPLETED,0.93,465.0,1.0,4478,41,0.0109325620010495,0.5102673488203436,387,EDFSMode.RANDOM
COMPLETED,0.9,454.0,0.96,1269,15,0.3251814416982233,0.9190252691321074,655,EDFSMode.RANDOM
COMPLETED,0.92,6473.0,1.0,3379,63,0.5078099766671657,0.3419747517537325,104,EDFSMode.RANDOM
COMPLETED,0.92,414.0,1.0,3434,12,0.3688583782557398,0.7833275909628717,498,EDFSMode.RANDOM
COMPLETED,0.89,8861.0,0.69,1325,66,0.5602541443910449,0.4557769118584692,936,EDFSMode.RANDOM
COMPLETED,0.77,120.0,0.13,198,38,0.0632584280651062,0.6304016703292727,766,EDFSMode.RANDOM
COMPLETED,0.92,10119.0,1.0,3840,43,0.7227130707912147,0.2411405299790203,198,EDFSMode.RANDOM
COMPLETED,0.9,8314.0,0.66,792,84,0.4065595975741744,0.5061485047694295,575,EDFSMode.RANDOM
COMPLETED,0.91,698.0,1.0,2761,59,0.2258318490572273,0.9066214349046348,364,EDFSMode.RANDOM
COMPLETED,0.8499999999999999,379.0,1.0,2338,99,0.1274974580947309,0.1782519587539136,451,EDFSMode.RANDOM
COMPLETED,0.9,2318.0,0.82,1219,2,0.6286200508642941,0.9703016308695078,280,EDFSMode.RANDOM
COMPLETED,0.91,7968.0,1.0,4111,73,0.4447955574970692,0.2686800940129905,717,EDFSMode.RANDOM
COMPLETED,0.92,330.0,1.0,4705,20,0.0873521402403712,0.3919586427621543,627,EDFSMode.RANDOM
COMPLETED,0.93,8221.0,1.0,566,55,0.7770097553245722,0.8440916398596018,132,EDFSMode.RANDOM
COMPLETED,0.93,719.0,1.0,1665,45,0.2797780751474201,0.05398351287283,416,EDFSMode.RANDOM
COMPLETED,0.91,12855.0,1.0,3617,79,0.5883602086752652,0.6934282998144626,793,EDFSMode.RANDOM
COMPLETED,0.92,686.0,1.0,3578,49,0.1716092731524258,0.368295208260417,250,EDFSMode.RANDOM
COMPLETED,0.79,4039.0,0.19,371,22,0.4781843048837036,0.2189653030317276,912,EDFSMode.RANDOM
COMPLETED,0.92,1556.0,1.0,4306,5,0.7992019235379993,0.6676852479819207,326,EDFSMode.RANDOM
COMPLETED,0.89,262.0,0.54,946,70,0.1163574356287717,0.0908136981129646,876,EDFSMode.RANDOM
COMPLETED,0.8299999999999998,10018.0,1.0,2377,29,0.6134785695597529,0.7606631576530635,593,EDFSMode.RANDOM
COMPLETED,0.92,1259.0,1.0,2925,95,0.2980602731220424,0.4954874915610998,158,EDFSMode.RANDOM
COMPLETED,0.88,1387.0,1.0,2566,16,0.518594571797177,0.0318082840666174,679,EDFSMode.RANDOM
COMPLETED,0.8399999999999999,588.0,1.0,2174,62,0.3359907753337174,0.7336280914563685,297,EDFSMode.RANDOM
COMPLETED,0.91,330.0,1.0,3957,88,0.0177194904889911,0.8204602113105357,959,EDFSMode.RANDOM
COMPLETED,0.93,861.0,1.0,4020,17,0.2613580159582197,0.5564388842601328,235,EDFSMode.RANDOM
COMPLETED,0.67,81.0,1.0,2034,41,0.076731826223433,0.904041233692318,924,EDFSMode.RANDOM
COMPLETED,0.8,806.0,0.5799999999999998,2869,3,0.0427217134963721,0.1359582063555717,785,EDFSMode.RANDOM
COMPLETED,0.91,778.0,0.7399999999999999,424,80,0.2384317788816988,0.420581180974841,285,EDFSMode.RANDOM
COMPLETED,0.91,326.0,1.0,1610,53,0.004935795282945,0.3201653732471168,590,EDFSMode.RANDOM
